Workbook

Sheet 12-18
A1: BẢNG TỔNG HỢP KHÁM SỨC KHỎE HỌC SINH
A2: (Khám sức khỏe học sinh năm học 2026-2027 ngày 15 tháng 9 năm 2026)
V3: NGÀY CÂN ĐO
A4: TÊN ĐƠN VỊ | C4: : TRƯỜNG MẦM NON TƯ THỤC MINH ANH | J4: LỚP | K4: NHÀ TRẺ 12-18 THÁNG | W4: 9 | X4: 2026
A5: ĐỊA CHỈ | C5: : SỐ 15/6 TRẦN ĐƯỜNG - PHƯỜNG TÂY NHA TRANG - KHÁNH HÒA
A8: STT | B8: HỌ VÀ TÊN | D8: NGÀY SINH | E8: GIỚI TÍNH | G8: TÌNH TRẠNG DINH DƯỠNG | L8: KHÁM CHUYÊN KHOA | R8: PHÂN LOẠI SỨC KHỎE | T8: THÁNG
E9: Nam | F9: Nữ | G9: Cân nặng (kg) | H9: Kết quả | I9: Chiều cao (cm) | J9: Kết quả | K9: Cân nặng theo chiều cao | L9: NHI KHOA | M9: TAI MŨI HỌNG | N9: MẮT | O9: CƠ XƯƠNG KHỚP | P9: RĂNG HÀM MẶT | Q9: CHUYÊN KHOA KHÁC | Y9: bt | Z9: SDDTNC | AA9: CNC | AB9: bt | AC9: SDDTTC | AD9: CHT | AE9: bt | AF9: TC | AG9: BP | AH9: SDDTGC | AI9: I | AJ9: II | AK9: III
A10: 1 | B10: Nguyễn Nhật | C10: Khang | D10: 45780 | E10: x | G10: 11.5 | H10: =IF(DATEDIF(D10,DATE($X$4,$W$4,$V$4),"m")<=60,LOOKUP(2,1/(G10>=INDEX(IF(E10="x",CNTT!$B$4:$E$64,CNTT!$F$4:$I$64),MATCH(DATEDIF(D10,DATE($X$4,$W$4,$V$4),"m"),CNTT!$A$4:$A$64,0),0)),CNTT!$B$3:$E$3),LOOKUP(2,1/(G10>=INDEX(IF(E10="x",CNTT!$B$70:$E$93,CNTT!$F$70:$I$93),MATCH(DATEDIF(D10,DATE($X$4,$W$4,$V$4),"m"),CNTT!$A$70:$A$93,0),0)),CNTT!$B$69:$E$69)) -> bt | I10: 78 | J10: =IF(DATEDIF(D10,DATE($X$4,$W$4,$V$4),"m")<=60,LOOKUP(2,1/(I10>=INDEX(IF(E10="x",CCTT!$B$4:$E$64,CCTT!$F$4:$I$64),MATCH(DATEDIF(D10,DATE($X$4,$W$4,$V$4),"m"),CCTT!$A$4:$A$64,0),0)),CCTT!$B$3:$E$3),LOOKUP(2,1/(I10>=INDEX(IF(E10="x",CCTT!$B$70:$E$93,CCTT!$F$70:$I$93),MATCH(DATEDIF(D10,DATE($X$4,$W$4,$V$4),"m"),CCTT!$A$70:$A$93,0),0)),CCTT!B$69:E$69)) -> bt | K10: bt | L10: Bt | M10: Bt | N10: Bt | O10: Bt | P10: Bt | Q10: Bt | R10: I | S10: =PROPER(B10) -> Nguyễn Nhật | T10: =DATEDIF(D10,DATE($X$4,$W$4,$V$4),"m") -> 15 | U10: =G10/(I10/100)^2 -> 18.902038 | Y10: =COUNTIF(H10:H19,Y9) -> 10 | Z10: =COUNTIF(H10:H19,Z9) -> 0 | AA10: =COUNTIF(H10:H19,AA9) -> 0 | AB10: =COUNTIF(J10:J19,AB9) -> 10 | AC10: =COUNTIF(J10:J19,AC9) -> 0 | AD10: =COUNTIF(J10:J19,AD9) -> 0 | AE10: =COUNTIF(K10:K19,AE9) -> 10 | AF10: =COUNTIF(K10:K19,AF9) -> 0 | AG10: =COUNTIF(K10:K19,AG9) -> 0 | AH10: =COUNTIF(K10:K19,AH9) -> 0 | AI10: =COUNTIF(R10:R19,AI9) -> 8 | AJ10: =COUNTIF(R10:R19,AJ9) -> 2 | AK10: =COUNTIF(R10:R19,AK9) -> 0
A11: 2 | B11: Vũ Diệp Nhã | C11: Kỳ | D11: 45865 | F11: x | G11: 8.2 | H11: =IF(DATEDIF(D11,DATE($X$4,$W$4,$V$4),"m")<=60,LOOKUP(2,1/(G11>=INDEX(IF(E11="x",CNTT!$B$4:$E$64,CNTT!$F$4:$I$64),MATCH(DATEDIF(D11,DATE($X$4,$W$4,$V$4),"m"),CNTT!$A$4:$A$64,0),0)),CNTT!$B$3:$E$3),LOOKUP(2,1/(G11>=INDEX(IF(E11="x",CNTT!$B$70:$E$93,CNTT!$F$70:$I$93),MATCH(DATEDIF(D11,DATE($X$4,$W$4,$V$4),"m"),CNTT!$A$70:$A$93,0),0)),CNTT!$B$69:$E$69)) -> bt | I11: 73 | J11: =IF(DATEDIF(D11,DATE($X$4,$W$4,$V$4),"m")<=60,LOOKUP(2,1/(I11>=INDEX(IF(E11="x",CCTT!$B$4:$E$64,CCTT!$F$4:$I$64),MATCH(DATEDIF(D11,DATE($X$4,$W$4,$V$4),"m"),CCTT!$A$4:$A$64,0),0)),CCTT!$B$3:$E$3),LOOKUP(2,1/(I11>=INDEX(IF(E11="x",CCTT!$B$70:$E$93,CCTT!$F$70:$I$93),MATCH(DATEDIF(D11,DATE($X$4,$W$4,$V$4),"m"),CCTT!$A$70:$A$93,0),0)),CCTT!B$69:E$69)) -> bt | K11: bt | L11: Bt | M11: Bt | N11: Bt | O11: Bt | P11: Bt | Q11: Bt | R11: I | S11: =PROPER(B11) -> Vũ Diệp Nhã | T11: =DATEDIF(D11,DATE($X$4,$W$4,$V$4),"m") -> 13 | U11: =G11/(I11/100)^2 -> 15.387502 | Y11: =SUM(Y10:AA10) -> 10
A12: 3 | B12: Trần Chí | C12: Kiên | D12: 45812 | E12: x | G12: 10.1 | H12: =IF(DATEDIF(D12,DATE($X$4,$W$4,$V$4),"m")<=60,LOOKUP(2,1/(G12>=INDEX(IF(E12="x",CNTT!$B$4:$E$64,CNTT!$F$4:$I$64),MATCH(DATEDIF(D12,DATE($X$4,$W$4,$V$4),"m"),CNTT!$A$4:$A$64,0),0)),CNTT!$B$3:$E$3),LOOKUP(2,1/(G12>=INDEX(IF(E12="x",CNTT!$B$70:$E$93,CNTT!$F$70:$I$93),MATCH(DATEDIF(D12,DATE($X$4,$W$4,$V$4),"m"),CNTT!$A$70:$A$93,0),0)),CNTT!$B$69:$E$69)) -> bt | I12: 79 | J12: =IF(DATEDIF(D12,DATE($X$4,$W$4,$V$4),"m")<=60,LOOKUP(2,1/(I12>=INDEX(IF(E12="x",CCTT!$B$4:$E$64,CCTT!$F$4:$I$64),MATCH(DATEDIF(D12,DATE($X$4,$W$4,$V$4),"m"),CCTT!$A$4:$A$64,0),0)),CCTT!$B$3:$E$3),LOOKUP(2,1/(I12>=INDEX(IF(E12="x",CCTT!$B$70:$E$93,CCTT!$F$70:$I$93),MATCH(DATEDIF(D12,DATE($X$4,$W$4,$V$4),"m"),CCTT!$A$70:$A$93,0),0)),CCTT!B$69:E$69)) -> bt | K12: bt | L12: Bt | M12: Bt | N12: Bt | O12: Bt | P12: Bt | Q12: Bt | R12: I | S12: =PROPER(B12) -> Trần Chí | T12: =DATEDIF(D12,DATE($X$4,$W$4,$V$4),"m") -> 14 | U12: =G12/(I12/100)^2 -> 16.183304 | Y12: =SUM(AB10:AD10) -> 10
A13: 4 | B13: Đỗ Hoàng Trà | C13: My | D13: 45719 | F13: x | G13: 8.2 | H13: =IF(DATEDIF(D13,DATE($X$4,$W$4,$V$4),"m")<=60,LOOKUP(2,1/(G13>=INDEX(IF(E13="x",CNTT!$B$4:$E$64,CNTT!$F$4:$I$64),MATCH(DATEDIF(D13,DATE($X$4,$W$4,$V$4),"m"),CNTT!$A$4:$A$64,0),0)),CNTT!$B$3:$E$3),LOOKUP(2,1/(G13>=INDEX(IF(E13="x",CNTT!$B$70:$E$93,CNTT!$F$70:$I$93),MATCH(DATEDIF(D13,DATE($X$4,$W$4,$V$4),"m"),CNTT!$A$70:$A$93,0),0)),CNTT!$B$69:$E$69)) -> bt | I13: 75 | J13: =IF(DATEDIF(D13,DATE($X$4,$W$4,$V$4),"m")<=60,LOOKUP(2,1/(I13>=INDEX(IF(E13="x",CCTT!$B$4:$E$64,CCTT!$F$4:$I$64),MATCH(DATEDIF(D13,DATE($X$4,$W$4,$V$4),"m"),CCTT!$A$4:$A$64,0),0)),CCTT!$B$3:$E$3),LOOKUP(2,1/(I13>=INDEX(IF(E13="x",CCTT!$B$70:$E$93,CCTT!$F$70:$I$93),MATCH(DATEDIF(D13,DATE($X$4,$W$4,$V$4),"m"),CCTT!$A$70:$A$93,0),0)),CCTT!B$69:E$69)) -> bt | K13: bt | L13: Bt | M13: VMH | N13: Bt | O13: Bt | P13: Bt | Q13: Bt | R13: II | S13: =PROPER(B13) -> Đỗ Hoàng Trà | T13: =DATEDIF(D13,DATE($X$4,$W$4,$V$4),"m") -> 17 | U13: =G13/(I13/100)^2 -> 14.577778 | Y13: =SUM(AE10:AH10) -> 10
A14: 5 | B14: Nguyễn Trúc | C14: Nghi | D14: 45744 | F14: x | G14: 9 | H14: =IF(DATEDIF(D14,DATE($X$4,$W$4,$V$4),"m")<=60,LOOKUP(2,1/(G14>=INDEX(IF(E14="x",CNTT!$B$4:$E$64,CNTT!$F$4:$I$64),MATCH(DATEDIF(D14,DATE($X$4,$W$4,$V$4),"m"),CNTT!$A$4:$A$64,0),0)),CNTT!$B$3:$E$3),LOOKUP(2,1/(G14>=INDEX(IF(E14="x",CNTT!$B$70:$E$93,CNTT!$F$70:$I$93),MATCH(DATEDIF(D14,DATE($X$4,$W$4,$V$4),"m"),CNTT!$A$70:$A$93,0),0)),CNTT!$B$69:$E$69)) -> bt | I14: 78 | J14: =IF(DATEDIF(D14,DATE($X$4,$W$4,$V$4),"m")<=60,LOOKUP(2,1/(I14>=INDEX(IF(E14="x",CCTT!$B$4:$E$64,CCTT!$F$4:$I$64),MATCH(DATEDIF(D14,DATE($X$4,$W$4,$V$4),"m"),CCTT!$A$4:$A$64,0),0)),CCTT!$B$3:$E$3),LOOKUP(2,1/(I14>=INDEX(IF(E14="x",CCTT!$B$70:$E$93,CCTT!$F$70:$I$93),MATCH(DATEDIF(D14,DATE($X$4,$W$4,$V$4),"m"),CCTT!$A$70:$A$93,0),0)),CCTT!B$69:E$69)) -> bt | K14: bt | L14: Bt | M14: Bt | N14: Bt | O14: Bt | P14: Bt | Q14: Bt | R14: I | S14: =PROPER(B14) -> Nguyễn Trúc | T14: =DATEDIF(D14,DATE($X$4,$W$4,$V$4),"m") -> 17 | U14: =G14/(I14/100)^2 -> 14.792899 | Y14: =SUM(AI10:AK10) -> 10
A15: 6 | B15: Võ Duy | C15: Thịnh | D15: 45887 | E15: x | G15: 10.4 | H15: =IF(DATEDIF(D15,DATE($X$4,$W$4,$V$4),"m")<=60,LOOKUP(2,1/(G15>=INDEX(IF(E15="x",CNTT!$B$4:$E$64,CNTT!$F$4:$I$64),MATCH(DATEDIF(D15,DATE($X$4,$W$4,$V$4),"m"),CNTT!$A$4:$A$64,0),0)),CNTT!$B$3:$E$3),LOOKUP(2,1/(G15>=INDEX(IF(E15="x",CNTT!$B$70:$E$93,CNTT!$F$70:$I$93),MATCH(DATEDIF(D15,DATE($X$4,$W$4,$V$4),"m"),CNTT!$A$70:$A$93,0),0)),CNTT!$B$69:$E$69)) -> bt | I15: 76 | J15: =IF(DATEDIF(D15,DATE($X$4,$W$4,$V$4),"m")<=60,LOOKUP(2,1/(I15>=INDEX(IF(E15="x",CCTT!$B$4:$E$64,CCTT!$F$4:$I$64),MATCH(DATEDIF(D15,DATE($X$4,$W$4,$V$4),"m"),CCTT!$A$4:$A$64,0),0)),CCTT!$B$3:$E$3),LOOKUP(2,1/(I15>=INDEX(IF(E15="x",CCTT!$B$70:$E$93,CCTT!$F$70:$I$93),MATCH(DATEDIF(D15,DATE($X$4,$W$4,$V$4),"m"),CCTT!$A$70:$A$93,0),0)),CCTT!B$69:E$69)) -> bt | K15: bt | L15: Bt | M15: Bt | N15: Bt | O15: Bt | P15: Bt | Q15: Bt | R15: I | S15: =PROPER(B15) -> Võ Duy | T15: =DATEDIF(D15,DATE($X$4,$W$4,$V$4),"m") -> 12 | U15: =G15/(I15/100)^2 -> 18.00554
A16: 7 | B16: Vòng Ngọc Cát | C16: Tường | D16: 45754 | E16: x | G16: 10 | H16: =IF(DATEDIF(D16,DATE($X$4,$W$4,$V$4),"m")<=60,LOOKUP(2,1/(G16>=INDEX(IF(E16="x",CNTT!$B$4:$E$64,CNTT!$F$4:$I$64),MATCH(DATEDIF(D16,DATE($X$4,$W$4,$V$4),"m"),CNTT!$A$4:$A$64,0),0)),CNTT!$B$3:$E$3),LOOKUP(2,1/(G16>=INDEX(IF(E16="x",CNTT!$B$70:$E$93,CNTT!$F$70:$I$93),MATCH(DATEDIF(D16,DATE($X$4,$W$4,$V$4),"m"),CNTT!$A$70:$A$93,0),0)),CNTT!$B$69:$E$69)) -> bt | I16: 76 | J16: =IF(DATEDIF(D16,DATE($X$4,$W$4,$V$4),"m")<=60,LOOKUP(2,1/(I16>=INDEX(IF(E16="x",CCTT!$B$4:$E$64,CCTT!$F$4:$I$64),MATCH(DATEDIF(D16,DATE($X$4,$W$4,$V$4),"m"),CCTT!$A$4:$A$64,0),0)),CCTT!$B$3:$E$3),LOOKUP(2,1/(I16>=INDEX(IF(E16="x",CCTT!$B$70:$E$93,CCTT!$F$70:$I$93),MATCH(DATEDIF(D16,DATE($X$4,$W$4,$V$4),"m"),CCTT!$A$70:$A$93,0),0)),CCTT!B$69:E$69)) -> bt | K16: bt | L16: Bt | M16: Bt | N16: Bt | O16: Bt | P16: Bt | Q16: Bt | R16: I | S16: =PROPER(B16) -> Vòng Ngọc Cát | T16: =DATEDIF(D16,DATE($X$4,$W$4,$V$4),"m") -> 16 | U16: =G16/(I16/100)^2 -> 17.313019
A17: 8 | B17: Đỗ Khánh | C17: Trân | D17: 45675 | F17: x | G17: 11.3 | H17: =IF(DATEDIF(D17,DATE($X$4,$W$4,$V$4),"m")<=60,LOOKUP(2,1/(G17>=INDEX(IF(E17="x",CNTT!$B$4:$E$64,CNTT!$F$4:$I$64),MATCH(DATEDIF(D17,DATE($X$4,$W$4,$V$4),"m"),CNTT!$A$4:$A$64,0),0)),CNTT!$B$3:$E$3),LOOKUP(2,1/(G17>=INDEX(IF(E17="x",CNTT!$B$70:$E$93,CNTT!$F$70:$I$93),MATCH(DATEDIF(D17,DATE($X$4,$W$4,$V$4),"m"),CNTT!$A$70:$A$93,0),0)),CNTT!$B$69:$E$69)) -> bt | I17: 84 | J17: =IF(DATEDIF(D17,DATE($X$4,$W$4,$V$4),"m")<=60,LOOKUP(2,1/(I17>=INDEX(IF(E17="x",CCTT!$B$4:$E$64,CCTT!$F$4:$I$64),MATCH(DATEDIF(D17,DATE($X$4,$W$4,$V$4),"m"),CCTT!$A$4:$A$64,0),0)),CCTT!$B$3:$E$3),LOOKUP(2,1/(I17>=INDEX(IF(E17="x",CCTT!$B$70:$E$93,CCTT!$F$70:$I$93),MATCH(DATEDIF(D17,DATE($X$4,$W$4,$V$4),"m"),CCTT!$A$70:$A$93,0),0)),CCTT!B$69:E$69)) -> bt | K17: bt | L17: Bt | M17: Bt | N17: Bt | O17: Bt | P17: Bt | Q17: Bt | R17: I | S17: =PROPER(B17) -> Đỗ Khánh | T17: =DATEDIF(D17,DATE($X$4,$W$4,$V$4),"m") -> 19 | U17: =G17/(I17/100)^2 -> 16.014739
A18: 9 | B18: Phan Nguyễn Phương | C18: Sam | D18: 45717 | F18: x | G18: 11.5 | H18: =IF(DATEDIF(D18,DATE($X$4,$W$4,$V$4),"m")<=60,LOOKUP(2,1/(G18>=INDEX(IF(E18="x",CNTT!$B$4:$E$64,CNTT!$F$4:$I$64),MATCH(DATEDIF(D18,DATE($X$4,$W$4,$V$4),"m"),CNTT!$A$4:$A$64,0),0)),CNTT!$B$3:$E$3),LOOKUP(2,1/(G18>=INDEX(IF(E18="x",CNTT!$B$70:$E$93,CNTT!$F$70:$I$93),MATCH(DATEDIF(D18,DATE($X$4,$W$4,$V$4),"m"),CNTT!$A$70:$A$93,0),0)),CNTT!$B$69:$E$69)) -> bt | I18: 78 | J18: =IF(DATEDIF(D18,DATE($X$4,$W$4,$V$4),"m")<=60,LOOKUP(2,1/(I18>=INDEX(IF(E18="x",CCTT!$B$4:$E$64,CCTT!$F$4:$I$64),MATCH(DATEDIF(D18,DATE($X$4,$W$4,$V$4),"m"),CCTT!$A$4:$A$64,0),0)),CCTT!$B$3:$E$3),LOOKUP(2,1/(I18>=INDEX(IF(E18="x",CCTT!$B$70:$E$93,CCTT!$F$70:$I$93),MATCH(DATEDIF(D18,DATE($X$4,$W$4,$V$4),"m"),CCTT!$A$70:$A$93,0),0)),CCTT!B$69:E$69)) -> bt | K18: bt | L18: Bt | M18: Bt | N18: Bt | O18: Bt | P18: Bt | Q18: Bt | R18: I | S18: =PROPER(B18) -> Phan Nguyễn Phương | T18: =DATEDIF(D18,DATE($X$4,$W$4,$V$4),"m") -> 17 | U18: =G18/(I18/100)^2 -> 18.902038
A19: 10 | B19: Dương Ngọc An | C19: Di | D19: 45861 | F19: x | G19: 11.7 | H19: =IF(DATEDIF(D19,DATE($X$4,$W$4,$V$4),"m")<=60,LOOKUP(2,1/(G19>=INDEX(IF(E19="x",CNTT!$B$4:$E$64,CNTT!$F$4:$I$64),MATCH(DATEDIF(D19,DATE($X$4,$W$4,$V$4),"m"),CNTT!$A$4:$A$64,0),0)),CNTT!$B$3:$E$3),LOOKUP(2,1/(G19>=INDEX(IF(E19="x",CNTT!$B$70:$E$93,CNTT!$F$70:$I$93),MATCH(DATEDIF(D19,DATE($X$4,$W$4,$V$4),"m"),CNTT!$A$70:$A$93,0),0)),CNTT!$B$69:$E$69)) -> bt | I19: 72 | J19: =IF(DATEDIF(D19,DATE($X$4,$W$4,$V$4),"m")<=60,LOOKUP(2,1/(I19>=INDEX(IF(E19="x",CCTT!$B$4:$E$64,CCTT!$F$4:$I$64),MATCH(DATEDIF(D19,DATE($X$4,$W$4,$V$4),"m"),CCTT!$A$4:$A$64,0),0)),CCTT!$B$3:$E$3),LOOKUP(2,1/(I19>=INDEX(IF(E19="x",CCTT!$B$70:$E$93,CCTT!$F$70:$I$93),MATCH(DATEDIF(D19,DATE($X$4,$W$4,$V$4),"m"),CCTT!$A$70:$A$93,0),0)),CCTT!B$69:E$69)) -> bt | K19: bt | L19: Bt | M19: VMH | N19: Bt | O19: Bt | P19: Bt | Q19: Bt | R19: II | S19: =PROPER(B19) -> Dương Ngọc An | T19: =DATEDIF(D19,DATE($X$4,$W$4,$V$4),"m") -> 13 | U19: =G19/(I19/100)^2 -> 22.569444
D21: GHI CHÚ CHỮ VIẾT TẮT:
A23: bt | C23: : Bình thường | I23: SDDTTC | L23: : Suy dinh dưỡng thể thấp còi
A24: SDDTNC | C24: : Suy dinh dưỡng thể nhẹ cân | I24: SDDTTCMĐN | L24: : Suy dinh dưỡng thể thấp còi mức độ nặng
A25: TC | C25: : Thừa cân | I25: SDDTGC | L25: : Suy dinh dưỡng thể gầy còm
A26: BP | C26: : Béo phì | I26: SDDTGCMĐN | L26: : Suy dinh dưỡng thể gầy còm mức độ nặng
A27: CNC | C27: : Cân nặng cao | I27: CHT | L27: : Cao hơn tuổi
A28: VP | C28: : Viêm phổi | I28: VMH | L28: : Viêm mũi họng
A29: Sr | C29: : Sâu răng | I29: VMXT | L29: : Viêm mũi xuất tiết
A30: VHHT | C30: : Viêm hô hấp trên | I30: TKX | L30: : Tật khúc xa

Sheet 19-24 a
A1: BẢNG TỔNG HỢP KHÁM SỨC KHỎE HỌC SINH
A2: (Khám sức khỏe học sinh năm học 2026-2027 ngày 15 tháng 9 năm 2026)
V3: NGÀY CÂN ĐO
A4: TÊN ĐƠN VỊ | C4: : TRƯỜNG MẦM NON TƯ THỤC MINH ANH | J4: LỚP | K4: NHÀ TRẺ 19-24 THÁNG A | W4: 9 | X4: 2026
A5: ĐỊA CHỈ | C5: : SỐ 15/6 TRẦN ĐƯỜNG - PHƯỜNG TÂY NHA TRANG - KHÁNH HÒA
A8: STT | B8: HỌ VÀ TÊN | D8: NGÀY SINH | E8: GIỚI TÍNH | G8: TÌNH TRẠNG DINH DƯỠNG | L8: KHÁM CHUYÊN KHOA | R8: PHÂN LOẠI SỨC KHỎE | T8: THÁNG
E9: Nam | F9: Nữ | G9: Cân nặng (kg) | H9: Kết quả | I9: Chiều cao (cm) | J9: Kết quả | K9: Cân nặng theo chiều cao | L9: NHI KHOA | M9: TAI MŨI HỌNG | N9: MẮT | O9: CƠ XƯƠNG KHỚP | P9: RĂNG HÀM MẶT | Q9: CHUYÊN KHOA KHÁC | Y9: bt | Z9: SDDTNC | AA9: CNC | AB9: bt | AC9: SDDTTC | AD9: CHT | AE9: bt | AF9: TC | AG9: BP | AH9: SDDTGC | AI9: I | AJ9: II | AK9: III
A10: 1 | B10: Nguyễn Ngọc Bảo | C10: Đan | D10: 45694 | F10: x | G10: 11 | H10: =IF(DATEDIF(D10,DATE($X$4,$W$4,$V$4),"m")<=60,LOOKUP(2,1/(G10>=INDEX(IF(E10="x",CNTT!$B$4:$E$64,CNTT!$F$4:$I$64),MATCH(DATEDIF(D10,DATE($X$4,$W$4,$V$4),"m"),CNTT!$A$4:$A$64,0),0)),CNTT!$B$3:$E$3),LOOKUP(2,1/(G10>=INDEX(IF(E10="x",CNTT!$B$70:$E$93,CNTT!$F$70:$I$93),MATCH(DATEDIF(D10,DATE($X$4,$W$4,$V$4),"m"),CNTT!$A$70:$A$93,0),0)),CNTT!$B$69:$E$69)) -> bt | I10: 79 | J10: =IF(DATEDIF(D10,DATE($X$4,$W$4,$V$4),"m")<=60,LOOKUP(2,1/(I10>=INDEX(IF(E10="x",CCTT!$B$4:$E$64,CCTT!$F$4:$I$64),MATCH(DATEDIF(D10,DATE($X$4,$W$4,$V$4),"m"),CCTT!$A$4:$A$64,0),0)),CCTT!$B$3:$E$3),LOOKUP(2,1/(I10>=INDEX(IF(E10="x",CCTT!$B$70:$E$93,CCTT!$F$70:$I$93),MATCH(DATEDIF(D10,DATE($X$4,$W$4,$V$4),"m"),CCTT!$A$70:$A$93,0),0)),CCTT!B$69:E$69)) -> bt | K10: bt | L10: Bt | M10: Bt | N10: Bt | O10: Bt | P10: Bt | Q10: Bt | R10: I | S10: =PROPER(B10) -> Nguyễn Ngọc Bảo | T10: =DATEDIF(D10,DATE($X$4,$W$4,$V$4),"m") -> 18 | U10: =G10/(I10/100)^2 -> 17.625381 | Y10: =COUNTIF(H10:H18,Y9) -> 9 | Z10: =COUNTIF(H10:H18,Z9) -> 0 | AA10: =COUNTIF(H10:H18,AA9) -> 0 | AB10: =COUNTIF(J10:J18,AB9) -> 9 | AC10: =COUNTIF(J10:J18,AC9) -> 0 | AD10: =COUNTIF(J10:J18,AD9) -> 0 | AE10: =COUNTIF(K10:K18,AE9) -> 9 | AF10: =COUNTIF(K10:K18,AF9) -> 0 | AG10: =COUNTIF(K10:K18,AG9) -> 0 | AH10: =COUNTIF(K10:K18,AH9) -> 0 | AI10: =COUNTIF(R10:R18,AI9) -> 6 | AJ10: =COUNTIF(R10:R18,AJ9) -> 3 | AK10: =COUNTIF(R10:R18,AK9) -> 0
A11: 2 | B11: Nguyễn Khả | C11: Hân | D11: 45570 | F11: x | G11: 11.4 | H11: =IF(DATEDIF(D11,DATE($X$4,$W$4,$V$4),"m")<=60,LOOKUP(2,1/(G11>=INDEX(IF(E11="x",CNTT!$B$4:$E$64,CNTT!$F$4:$I$64),MATCH(DATEDIF(D11,DATE($X$4,$W$4,$V$4),"m"),CNTT!$A$4:$A$64,0),0)),CNTT!$B$3:$E$3),LOOKUP(2,1/(G11>=INDEX(IF(E11="x",CNTT!$B$70:$E$93,CNTT!$F$70:$I$93),MATCH(DATEDIF(D11,DATE($X$4,$W$4,$V$4),"m"),CNTT!$A$70:$A$93,0),0)),CNTT!$B$69:$E$69)) -> bt | I11: 86 | J11: =IF(DATEDIF(D11,DATE($X$4,$W$4,$V$4),"m")<=60,LOOKUP(2,1/(I11>=INDEX(IF(E11="x",CCTT!$B$4:$E$64,CCTT!$F$4:$I$64),MATCH(DATEDIF(D11,DATE($X$4,$W$4,$V$4),"m"),CCTT!$A$4:$A$64,0),0)),CCTT!$B$3:$E$3),LOOKUP(2,1/(I11>=INDEX(IF(E11="x",CCTT!$B$70:$E$93,CCTT!$F$70:$I$93),MATCH(DATEDIF(D11,DATE($X$4,$W$4,$V$4),"m"),CCTT!$A$70:$A$93,0),0)),CCTT!B$69:E$69)) -> bt | K11: bt | L11: Bt | M11: Bt | N11: Bt | O11: Bt | P11: Bt | Q11: Bt | R11: I | S11: =PROPER(B11) -> Nguyễn Khả | T11: =DATEDIF(D11,DATE($X$4,$W$4,$V$4),"m") -> 22 | U11: =G11/(I11/100)^2 -> 15.413737 | Y11: =SUM(Y10:AA10) -> 9
A12: 3 | B12: Lê Bảo | C12: Long | D12: 45638 | E12: x | G12: 12.5 | H12: =IF(DATEDIF(D12,DATE($X$4,$W$4,$V$4),"m")<=60,LOOKUP(2,1/(G12>=INDEX(IF(E12="x",CNTT!$B$4:$E$64,CNTT!$F$4:$I$64),MATCH(DATEDIF(D12,DATE($X$4,$W$4,$V$4),"m"),CNTT!$A$4:$A$64,0),0)),CNTT!$B$3:$E$3),LOOKUP(2,1/(G12>=INDEX(IF(E12="x",CNTT!$B$70:$E$93,CNTT!$F$70:$I$93),MATCH(DATEDIF(D12,DATE($X$4,$W$4,$V$4),"m"),CNTT!$A$70:$A$93,0),0)),CNTT!$B$69:$E$69)) -> bt | I12: 86 | J12: =IF(DATEDIF(D12,DATE($X$4,$W$4,$V$4),"m")<=60,LOOKUP(2,1/(I12>=INDEX(IF(E12="x",CCTT!$B$4:$E$64,CCTT!$F$4:$I$64),MATCH(DATEDIF(D12,DATE($X$4,$W$4,$V$4),"m"),CCTT!$A$4:$A$64,0),0)),CCTT!$B$3:$E$3),LOOKUP(2,1/(I12>=INDEX(IF(E12="x",CCTT!$B$70:$E$93,CCTT!$F$70:$I$93),MATCH(DATEDIF(D12,DATE($X$4,$W$4,$V$4),"m"),CCTT!$A$70:$A$93,0),0)),CCTT!B$69:E$69)) -> bt | K12: bt | L12: Bt | M12: VMXT | N12: Bt | O12: Bt | P12: Bt | Q12: Bt | R12: II | S12: =PROPER(B12) -> Lê Bảo | T12: =DATEDIF(D12,DATE($X$4,$W$4,$V$4),"m") -> 20 | U12: =G12/(I12/100)^2 -> 16.901028 | Y12: =SUM(AB10:AD10) -> 9
A13: 4 | B13: Nguyễn Nhật | C13: Minh | D13: 45667 | E13: x | G13: 11.9 | H13: =IF(DATEDIF(D13,DATE($X$4,$W$4,$V$4),"m")<=60,LOOKUP(2,1/(G13>=INDEX(IF(E13="x",CNTT!$B$4:$E$64,CNTT!$F$4:$I$64),MATCH(DATEDIF(D13,DATE($X$4,$W$4,$V$4),"m"),CNTT!$A$4:$A$64,0),0)),CNTT!$B$3:$E$3),LOOKUP(2,1/(G13>=INDEX(IF(E13="x",CNTT!$B$70:$E$93,CNTT!$F$70:$I$93),MATCH(DATEDIF(D13,DATE($X$4,$W$4,$V$4),"m"),CNTT!$A$70:$A$93,0),0)),CNTT!$B$69:$E$69)) -> bt | I13: 79 | J13: =IF(DATEDIF(D13,DATE($X$4,$W$4,$V$4),"m")<=60,LOOKUP(2,1/(I13>=INDEX(IF(E13="x",CCTT!$B$4:$E$64,CCTT!$F$4:$I$64),MATCH(DATEDIF(D13,DATE($X$4,$W$4,$V$4),"m"),CCTT!$A$4:$A$64,0),0)),CCTT!$B$3:$E$3),LOOKUP(2,1/(I13>=INDEX(IF(E13="x",CCTT!$B$70:$E$93,CCTT!$F$70:$I$93),MATCH(DATEDIF(D13,DATE($X$4,$W$4,$V$4),"m"),CCTT!$A$70:$A$93,0),0)),CCTT!B$69:E$69)) -> bt | K13: bt | L13: Bt | M13: Bt | N13: Bt | O13: Bt | P13: Bt | Q13: Bt | R13: I | S13: =PROPER(B13) -> Nguyễn Nhật | T13: =DATEDIF(D13,DATE($X$4,$W$4,$V$4),"m") -> 19 | U13: =G13/(I13/100)^2 -> 19.067457 | Y13: =SUM(AE10:AH10) -> 9
A14: 5 | B14: Nguyễn Lê Kim | C14: Ngân | D14: 45695 | F14: x | G14: 9.1 | H14: =IF(DATEDIF(D14,DATE($X$4,$W$4,$V$4),"m")<=60,LOOKUP(2,1/(G14>=INDEX(IF(E14="x",CNTT!$B$4:$E$64,CNTT!$F$4:$I$64),MATCH(DATEDIF(D14,DATE($X$4,$W$4,$V$4),"m"),CNTT!$A$4:$A$64,0),0)),CNTT!$B$3:$E$3),LOOKUP(2,1/(G14>=INDEX(IF(E14="x",CNTT!$B$70:$E$93,CNTT!$F$70:$I$93),MATCH(DATEDIF(D14,DATE($X$4,$W$4,$V$4),"m"),CNTT!$A$70:$A$93,0),0)),CNTT!$B$69:$E$69)) -> bt | I14: 78 | J14: =IF(DATEDIF(D14,DATE($X$4,$W$4,$V$4),"m")<=60,LOOKUP(2,1/(I14>=INDEX(IF(E14="x",CCTT!$B$4:$E$64,CCTT!$F$4:$I$64),MATCH(DATEDIF(D14,DATE($X$4,$W$4,$V$4),"m"),CCTT!$A$4:$A$64,0),0)),CCTT!$B$3:$E$3),LOOKUP(2,1/(I14>=INDEX(IF(E14="x",CCTT!$B$70:$E$93,CCTT!$F$70:$I$93),MATCH(DATEDIF(D14,DATE($X$4,$W$4,$V$4),"m"),CCTT!$A$70:$A$93,0),0)),CCTT!B$69:E$69)) -> bt | K14: bt | L14: Bt | M14: Bt | N14: Bt | O14: Bt | P14: Bt | Q14: Bt | R14: I | S14: =PROPER(B14) -> Nguyễn Lê Kim | T14: =DATEDIF(D14,DATE($X$4,$W$4,$V$4),"m") -> 18 | U14: =G14/(I14/100)^2 -> 14.957265 | Y14: =SUM(AI10:AK10) -> 9
A15: 6 | B15: Nguyễn Trần Hạ | C15: Vi | D15: 45693 | F15: x | G15: 11.7 | H15: =IF(DATEDIF(D15,DATE($X$4,$W$4,$V$4),"m")<=60,LOOKUP(2,1/(G15>=INDEX(IF(E15="x",CNTT!$B$4:$E$64,CNTT!$F$4:$I$64),MATCH(DATEDIF(D15,DATE($X$4,$W$4,$V$4),"m"),CNTT!$A$4:$A$64,0),0)),CNTT!$B$3:$E$3),LOOKUP(2,1/(G15>=INDEX(IF(E15="x",CNTT!$B$70:$E$93,CNTT!$F$70:$I$93),MATCH(DATEDIF(D15,DATE($X$4,$W$4,$V$4),"m"),CNTT!$A$70:$A$93,0),0)),CNTT!$B$69:$E$69)) -> bt | I15: 80 | J15: =IF(DATEDIF(D15,DATE($X$4,$W$4,$V$4),"m")<=60,LOOKUP(2,1/(I15>=INDEX(IF(E15="x",CCTT!$B$4:$E$64,CCTT!$F$4:$I$64),MATCH(DATEDIF(D15,DATE($X$4,$W$4,$V$4),"m"),CCTT!$A$4:$A$64,0),0)),CCTT!$B$3:$E$3),LOOKUP(2,1/(I15>=INDEX(IF(E15="x",CCTT!$B$70:$E$93,CCTT!$F$70:$I$93),MATCH(DATEDIF(D15,DATE($X$4,$W$4,$V$4),"m"),CCTT!$A$70:$A$93,0),0)),CCTT!B$69:E$69)) -> bt | K15: bt | L15: Bt | M15: Bt | N15: Bt | O15: Bt | P15: Bt | Q15: Bt | R15: I | S15: =PROPER(B15) -> Nguyễn Trần Hạ | T15: =DATEDIF(D15,DATE($X$4,$W$4,$V$4),"m") -> 18 | U15: =G15/(I15/100)^2 -> 18.28125
A16: 7 | B16: Nguyễn Đăng | C16: Vỹ | D16: 45644 | E16: x | G16: 11.4 | H16: =IF(DATEDIF(D16,DATE($X$4,$W$4,$V$4),"m")<=60,LOOKUP(2,1/(G16>=INDEX(IF(E16="x",CNTT!$B$4:$E$64,CNTT!$F$4:$I$64),MATCH(DATEDIF(D16,DATE($X$4,$W$4,$V$4),"m"),CNTT!$A$4:$A$64,0),0)),CNTT!$B$3:$E$3),LOOKUP(2,1/(G16>=INDEX(IF(E16="x",CNTT!$B$70:$E$93,CNTT!$F$70:$I$93),MATCH(DATEDIF(D16,DATE($X$4,$W$4,$V$4),"m"),CNTT!$A$70:$A$93,0),0)),CNTT!$B$69:$E$69)) -> bt | I16: 84 | J16: =IF(DATEDIF(D16,DATE($X$4,$W$4,$V$4),"m")<=60,LOOKUP(2,1/(I16>=INDEX(IF(E16="x",CCTT!$B$4:$E$64,CCTT!$F$4:$I$64),MATCH(DATEDIF(D16,DATE($X$4,$W$4,$V$4),"m"),CCTT!$A$4:$A$64,0),0)),CCTT!$B$3:$E$3),LOOKUP(2,1/(I16>=INDEX(IF(E16="x",CCTT!$B$70:$E$93,CCTT!$F$70:$I$93),MATCH(DATEDIF(D16,DATE($X$4,$W$4,$V$4),"m"),CCTT!$A$70:$A$93,0),0)),CCTT!B$69:E$69)) -> bt | K16: bt | L16: Bt | M16: VMXT | N16: Bt | O16: Bt | P16: Bt | Q16: Bt | R16: II | S16: =PROPER(B16) -> Nguyễn Đăng | T16: =DATEDIF(D16,DATE($X$4,$W$4,$V$4),"m") -> 20 | U16: =G16/(I16/100)^2 -> 16.156463
A17: 8 | B17: Nguyễn Ngọc Ánh | C17: Xuân | D17: 45686 | F17: x | G17: 10.3 | H17: =IF(DATEDIF(D17,DATE($X$4,$W$4,$V$4),"m")<=60,LOOKUP(2,1/(G17>=INDEX(IF(E17="x",CNTT!$B$4:$E$64,CNTT!$F$4:$I$64),MATCH(DATEDIF(D17,DATE($X$4,$W$4,$V$4),"m"),CNTT!$A$4:$A$64,0),0)),CNTT!$B$3:$E$3),LOOKUP(2,1/(G17>=INDEX(IF(E17="x",CNTT!$B$70:$E$93,CNTT!$F$70:$I$93),MATCH(DATEDIF(D17,DATE($X$4,$W$4,$V$4),"m"),CNTT!$A$70:$A$93,0),0)),CNTT!$B$69:$E$69)) -> bt | I17: 81 | J17: =IF(DATEDIF(D17,DATE($X$4,$W$4,$V$4),"m")<=60,LOOKUP(2,1/(I17>=INDEX(IF(E17="x",CCTT!$B$4:$E$64,CCTT!$F$4:$I$64),MATCH(DATEDIF(D17,DATE($X$4,$W$4,$V$4),"m"),CCTT!$A$4:$A$64,0),0)),CCTT!$B$3:$E$3),LOOKUP(2,1/(I17>=INDEX(IF(E17="x",CCTT!$B$70:$E$93,CCTT!$F$70:$I$93),MATCH(DATEDIF(D17,DATE($X$4,$W$4,$V$4),"m"),CCTT!$A$70:$A$93,0),0)),CCTT!B$69:E$69)) -> bt | K17: bt | L17: Bt | M17: VMXT | N17: Bt | O17: Bt | P17: Bt | Q17: Bt | R17: II | S17: =PROPER(B17) -> Nguyễn Ngọc Ánh | T17: =DATEDIF(D17,DATE($X$4,$W$4,$V$4),"m") -> 19 | U17: =G17/(I17/100)^2 -> 15.698826
A18: 9 | B18: Lã Trương Minh | C18: Khải | D18: 45734 | E18: x | G18: 11.1 | H18: =IF(DATEDIF(D18,DATE($X$4,$W$4,$V$4),"m")<=60,LOOKUP(2,1/(G18>=INDEX(IF(E18="x",CNTT!$B$4:$E$64,CNTT!$F$4:$I$64),MATCH(DATEDIF(D18,DATE($X$4,$W$4,$V$4),"m"),CNTT!$A$4:$A$64,0),0)),CNTT!$B$3:$E$3),LOOKUP(2,1/(G18>=INDEX(IF(E18="x",CNTT!$B$70:$E$93,CNTT!$F$70:$I$93),MATCH(DATEDIF(D18,DATE($X$4,$W$4,$V$4),"m"),CNTT!$A$70:$A$93,0),0)),CNTT!$B$69:$E$69)) -> bt | I18: 86 | J18: =IF(DATEDIF(D18,DATE($X$4,$W$4,$V$4),"m")<=60,LOOKUP(2,1/(I18>=INDEX(IF(E18="x",CCTT!$B$4:$E$64,CCTT!$F$4:$I$64),MATCH(DATEDIF(D18,DATE($X$4,$W$4,$V$4),"m"),CCTT!$A$4:$A$64,0),0)),CCTT!$B$3:$E$3),LOOKUP(2,1/(I18>=INDEX(IF(E18="x",CCTT!$B$70:$E$93,CCTT!$F$70:$I$93),MATCH(DATEDIF(D18,DATE($X$4,$W$4,$V$4),"m"),CCTT!$A$70:$A$93,0),0)),CCTT!B$69:E$69)) -> bt | K18: =IF(DATEDIF(D18,DATE($X$4,$W$4,$V$4),"m")<24,LOOKUP(2,1/(G18>=INDEX(IF(E18="x",CNTCC!$B$4:$F$134,CNTCC!$F$4),MATCH(I18,CNTCC!$A$4:$A$134,0),0)),CNTCC!$B$3:$F$3),IF(AND(DATEDIF(D18,DATE($X$4,$W$4,$V$4),"m")>=24,DATEDIF(D18,DATE($X$4,$W$4,$V$4),"m")<=60),LOOKUP(2,1/(G18>=INDEX(IF(E18="x",CNTCC!$B$141:$F$251,CNTCC!$G$141:$K$251),MATCH(I18,CNTCC!$A$141:$A$251,0),0)),CNTCC!$B$140:$F$140),0)) -> bt | L18: Bt | M18: Bt | N18: Bt | O18: Bt | P18: Bt | Q18: Bt | R18: I | S18: =PROPER(B18) -> Lã Trương Minh | T18: =DATEDIF(D18,DATE($X$4,$W$4,$V$4),"m") -> 17 | U18: =G18/(I18/100)^2 -> 15.008112
D20: GHI CHÚ CHỮ VIẾT TẮT:
A22: bt | C22: : Bình thường | I22: SDDTTC | L22: : Suy dinh dưỡng thể thấp còi
A23: SDDTNC | C23: : Suy dinh dưỡng thể nhẹ cân | I23: SDDTTCMĐN | L23: : Suy dinh dưỡng thể thấp còi mức độ nặng
A24: TC | C24: : Thừa cân | I24: SDDTGC | L24: : Suy dinh dưỡng thể gầy còm
A25: BP | C25: : Béo phì | I25: SDDTGCMĐN | L25: : Suy dinh dưỡng thể gầy còm mức độ nặng
A26: CNC | C26: : Cân nặng cao | I26: CHT | L26: : Cao hơn tuổi
A27: VP | C27: : Viêm phổi | I27: VMH | L27: : Viêm mũi họng
A28: Sr | C28: : Sâu răng | I28: VMXT | L28: : Viêm mũi xuất tiết
A29: VHHT | C29: : Viêm hô hấp trên | I29: TKX | L29: : Tật khúc xa

Sheet 19-24 B
A1: BẢNG TỔNG HỢP KHÁM SỨC KHỎE HỌC SINH
A2: (Khám sức khỏe học sinh năm học 2026-2027 ngày 15 tháng 9 năm 2026)
V3: NGÀY CÂN ĐO
A4: TÊN ĐƠN VỊ | C4: : TRƯỜNG MẦM NON TƯ THỤC MINH ANH | J4: LỚP | K4: NHÀ TRẺ 19-24 THÁNG B | W4: 9 | X4: 2026
A5: ĐỊA CHỈ | C5: : SỐ 15/6 TRẦN ĐƯỜNG - PHƯỜNG TÂY NHA TRANG - KHÁNH HÒA
A8: STT | B8: HỌ VÀ TÊN | D8: NGÀY SINH | E8: GIỚI TÍNH | G8: TÌNH TRẠNG DINH DƯỠNG | L8: KHÁM CHUYÊN KHOA | R8: PHÂN LOẠI SỨC KHỎE | T8: THÁNG
E9: Nam | F9: Nữ | G9: Cân nặng (kg) | H9: Kết quả | I9: Chiều cao (cm) | J9: Kết quả | K9: Cân nặng theo chiều cao | L9: NHI KHOA | M9: TAI MŨI HỌNG | N9: MẮT | O9: CƠ XƯƠNG KHỚP | P9: RĂNG HÀM MẶT | Q9: CHUYÊN KHOA KHÁC | Y9: bt | Z9: SDDTNC | AA9: CNC | AB9: bt | AC9: SDDTTC | AD9: CHT | AE9: bt | AF9: TC | AG9: BP | AH9: SDDTGC | AI9: I | AJ9: II | AK9: III
A10: 1 | B10: Trương Ng. Khánh | C10: An | D10: 25/12/2024 | F10: x | G10: 10.1 | H10: =IF(DATEDIF(D10,DATE($X$4,$W$4,$V$4),"m")<=60,LOOKUP(2,1/(G10>=INDEX(IF(E10="x",CNTT!$B$4:$E$64,CNTT!$F$4:$I$64),MATCH(DATEDIF(D10,DATE($X$4,$W$4,$V$4),"m"),CNTT!$A$4:$A$64,0),0)),CNTT!$B$3:$E$3),LOOKUP(2,1/(G10>=INDEX(IF(E10="x",CNTT!$B$70:$E$93,CNTT!$F$70:$I$93),MATCH(DATEDIF(D10,DATE($X$4,$W$4,$V$4),"m"),CNTT!$A$70:$A$93,0),0)),CNTT!$B$69:$E$69)) -> bt | I10: 77 | J10: =IF(DATEDIF(D10,DATE($X$4,$W$4,$V$4),"m")<=60,LOOKUP(2,1/(I10>=INDEX(IF(E10="x",CCTT!$B$4:$E$64,CCTT!$F$4:$I$64),MATCH(DATEDIF(D10,DATE($X$4,$W$4,$V$4),"m"),CCTT!$A$4:$A$64,0),0)),CCTT!$B$3:$E$3),LOOKUP(2,1/(I10>=INDEX(IF(E10="x",CCTT!$B$70:$E$93,CCTT!$F$70:$I$93),MATCH(DATEDIF(D10,DATE($X$4,$W$4,$V$4),"m"),CCTT!$A$70:$A$93,0),0)),CCTT!B$69:E$69)) -> bt | K10: bt | L10: Bt | M10: Bt | N10: Bt | O10: Bt | P10: Bt | Q10: Bt | R10: I | S10: =PROPER(B10) -> Trương Ng. Khánh | T10: =DATEDIF(D10,DATE($X$4,$W$4,$V$4),"m") -> 20 | U10: =G10/(I10/100)^2 -> 17.034913 | Y10: =COUNTIF(H10:H22,Y9) -> 13 | Z10: =COUNTIF(H10:H22,Z9) -> 0 | AA10: =COUNTIF(H10:H22,AA9) -> 0 | AB10: =COUNTIF(J10:J22,AB9) -> 13 | AC10: =COUNTIF(J10:J22,AC9) -> 0 | AD10: =COUNTIF(J10:J22,AD9) -> 0 | AE10: =COUNTIF(K10:K22,AE9) -> 13 | AF10: =COUNTIF(K10:K22,AF9) -> 0 | AG10: =COUNTIF(K10:K22,AG9) -> 0 | AH10: =COUNTIF(K10:K22,AH9) -> 0 | AI10: =COUNTIF(R10:R22,AI9) -> 12 | AJ10: =COUNTIF(R10:R22,AJ9) -> 1 | AK10: =COUNTIF(R10:R22,AK9) -> 0
A11: 2 | B11: Đặng Nguyễn Minh | C11: Khang | D11: 45684 | E11: x | G11: 12 | H11: =IF(DATEDIF(D11,DATE($X$4,$W$4,$V$4),"m")<=60,LOOKUP(2,1/(G11>=INDEX(IF(E11="x",CNTT!$B$4:$E$64,CNTT!$F$4:$I$64),MATCH(DATEDIF(D11,DATE($X$4,$W$4,$V$4),"m"),CNTT!$A$4:$A$64,0),0)),CNTT!$B$3:$E$3),LOOKUP(2,1/(G11>=INDEX(IF(E11="x",CNTT!$B$70:$E$93,CNTT!$F$70:$I$93),MATCH(DATEDIF(D11,DATE($X$4,$W$4,$V$4),"m"),CNTT!$A$70:$A$93,0),0)),CNTT!$B$69:$E$69)) -> bt | I11: 81 | J11: =IF(DATEDIF(D11,DATE($X$4,$W$4,$V$4),"m")<=60,LOOKUP(2,1/(I11>=INDEX(IF(E11="x",CCTT!$B$4:$E$64,CCTT!$F$4:$I$64),MATCH(DATEDIF(D11,DATE($X$4,$W$4,$V$4),"m"),CCTT!$A$4:$A$64,0),0)),CCTT!$B$3:$E$3),LOOKUP(2,1/(I11>=INDEX(IF(E11="x",CCTT!$B$70:$E$93,CCTT!$F$70:$I$93),MATCH(DATEDIF(D11,DATE($X$4,$W$4,$V$4),"m"),CCTT!$A$70:$A$93,0),0)),CCTT!B$69:E$69)) -> bt | K11: =IF(DATEDIF(D11,DATE($X$4,$W$4,$V$4),"m")<24,LOOKUP(2,1/(G11>=INDEX(IF(E11="x",CNTCC!$B$4:$F$134,CNTCC!$F$4),MATCH(I11,CNTCC!$A$4:$A$134,0),0)),CNTCC!$B$3:$F$3),IF(AND(DATEDIF(D11,DATE($X$4,$W$4,$V$4),"m")>=24,DATEDIF(D11,DATE($X$4,$W$4,$V$4),"m")<=60),LOOKUP(2,1/(G11>=INDEX(IF(E11="x",CNTCC!$B$141:$F$251,CNTCC!$G$141:$K$251),MATCH(I11,CNTCC!$A$141:$A$251,0),0)),CNTCC!$B$140:$F$140),0)) -> bt | L11: Bt | M11: Bt | N11: Bt | O11: Bt | P11: Bt | Q11: Bt | R11: I | S11: =PROPER(B11) -> Đặng Nguyễn Minh | T11: =DATEDIF(D11,DATE($X$4,$W$4,$V$4),"m") -> 19 | U11: =G11/(I11/100)^2 -> 18.289895 | Y11: =SUM(Y10:AA10) -> 13
A12: 3 | B12: Mai Hưng | C12: Khôi | D12: 45562 | E12: x | G12: 11.3 | H12: =IF(DATEDIF(D12,DATE($X$4,$W$4,$V$4),"m")<=60,LOOKUP(2,1/(G12>=INDEX(IF(E12="x",CNTT!$B$4:$E$64,CNTT!$F$4:$I$64),MATCH(DATEDIF(D12,DATE($X$4,$W$4,$V$4),"m"),CNTT!$A$4:$A$64,0),0)),CNTT!$B$3:$E$3),LOOKUP(2,1/(G12>=INDEX(IF(E12="x",CNTT!$B$70:$E$93,CNTT!$F$70:$I$93),MATCH(DATEDIF(D12,DATE($X$4,$W$4,$V$4),"m"),CNTT!$A$70:$A$93,0),0)),CNTT!$B$69:$E$69)) -> bt | I12: 82 | J12: =IF(DATEDIF(D12,DATE($X$4,$W$4,$V$4),"m")<=60,LOOKUP(2,1/(I12>=INDEX(IF(E12="x",CCTT!$B$4:$E$64,CCTT!$F$4:$I$64),MATCH(DATEDIF(D12,DATE($X$4,$W$4,$V$4),"m"),CCTT!$A$4:$A$64,0),0)),CCTT!$B$3:$E$3),LOOKUP(2,1/(I12>=INDEX(IF(E12="x",CCTT!$B$70:$E$93,CCTT!$F$70:$I$93),MATCH(DATEDIF(D12,DATE($X$4,$W$4,$V$4),"m"),CCTT!$A$70:$A$93,0),0)),CCTT!B$69:E$69)) -> bt | K12: =IF(DATEDIF(D12,DATE($X$4,$W$4,$V$4),"m")<24,LOOKUP(2,1/(G12>=INDEX(IF(E12="x",CNTCC!$B$4:$F$134,CNTCC!$F$4),MATCH(I12,CNTCC!$A$4:$A$134,0),0)),CNTCC!$B$3:$F$3),IF(AND(DATEDIF(D12,DATE($X$4,$W$4,$V$4),"m")>=24,DATEDIF(D12,DATE($X$4,$W$4,$V$4),"m")<=60),LOOKUP(2,1/(G12>=INDEX(IF(E12="x",CNTCC!$B$141:$F$251,CNTCC!$G$141:$K$251),MATCH(I12,CNTCC!$A$141:$A$251,0),0)),CNTCC!$B$140:$F$140),0)) -> bt | L12: Bt | M12: Bt | N12: Bt | O12: Bt | P12: Bt | Q12: Bt | R12: I | S12: =PROPER(B12) -> Mai Hưng | T12: =DATEDIF(D12,DATE($X$4,$W$4,$V$4),"m") -> 23 | U12: =G12/(I12/100)^2 -> 16.805473 | Y12: =SUM(AB10:AD10) -> 13
A13: 4 | B13: Ngô Đăng | C13: Khôi | D13: 45576 | E13: x | G13: 12.3 | H13: =IF(DATEDIF(D13,DATE($X$4,$W$4,$V$4),"m")<=60,LOOKUP(2,1/(G13>=INDEX(IF(E13="x",CNTT!$B$4:$E$64,CNTT!$F$4:$I$64),MATCH(DATEDIF(D13,DATE($X$4,$W$4,$V$4),"m"),CNTT!$A$4:$A$64,0),0)),CNTT!$B$3:$E$3),LOOKUP(2,1/(G13>=INDEX(IF(E13="x",CNTT!$B$70:$E$93,CNTT!$F$70:$I$93),MATCH(DATEDIF(D13,DATE($X$4,$W$4,$V$4),"m"),CNTT!$A$70:$A$93,0),0)),CNTT!$B$69:$E$69)) -> bt | I13: 84 | J13: =IF(DATEDIF(D13,DATE($X$4,$W$4,$V$4),"m")<=60,LOOKUP(2,1/(I13>=INDEX(IF(E13="x",CCTT!$B$4:$E$64,CCTT!$F$4:$I$64),MATCH(DATEDIF(D13,DATE($X$4,$W$4,$V$4),"m"),CCTT!$A$4:$A$64,0),0)),CCTT!$B$3:$E$3),LOOKUP(2,1/(I13>=INDEX(IF(E13="x",CCTT!$B$70:$E$93,CCTT!$F$70:$I$93),MATCH(DATEDIF(D13,DATE($X$4,$W$4,$V$4),"m"),CCTT!$A$70:$A$93,0),0)),CCTT!B$69:E$69)) -> bt | K13: =IF(DATEDIF(D13,DATE($X$4,$W$4,$V$4),"m")<24,LOOKUP(2,1/(G13>=INDEX(IF(E13="x",CNTCC!$B$4:$F$134,CNTCC!$F$4),MATCH(I13,CNTCC!$A$4:$A$134,0),0)),CNTCC!$B$3:$F$3),IF(AND(DATEDIF(D13,DATE($X$4,$W$4,$V$4),"m")>=24,DATEDIF(D13,DATE($X$4,$W$4,$V$4),"m")<=60),LOOKUP(2,1/(G13>=INDEX(IF(E13="x",CNTCC!$B$141:$F$251,CNTCC!$G$141:$K$251),MATCH(I13,CNTCC!$A$141:$A$251,0),0)),CNTCC!$B$140:$F$140),0)) -> bt | L13: Bt | M13: Bt | N13: Bt | O13: Bt | P13: Bt | Q13: Bt | R13: I | S13: =PROPER(B13) -> Ngô Đăng | T13: =DATEDIF(D13,DATE($X$4,$W$4,$V$4),"m") -> 22 | U13: =G13/(I13/100)^2 -> 17.431973 | Y13: =SUM(AE10:AH10) -> 13
A14: 5 | B14: Trần Ngọc Thiên | C14: Kim | D14: 45637 | F14: x | G14: 12.3 | H14: =IF(DATEDIF(D14,DATE($X$4,$W$4,$V$4),"m")<=60,LOOKUP(2,1/(G14>=INDEX(IF(E14="x",CNTT!$B$4:$E$64,CNTT!$F$4:$I$64),MATCH(DATEDIF(D14,DATE($X$4,$W$4,$V$4),"m"),CNTT!$A$4:$A$64,0),0)),CNTT!$B$3:$E$3),LOOKUP(2,1/(G14>=INDEX(IF(E14="x",CNTT!$B$70:$E$93,CNTT!$F$70:$I$93),MATCH(DATEDIF(D14,DATE($X$4,$W$4,$V$4),"m"),CNTT!$A$70:$A$93,0),0)),CNTT!$B$69:$E$69)) -> bt | I14: 83 | J14: =IF(DATEDIF(D14,DATE($X$4,$W$4,$V$4),"m")<=60,LOOKUP(2,1/(I14>=INDEX(IF(E14="x",CCTT!$B$4:$E$64,CCTT!$F$4:$I$64),MATCH(DATEDIF(D14,DATE($X$4,$W$4,$V$4),"m"),CCTT!$A$4:$A$64,0),0)),CCTT!$B$3:$E$3),LOOKUP(2,1/(I14>=INDEX(IF(E14="x",CCTT!$B$70:$E$93,CCTT!$F$70:$I$93),MATCH(DATEDIF(D14,DATE($X$4,$W$4,$V$4),"m"),CCTT!$A$70:$A$93,0),0)),CCTT!B$69:E$69)) -> bt | K14: bt | L14: Bt | M14: VMH | N14: Bt | O14: Bt | P14: Bt | Q14: Bt | R14: II | S14: =PROPER(B14) -> Trần Ngọc Thiên | T14: =DATEDIF(D14,DATE($X$4,$W$4,$V$4),"m") -> 20 | U14: =G14/(I14/100)^2 -> 17.854551 | Y14: =SUM(AI10:AK10) -> 13
A15: 6 | B15: Văn Trúc | C15: Lam | D15: 45639 | F15: x | G15: 12 | H15: =IF(DATEDIF(D15,DATE($X$4,$W$4,$V$4),"m")<=60,LOOKUP(2,1/(G15>=INDEX(IF(E15="x",CNTT!$B$4:$E$64,CNTT!$F$4:$I$64),MATCH(DATEDIF(D15,DATE($X$4,$W$4,$V$4),"m"),CNTT!$A$4:$A$64,0),0)),CNTT!$B$3:$E$3),LOOKUP(2,1/(G15>=INDEX(IF(E15="x",CNTT!$B$70:$E$93,CNTT!$F$70:$I$93),MATCH(DATEDIF(D15,DATE($X$4,$W$4,$V$4),"m"),CNTT!$A$70:$A$93,0),0)),CNTT!$B$69:$E$69)) -> bt | I15: 80 | J15: =IF(DATEDIF(D15,DATE($X$4,$W$4,$V$4),"m")<=60,LOOKUP(2,1/(I15>=INDEX(IF(E15="x",CCTT!$B$4:$E$64,CCTT!$F$4:$I$64),MATCH(DATEDIF(D15,DATE($X$4,$W$4,$V$4),"m"),CCTT!$A$4:$A$64,0),0)),CCTT!$B$3:$E$3),LOOKUP(2,1/(I15>=INDEX(IF(E15="x",CCTT!$B$70:$E$93,CCTT!$F$70:$I$93),MATCH(DATEDIF(D15,DATE($X$4,$W$4,$V$4),"m"),CCTT!$A$70:$A$93,0),0)),CCTT!B$69:E$69)) -> bt | K15: bt | L15: Bt | M15: Bt | N15: Bt | O15: Bt | P15: Bt | Q15: Bt | R15: I | S15: =PROPER(B15) -> Văn Trúc | T15: =DATEDIF(D15,DATE($X$4,$W$4,$V$4),"m") -> 20 | U15: =G15/(I15/100)^2 -> 18.75
A16: 7 | B16: Nguyễn Bảo | C16: Luân | D16: 45629 | E16: x | G16: 10.1 | H16: =IF(DATEDIF(D16,DATE($X$4,$W$4,$V$4),"m")<=60,LOOKUP(2,1/(G16>=INDEX(IF(E16="x",CNTT!$B$4:$E$64,CNTT!$F$4:$I$64),MATCH(DATEDIF(D16,DATE($X$4,$W$4,$V$4),"m"),CNTT!$A$4:$A$64,0),0)),CNTT!$B$3:$E$3),LOOKUP(2,1/(G16>=INDEX(IF(E16="x",CNTT!$B$70:$E$93,CNTT!$F$70:$I$93),MATCH(DATEDIF(D16,DATE($X$4,$W$4,$V$4),"m"),CNTT!$A$70:$A$93,0),0)),CNTT!$B$69:$E$69)) -> bt | I16: 78 | J16: bt | K16: =IF(DATEDIF(D16,DATE($X$4,$W$4,$V$4),"m")<24,LOOKUP(2,1/(G16>=INDEX(IF(E16="x",CNTCC!$B$4:$F$134,CNTCC!$F$4),MATCH(I16,CNTCC!$A$4:$A$134,0),0)),CNTCC!$B$3:$F$3),IF(AND(DATEDIF(D16,DATE($X$4,$W$4,$V$4),"m")>=24,DATEDIF(D16,DATE($X$4,$W$4,$V$4),"m")<=60),LOOKUP(2,1/(G16>=INDEX(IF(E16="x",CNTCC!$B$141:$F$251,CNTCC!$G$141:$K$251),MATCH(I16,CNTCC!$A$141:$A$251,0),0)),CNTCC!$B$140:$F$140),0)) -> bt | L16: Bt | M16: Bt | N16: Bt | O16: Bt | P16: Bt | Q16: Bt | R16: I | S16: =PROPER(B16) -> Nguyễn Bảo | T16: =DATEDIF(D16,DATE($X$4,$W$4,$V$4),"m") -> 20 | U16: =G16/(I16/100)^2 -> 16.60092
A17: 8 | B17: Nguyễn Đại | C17: Minh | D17: 45583 | E17: x | G17: 11.7 | H17: =IF(DATEDIF(D17,DATE($X$4,$W$4,$V$4),"m")<=60,LOOKUP(2,1/(G17>=INDEX(IF(E17="x",CNTT!$B$4:$E$64,CNTT!$F$4:$I$64),MATCH(DATEDIF(D17,DATE($X$4,$W$4,$V$4),"m"),CNTT!$A$4:$A$64,0),0)),CNTT!$B$3:$E$3),LOOKUP(2,1/(G17>=INDEX(IF(E17="x",CNTT!$B$70:$E$93,CNTT!$F$70:$I$93),MATCH(DATEDIF(D17,DATE($X$4,$W$4,$V$4),"m"),CNTT!$A$70:$A$93,0),0)),CNTT!$B$69:$E$69)) -> bt | I17: 81 | J17: =IF(DATEDIF(D17,DATE($X$4,$W$4,$V$4),"m")<=60,LOOKUP(2,1/(I17>=INDEX(IF(E17="x",CCTT!$B$4:$E$64,CCTT!$F$4:$I$64),MATCH(DATEDIF(D17,DATE($X$4,$W$4,$V$4),"m"),CCTT!$A$4:$A$64,0),0)),CCTT!$B$3:$E$3),LOOKUP(2,1/(I17>=INDEX(IF(E17="x",CCTT!$B$70:$E$93,CCTT!$F$70:$I$93),MATCH(DATEDIF(D17,DATE($X$4,$W$4,$V$4),"m"),CCTT!$A$70:$A$93,0),0)),CCTT!B$69:E$69)) -> bt | K17: =IF(DATEDIF(D17,DATE($X$4,$W$4,$V$4),"m")<24,LOOKUP(2,1/(G17>=INDEX(IF(E17="x",CNTCC!$B$4:$F$134,CNTCC!$F$4),MATCH(I17,CNTCC!$A$4:$A$134,0),0)),CNTCC!$B$3:$F$3),IF(AND(DATEDIF(D17,DATE($X$4,$W$4,$V$4),"m")>=24,DATEDIF(D17,DATE($X$4,$W$4,$V$4),"m")<=60),LOOKUP(2,1/(G17>=INDEX(IF(E17="x",CNTCC!$B$141:$F$251,CNTCC!$G$141:$K$251),MATCH(I17,CNTCC!$A$141:$A$251,0),0)),CNTCC!$B$140:$F$140),0)) -> bt | L17: Bt | M17: Bt | N17: Bt | O17: Bt | P17: Bt | Q17: Bt | R17: I | S17: =PROPER(B17) -> Nguyễn Đại | T17: =DATEDIF(D17,DATE($X$4,$W$4,$V$4),"m") -> 22 | U17: =G17/(I17/100)^2 -> 17.832647
A18: 9 | B18: Lê Hoàng Nhật | C18: Minh | D18: 45709 | E18: x | G18: 10.7 | H18: =IF(DATEDIF(D18,DATE($X$4,$W$4,$V$4),"m")<=60,LOOKUP(2,1/(G18>=INDEX(IF(E18="x",CNTT!$B$4:$E$64,CNTT!$F$4:$I$64),MATCH(DATEDIF(D18,DATE($X$4,$W$4,$V$4),"m"),CNTT!$A$4:$A$64,0),0)),CNTT!$B$3:$E$3),LOOKUP(2,1/(G18>=INDEX(IF(E18="x",CNTT!$B$70:$E$93,CNTT!$F$70:$I$93),MATCH(DATEDIF(D18,DATE($X$4,$W$4,$V$4),"m"),CNTT!$A$70:$A$93,0),0)),CNTT!$B$69:$E$69)) -> bt | I18: 78 | J18: =IF(DATEDIF(D18,DATE($X$4,$W$4,$V$4),"m")<=60,LOOKUP(2,1/(I18>=INDEX(IF(E18="x",CCTT!$B$4:$E$64,CCTT!$F$4:$I$64),MATCH(DATEDIF(D18,DATE($X$4,$W$4,$V$4),"m"),CCTT!$A$4:$A$64,0),0)),CCTT!$B$3:$E$3),LOOKUP(2,1/(I18>=INDEX(IF(E18="x",CCTT!$B$70:$E$93,CCTT!$F$70:$I$93),MATCH(DATEDIF(D18,DATE($X$4,$W$4,$V$4),"m"),CCTT!$A$70:$A$93,0),0)),CCTT!B$69:E$69)) -> bt | K18: =IF(DATEDIF(D18,DATE($X$4,$W$4,$V$4),"m")<24,LOOKUP(2,1/(G18>=INDEX(IF(E18="x",CNTCC!$B$4:$F$134,CNTCC!$F$4),MATCH(I18,CNTCC!$A$4:$A$134,0),0)),CNTCC!$B$3:$F$3),IF(AND(DATEDIF(D18,DATE($X$4,$W$4,$V$4),"m")>=24,DATEDIF(D18,DATE($X$4,$W$4,$V$4),"m")<=60),LOOKUP(2,1/(G18>=INDEX(IF(E18="x",CNTCC!$B$141:$F$251,CNTCC!$G$141:$K$251),MATCH(I18,CNTCC!$A$141:$A$251,0),0)),CNTCC!$B$140:$F$140),0)) -> bt | L18: Bt | M18: Bt | N18: Bt | O18: Bt | P18: Bt | Q18: Bt | R18: I | S18: =PROPER(B18) -> Lê Hoàng Nhật | T18: =DATEDIF(D18,DATE($X$4,$W$4,$V$4),"m") -> 18 | U18: =G18/(I18/100)^2 -> 17.587114
A19: 10 | B19: Dương Thành | C19: Phát | D19: 45626 | E19: x | G19: 12.2 | H19: =IF(DATEDIF(D19,DATE($X$4,$W$4,$V$4),"m")<=60,LOOKUP(2,1/(G19>=INDEX(IF(E19="x",CNTT!$B$4:$E$64,CNTT!$F$4:$I$64),MATCH(DATEDIF(D19,DATE($X$4,$W$4,$V$4),"m"),CNTT!$A$4:$A$64,0),0)),CNTT!$B$3:$E$3),LOOKUP(2,1/(G19>=INDEX(IF(E19="x",CNTT!$B$70:$E$93,CNTT!$F$70:$I$93),MATCH(DATEDIF(D19,DATE($X$4,$W$4,$V$4),"m"),CNTT!$A$70:$A$93,0),0)),CNTT!$B$69:$E$69)) -> bt | I19: 81 | J19: =IF(DATEDIF(D19,DATE($X$4,$W$4,$V$4),"m")<=60,LOOKUP(2,1/(I19>=INDEX(IF(E19="x",CCTT!$B$4:$E$64,CCTT!$F$4:$I$64),MATCH(DATEDIF(D19,DATE($X$4,$W$4,$V$4),"m"),CCTT!$A$4:$A$64,0),0)),CCTT!$B$3:$E$3),LOOKUP(2,1/(I19>=INDEX(IF(E19="x",CCTT!$B$70:$E$93,CCTT!$F$70:$I$93),MATCH(DATEDIF(D19,DATE($X$4,$W$4,$V$4),"m"),CCTT!$A$70:$A$93,0),0)),CCTT!B$69:E$69)) -> bt | K19: =IF(DATEDIF(D19,DATE($X$4,$W$4,$V$4),"m")<24,LOOKUP(2,1/(G19>=INDEX(IF(E19="x",CNTCC!$B$4:$F$134,CNTCC!$F$4),MATCH(I19,CNTCC!$A$4:$A$134,0),0)),CNTCC!$B$3:$F$3),IF(AND(DATEDIF(D19,DATE($X$4,$W$4,$V$4),"m")>=24,DATEDIF(D19,DATE($X$4,$W$4,$V$4),"m")<=60),LOOKUP(2,1/(G19>=INDEX(IF(E19="x",CNTCC!$B$141:$F$251,CNTCC!$G$141:$K$251),MATCH(I19,CNTCC!$A$141:$A$251,0),0)),CNTCC!$B$140:$F$140),0)) -> bt | L19: Bt | M19: Bt | N19: Bt | O19: Bt | P19: Bt | Q19: Bt | R19: I | S19: =PROPER(B19) -> Dương Thành | T19: =DATEDIF(D19,DATE($X$4,$W$4,$V$4),"m") -> 21 | U19: =G19/(I19/100)^2 -> 18.594726
A20: 11 | B20: Trần Chí | C20: Thanh | D20: 45628 | E20: x | G20: 12 | H20: =IF(DATEDIF(D20,DATE($X$4,$W$4,$V$4),"m")<=60,LOOKUP(2,1/(G20>=INDEX(IF(E20="x",CNTT!$B$4:$E$64,CNTT!$F$4:$I$64),MATCH(DATEDIF(D20,DATE($X$4,$W$4,$V$4),"m"),CNTT!$A$4:$A$64,0),0)),CNTT!$B$3:$E$3),LOOKUP(2,1/(G20>=INDEX(IF(E20="x",CNTT!$B$70:$E$93,CNTT!$F$70:$I$93),MATCH(DATEDIF(D20,DATE($X$4,$W$4,$V$4),"m"),CNTT!$A$70:$A$93,0),0)),CNTT!$B$69:$E$69)) -> bt | I20: 83 | J20: =IF(DATEDIF(D20,DATE($X$4,$W$4,$V$4),"m")<=60,LOOKUP(2,1/(I20>=INDEX(IF(E20="x",CCTT!$B$4:$E$64,CCTT!$F$4:$I$64),MATCH(DATEDIF(D20,DATE($X$4,$W$4,$V$4),"m"),CCTT!$A$4:$A$64,0),0)),CCTT!$B$3:$E$3),LOOKUP(2,1/(I20>=INDEX(IF(E20="x",CCTT!$B$70:$E$93,CCTT!$F$70:$I$93),MATCH(DATEDIF(D20,DATE($X$4,$W$4,$V$4),"m"),CCTT!$A$70:$A$93,0),0)),CCTT!B$69:E$69)) -> bt | K20: =IF(DATEDIF(D20,DATE($X$4,$W$4,$V$4),"m")<24,LOOKUP(2,1/(G20>=INDEX(IF(E20="x",CNTCC!$B$4:$F$134,CNTCC!$F$4),MATCH(I20,CNTCC!$A$4:$A$134,0),0)),CNTCC!$B$3:$F$3),IF(AND(DATEDIF(D20,DATE($X$4,$W$4,$V$4),"m")>=24,DATEDIF(D20,DATE($X$4,$W$4,$V$4),"m")<=60),LOOKUP(2,1/(G20>=INDEX(IF(E20="x",CNTCC!$B$141:$F$251,CNTCC!$G$141:$K$251),MATCH(I20,CNTCC!$A$141:$A$251,0),0)),CNTCC!$B$140:$F$140),0)) -> bt | L20: Bt | M20: Bt | N20: Bt | O20: Bt | P20: Bt | Q20: Bt | R20: I | S20: =PROPER(B20) -> Trần Chí | T20: =DATEDIF(D20,DATE($X$4,$W$4,$V$4),"m") -> 20 | U20: =G20/(I20/100)^2 -> 17.419074
A21: 12 | B21: Võ Thành | C21: Trí | D21: 45564 | E21: x | G21: 11.7 | H21: =IF(DATEDIF(D21,DATE($X$4,$W$4,$V$4),"m")<=60,LOOKUP(2,1/(G21>=INDEX(IF(E21="x",CNTT!$B$4:$E$64,CNTT!$F$4:$I$64),MATCH(DATEDIF(D21,DATE($X$4,$W$4,$V$4),"m"),CNTT!$A$4:$A$64,0),0)),CNTT!$B$3:$E$3),LOOKUP(2,1/(G21>=INDEX(IF(E21="x",CNTT!$B$70:$E$93,CNTT!$F$70:$I$93),MATCH(DATEDIF(D21,DATE($X$4,$W$4,$V$4),"m"),CNTT!$A$70:$A$93,0),0)),CNTT!$B$69:$E$69)) -> bt | I21: 83 | J21: =IF(DATEDIF(D21,DATE($X$4,$W$4,$V$4),"m")<=60,LOOKUP(2,1/(I21>=INDEX(IF(E21="x",CCTT!$B$4:$E$64,CCTT!$F$4:$I$64),MATCH(DATEDIF(D21,DATE($X$4,$W$4,$V$4),"m"),CCTT!$A$4:$A$64,0),0)),CCTT!$B$3:$E$3),LOOKUP(2,1/(I21>=INDEX(IF(E21="x",CCTT!$B$70:$E$93,CCTT!$F$70:$I$93),MATCH(DATEDIF(D21,DATE($X$4,$W$4,$V$4),"m"),CCTT!$A$70:$A$93,0),0)),CCTT!B$69:E$69)) -> bt | K21: =IF(DATEDIF(D21,DATE($X$4,$W$4,$V$4),"m")<24,LOOKUP(2,1/(G21>=INDEX(IF(E21="x",CNTCC!$B$4:$F$134,CNTCC!$F$4),MATCH(I21,CNTCC!$A$4:$A$134,0),0)),CNTCC!$B$3:$F$3),IF(AND(DATEDIF(D21,DATE($X$4,$W$4,$V$4),"m")>=24,DATEDIF(D21,DATE($X$4,$W$4,$V$4),"m")<=60),LOOKUP(2,1/(G21>=INDEX(IF(E21="x",CNTCC!$B$141:$F$251,CNTCC!$G$141:$K$251),MATCH(I21,CNTCC!$A$141:$A$251,0),0)),CNTCC!$B$140:$F$140),0)) -> bt | L21: Bt | M21: Bt | N21: Bt | O21: Bt | P21: Bt | Q21: Bt | R21: I | S21: =PROPER(B21) -> Võ Thành | T21: =DATEDIF(D21,DATE($X$4,$W$4,$V$4),"m") -> 23 | U21: =G21/(I21/100)^2 -> 16.983597
A22: 13 | B22: Cao Ngọc Bảo | C22: Uyên | D22: 45624 | F22: x | G22: 11.6 | H22: =IF(DATEDIF(D22,DATE($X$4,$W$4,$V$4),"m")<=60,LOOKUP(2,1/(G22>=INDEX(IF(E22="x",CNTT!$B$4:$E$64,CNTT!$F$4:$I$64),MATCH(DATEDIF(D22,DATE($X$4,$W$4,$V$4),"m"),CNTT!$A$4:$A$64,0),0)),CNTT!$B$3:$E$3),LOOKUP(2,1/(G22>=INDEX(IF(E22="x",CNTT!$B$70:$E$93,CNTT!$F$70:$I$93),MATCH(DATEDIF(D22,DATE($X$4,$W$4,$V$4),"m"),CNTT!$A$70:$A$93,0),0)),CNTT!$B$69:$E$69)) -> bt | I22: 83 | J22: =IF(DATEDIF(D22,DATE($X$4,$W$4,$V$4),"m")<=60,LOOKUP(2,1/(I22>=INDEX(IF(E22="x",CCTT!$B$4:$E$64,CCTT!$F$4:$I$64),MATCH(DATEDIF(D22,DATE($X$4,$W$4,$V$4),"m"),CCTT!$A$4:$A$64,0),0)),CCTT!$B$3:$E$3),LOOKUP(2,1/(I22>=INDEX(IF(E22="x",CCTT!$B$70:$E$93,CCTT!$F$70:$I$93),MATCH(DATEDIF(D22,DATE($X$4,$W$4,$V$4),"m"),CCTT!$A$70:$A$93,0),0)),CCTT!B$69:E$69)) -> bt | K22: bt | L22: Bt | M22: Bt | N22: Bt | O22: Bt | P22: Bt | Q22: Bt | R22: I | S22: =PROPER(B22) -> Cao Ngọc Bảo | T22: =DATEDIF(D22,DATE($X$4,$W$4,$V$4),"m") -> 21 | U22: =G22/(I22/100)^2 -> 16.838438
D24: GHI CHÚ CHỮ VIẾT TẮT:
A26: bt | C26: : Bình thường | I26: SDDTTC | L26: : Suy dinh dưỡng thể thấp còi
A27: SDDTNC | C27: : Suy dinh dưỡng thể nhẹ cân | I27: SDDTTCMĐN | L27: : Suy dinh dưỡng thể thấp còi mức độ nặng
A28: TC | C28: : Thừa cân | I28: SDDTGC | L28: : Suy dinh dưỡng thể gầy còm
A29: BP | C29: : Béo phì | I29: SDDTGCMĐN | L29: : Suy dinh dưỡng thể gầy còm mức độ nặng
A30: CNC | C30: : Cân nặng cao | I30: CHT | L30: : Cao hơn tuổi
A31: VP | C31: : Viêm phổi | I31: VMH | L31: : Viêm mũi họng
A32: Sr | C32: : Sâu răng | I32: VMXT | L32: : Viêm mũi xuất tiết
A33: VHHT | C33: : Viêm hô hấp trên | I33: TKX | L33: : Tật khúc xa

Sheet 25-36
A1: BẢNG TỔNG HỢP KHÁM SỨC KHỎE HỌC SINH
A2: (Khám sức khỏe học sinh năm học 2026-2027 ngày 15 tháng 9 năm 2026)
V3: NGÀY CÂN ĐO
A4: TÊN ĐƠN VỊ | C4: : TRƯỜNG MẦM NON TƯ THỤC MINH ANH | J4: LỚP | K4: 25-36 THÁNG | W4: 9 | X4: 2026
A5: ĐỊA CHỈ | C5: : SỐ 15/6 TRẦN ĐƯỜNG - PHƯỜNG TÂY NHA TRANG - KHÁNH HÒA
A8: STT | B8: HỌ VÀ TÊN | D8: NGÀY SINH | E8: GIỚI TÍNH | G8: TÌNH TRẠNG DINH DƯỠNG | L8: KHÁM CHUYÊN KHOA | R8: PHÂN LOẠI SỨC KHỎE | T8: THÁNG
E9: Nam | F9: Nữ | G9: Cân nặng (kg) | H9: Kết quả | I9: Chiều cao (cm) | J9: Kết quả | K9: Cân nặng theo chiều cao | L9: NHI KHOA | M9: TAI MŨI HỌNG | N9: MẮT | O9: CƠ XƯƠNG KHỚP | P9: RĂNG HÀM MẶT | Q9: CHUYÊN KHOA KHÁC | Y9: bt | Z9: SDDTNC | AA9: CNC | AB9: bt | AC9: SDDTTC | AD9: CHT | AE9: bt | AF9: TC | AG9: BP | AH9: SDDTGC | AI9: I | AJ9: II | AK9: III
A10: 1 | B10: Nguyễn Quốc | C10: Anh | D10: 45352 | E10: x | G10: 13.2 | H10: =IF(DATEDIF(D10,DATE($X$4,$W$4,$V$4),"m")<=60,LOOKUP(2,1/(G10>=INDEX(IF(E10="x",CNTT!$B$4:$E$64,CNTT!$F$4:$I$64),MATCH(DATEDIF(D10,DATE($X$4,$W$4,$V$4),"m"),CNTT!$A$4:$A$64,0),0)),CNTT!$B$3:$E$3),LOOKUP(2,1/(G10>=INDEX(IF(E10="x",CNTT!$B$70:$E$93,CNTT!$F$70:$I$93),MATCH(DATEDIF(D10,DATE($X$4,$W$4,$V$4),"m"),CNTT!$A$70:$A$93,0),0)),CNTT!$B$69:$E$69)) -> bt | I10: 89 | J10: =IF(DATEDIF(D10,DATE($X$4,$W$4,$V$4),"m")<=60,LOOKUP(2,1/(I10>=INDEX(IF(E10="x",CCTT!$B$4:$E$64,CCTT!$F$4:$I$64),MATCH(DATEDIF(D10,DATE($X$4,$W$4,$V$4),"m"),CCTT!$A$4:$A$64,0),0)),CCTT!$B$3:$E$3),LOOKUP(2,1/(I10>=INDEX(IF(E10="x",CCTT!$B$70:$E$93,CCTT!$F$70:$I$93),MATCH(DATEDIF(D10,DATE($X$4,$W$4,$V$4),"m"),CCTT!$A$70:$A$93,0),0)),CCTT!B$69:E$69)) -> bt | K10: =IF(DATEDIF(D10,DATE($X$4,$W$4,$V$4),"m")<24,LOOKUP(2,1/(G10>=INDEX(IF(E10="x",CNTCC!$B$4:$F$134,CNTCC!$F$4),MATCH(I10,CNTCC!$A$4:$A$134,0),0)),CNTCC!$B$3:$F$3),IF(AND(DATEDIF(D10,DATE($X$4,$W$4,$V$4),"m")>=24,DATEDIF(D10,DATE($X$4,$W$4,$V$4),"m")<=60),LOOKUP(2,1/(G10>=INDEX(IF(E10="x",CNTCC!$B$141:$F$251,CNTCC!$G$141:$K$251),MATCH(I10,CNTCC!$A$141:$A$251,0),0)),CNTCC!$B$140:$F$140),0)) -> bt | L10: Bt | M10: Bt | N10: Bt | O10: Bt | P10: Bt | Q10: Bt | R10: I | S10: =PROPER(B10) -> Nguyễn Quốc | T10: =DATEDIF(D10,DATE($X$4,$W$4,$V$4),"m") -> 29 | U10: =G10/(I10/100)^2 -> 16.664563 | Y10: =COUNTIF(H10:H22,Y9) -> 13 | Z10: =COUNTIF(H10:H22,Z9) -> 0 | AA10: =COUNTIF(H10:H22,AA9) -> 0 | AB10: =COUNTIF(J10:J22,AB9) -> 11 | AC10: =COUNTIF(J10:J22,AC9) -> 2 | AD10: =COUNTIF(J10:J22,AD9) -> 0 | AE10: =COUNTIF(K10:K22,AE9) -> 13 | AF10: =COUNTIF(K10:K22,AF9) -> 0 | AG10: =COUNTIF(K10:K22,AG9) -> 0 | AH10: =COUNTIF(K10:K22,AH9) -> 0 | AI10: =COUNTIF(R10:R22,AI9) -> 11 | AJ10: =COUNTIF(R10:R22,AJ9) -> 2 | AK10: =COUNTIF(R10:R22,AK9) -> 0
A11: 2 | B11: Nguyễn Diệp | C11: Anh | D11: 45393 | F11: x | G11: 11.2 | H11: =IF(DATEDIF(D11,DATE($X$4,$W$4,$V$4),"m")<=60,LOOKUP(2,1/(G11>=INDEX(IF(E11="x",CNTT!$B$4:$E$64,CNTT!$F$4:$I$64),MATCH(DATEDIF(D11,DATE($X$4,$W$4,$V$4),"m"),CNTT!$A$4:$A$64,0),0)),CNTT!$B$3:$E$3),LOOKUP(2,1/(G11>=INDEX(IF(E11="x",CNTT!$B$70:$E$93,CNTT!$F$70:$I$93),MATCH(DATEDIF(D11,DATE($X$4,$W$4,$V$4),"m"),CNTT!$A$70:$A$93,0),0)),CNTT!$B$69:$E$69)) -> bt | I11: 82 | J11: bt | K11: =IF(DATEDIF(D11,DATE($X$4,$W$4,$V$4),"m")<24,LOOKUP(2,1/(G11>=INDEX(IF(E11="x",CNTCC!$B$4:$F$134,CNTCC!$F$4),MATCH(I11,CNTCC!$A$4:$A$134,0),0)),CNTCC!$B$3:$F$3),IF(AND(DATEDIF(D11,DATE($X$4,$W$4,$V$4),"m")>=24,DATEDIF(D11,DATE($X$4,$W$4,$V$4),"m")<=60),LOOKUP(2,1/(G11>=INDEX(IF(E11="x",CNTCC!$B$141:$F$251,CNTCC!$G$141:$K$251),MATCH(I11,CNTCC!$A$141:$A$251,0),0)),CNTCC!$B$140:$F$140),0)) -> bt | L11: Bt | M11: Bt | N11: Bt | O11: Bt | P11: Bt | Q11: Bt | R11: I | S11: =PROPER(B11) -> Nguyễn Diệp | T11: =DATEDIF(D11,DATE($X$4,$W$4,$V$4),"m") -> 28 | U11: =G11/(I11/100)^2 -> 16.656752 | Y11: =SUM(Y10:AA10) -> 13
A12: 3 | B12: Trương Gia | C12: Hưng | D12: 45380 | E12: x | G12: 12.9 | H12: =IF(DATEDIF(D12,DATE($X$4,$W$4,$V$4),"m")<=60,LOOKUP(2,1/(G12>=INDEX(IF(E12="x",CNTT!$B$4:$E$64,CNTT!$F$4:$I$64),MATCH(DATEDIF(D12,DATE($X$4,$W$4,$V$4),"m"),CNTT!$A$4:$A$64,0),0)),CNTT!$B$3:$E$3),LOOKUP(2,1/(G12>=INDEX(IF(E12="x",CNTT!$B$70:$E$93,CNTT!$F$70:$I$93),MATCH(DATEDIF(D12,DATE($X$4,$W$4,$V$4),"m"),CNTT!$A$70:$A$93,0),0)),CNTT!$B$69:$E$69)) -> bt | I12: 90 | J12: =IF(DATEDIF(D12,DATE($X$4,$W$4,$V$4),"m")<=60,LOOKUP(2,1/(I12>=INDEX(IF(E12="x",CCTT!$B$4:$E$64,CCTT!$F$4:$I$64),MATCH(DATEDIF(D12,DATE($X$4,$W$4,$V$4),"m"),CCTT!$A$4:$A$64,0),0)),CCTT!$B$3:$E$3),LOOKUP(2,1/(I12>=INDEX(IF(E12="x",CCTT!$B$70:$E$93,CCTT!$F$70:$I$93),MATCH(DATEDIF(D12,DATE($X$4,$W$4,$V$4),"m"),CCTT!$A$70:$A$93,0),0)),CCTT!B$69:E$69)) -> bt | K12: =IF(DATEDIF(D12,DATE($X$4,$W$4,$V$4),"m")<24,LOOKUP(2,1/(G12>=INDEX(IF(E12="x",CNTCC!$B$4:$F$134,CNTCC!$F$4),MATCH(I12,CNTCC!$A$4:$A$134,0),0)),CNTCC!$B$3:$F$3),IF(AND(DATEDIF(D12,DATE($X$4,$W$4,$V$4),"m")>=24,DATEDIF(D12,DATE($X$4,$W$4,$V$4),"m")<=60),LOOKUP(2,1/(G12>=INDEX(IF(E12="x",CNTCC!$B$141:$F$251,CNTCC!$G$141:$K$251),MATCH(I12,CNTCC!$A$141:$A$251,0),0)),CNTCC!$B$140:$F$140),0)) -> bt | L12: Bt | M12: Bt | N12: Bt | O12: Bt | P12: Bt | Q12: Bt | R12: I | S12: =PROPER(B12) -> Trương Gia | T12: =DATEDIF(D12,DATE($X$4,$W$4,$V$4),"m") -> 29 | U12: =G12/(I12/100)^2 -> 15.925926 | Y12: =SUM(AB10:AD10) -> 13
A13: 4 | B13: Macdonald Gia | C13: Khang | D13: 45434 | E13: x | G13: 15.2 | H13: =IF(DATEDIF(D13,DATE($X$4,$W$4,$V$4),"m")<=60,LOOKUP(2,1/(G13>=INDEX(IF(E13="x",CNTT!$B$4:$E$64,CNTT!$F$4:$I$64),MATCH(DATEDIF(D13,DATE($X$4,$W$4,$V$4),"m"),CNTT!$A$4:$A$64,0),0)),CNTT!$B$3:$E$3),LOOKUP(2,1/(G13>=INDEX(IF(E13="x",CNTT!$B$70:$E$93,CNTT!$F$70:$I$93),MATCH(DATEDIF(D13,DATE($X$4,$W$4,$V$4),"m"),CNTT!$A$70:$A$93,0),0)),CNTT!$B$69:$E$69)) -> bt | I13: 94 | J13: =IF(DATEDIF(D13,DATE($X$4,$W$4,$V$4),"m")<=60,LOOKUP(2,1/(I13>=INDEX(IF(E13="x",CCTT!$B$4:$E$64,CCTT!$F$4:$I$64),MATCH(DATEDIF(D13,DATE($X$4,$W$4,$V$4),"m"),CCTT!$A$4:$A$64,0),0)),CCTT!$B$3:$E$3),LOOKUP(2,1/(I13>=INDEX(IF(E13="x",CCTT!$B$70:$E$93,CCTT!$F$70:$I$93),MATCH(DATEDIF(D13,DATE($X$4,$W$4,$V$4),"m"),CCTT!$A$70:$A$93,0),0)),CCTT!B$69:E$69)) -> bt | K13: =IF(DATEDIF(D13,DATE($X$4,$W$4,$V$4),"m")<24,LOOKUP(2,1/(G13>=INDEX(IF(E13="x",CNTCC!$B$4:$F$134,CNTCC!$F$4),MATCH(I13,CNTCC!$A$4:$A$134,0),0)),CNTCC!$B$3:$F$3),IF(AND(DATEDIF(D13,DATE($X$4,$W$4,$V$4),"m")>=24,DATEDIF(D13,DATE($X$4,$W$4,$V$4),"m")<=60),LOOKUP(2,1/(G13>=INDEX(IF(E13="x",CNTCC!$B$141:$F$251,CNTCC!$G$141:$K$251),MATCH(I13,CNTCC!$A$141:$A$251,0),0)),CNTCC!$B$140:$F$140),0)) -> bt | L13: Bt | M13: Bt | N13: Bt | O13: Bt | P13: Bt | Q13: Bt | R13: I | S13: =PROPER(B13) -> Macdonald Gia | T13: =DATEDIF(D13,DATE($X$4,$W$4,$V$4),"m") -> 27 | U13: =G13/(I13/100)^2 -> 17.202354 | Y13: =SUM(AE10:AH10) -> 13
A14: 5 | B14: Phạm Đăng | C14: Khoa | D14: 45296 | E14: x | G14: 11.8 | H14: =IF(DATEDIF(D14,DATE($X$4,$W$4,$V$4),"m")<=60,LOOKUP(2,1/(G14>=INDEX(IF(E14="x",CNTT!$B$4:$E$64,CNTT!$F$4:$I$64),MATCH(DATEDIF(D14,DATE($X$4,$W$4,$V$4),"m"),CNTT!$A$4:$A$64,0),0)),CNTT!$B$3:$E$3),LOOKUP(2,1/(G14>=INDEX(IF(E14="x",CNTT!$B$70:$E$93,CNTT!$F$70:$I$93),MATCH(DATEDIF(D14,DATE($X$4,$W$4,$V$4),"m"),CNTT!$A$70:$A$93,0),0)),CNTT!$B$69:$E$69)) -> bt | I14: 88 | J14: =IF(DATEDIF(D14,DATE($X$4,$W$4,$V$4),"m")<=60,LOOKUP(2,1/(I14>=INDEX(IF(E14="x",CCTT!$B$4:$E$64,CCTT!$F$4:$I$64),MATCH(DATEDIF(D14,DATE($X$4,$W$4,$V$4),"m"),CCTT!$A$4:$A$64,0),0)),CCTT!$B$3:$E$3),LOOKUP(2,1/(I14>=INDEX(IF(E14="x",CCTT!$B$70:$E$93,CCTT!$F$70:$I$93),MATCH(DATEDIF(D14,DATE($X$4,$W$4,$V$4),"m"),CCTT!$A$70:$A$93,0),0)),CCTT!B$69:E$69)) -> bt | K14: =IF(DATEDIF(D14,DATE($X$4,$W$4,$V$4),"m")<24,LOOKUP(2,1/(G14>=INDEX(IF(E14="x",CNTCC!$B$4:$F$134,CNTCC!$F$4),MATCH(I14,CNTCC!$A$4:$A$134,0),0)),CNTCC!$B$3:$F$3),IF(AND(DATEDIF(D14,DATE($X$4,$W$4,$V$4),"m")>=24,DATEDIF(D14,DATE($X$4,$W$4,$V$4),"m")<=60),LOOKUP(2,1/(G14>=INDEX(IF(E14="x",CNTCC!$B$141:$F$251,CNTCC!$G$141:$K$251),MATCH(I14,CNTCC!$A$141:$A$251,0),0)),CNTCC!$B$140:$F$140),0)) -> bt | L14: Bt | M14: Bt | N14: Bt | O14: Bt | P14: Bt | Q14: Bt | R14: I | S14: =PROPER(B14) -> Phạm Đăng | T14: =DATEDIF(D14,DATE($X$4,$W$4,$V$4),"m") -> 31 | U14: =G14/(I14/100)^2 -> 15.237603 | Y14: =SUM(AI10:AK10) -> 13
A15: 6 | B15: Ngô Quân | C15: Khôi | D15: 45476 | E15: x | G15: 11.1 | H15: =IF(DATEDIF(D15,DATE($X$4,$W$4,$V$4),"m")<=60,LOOKUP(2,1/(G15>=INDEX(IF(E15="x",CNTT!$B$4:$E$64,CNTT!$F$4:$I$64),MATCH(DATEDIF(D15,DATE($X$4,$W$4,$V$4),"m"),CNTT!$A$4:$A$64,0),0)),CNTT!$B$3:$E$3),LOOKUP(2,1/(G15>=INDEX(IF(E15="x",CNTT!$B$70:$E$93,CNTT!$F$70:$I$93),MATCH(DATEDIF(D15,DATE($X$4,$W$4,$V$4),"m"),CNTT!$A$70:$A$93,0),0)),CNTT!$B$69:$E$69)) -> bt | I15: 85 | J15: =IF(DATEDIF(D15,DATE($X$4,$W$4,$V$4),"m")<=60,LOOKUP(2,1/(I15>=INDEX(IF(E15="x",CCTT!$B$4:$E$64,CCTT!$F$4:$I$64),MATCH(DATEDIF(D15,DATE($X$4,$W$4,$V$4),"m"),CCTT!$A$4:$A$64,0),0)),CCTT!$B$3:$E$3),LOOKUP(2,1/(I15>=INDEX(IF(E15="x",CCTT!$B$70:$E$93,CCTT!$F$70:$I$93),MATCH(DATEDIF(D15,DATE($X$4,$W$4,$V$4),"m"),CCTT!$A$70:$A$93,0),0)),CCTT!B$69:E$69)) -> bt | K15: =IF(DATEDIF(D15,DATE($X$4,$W$4,$V$4),"m")<24,LOOKUP(2,1/(G15>=INDEX(IF(E15="x",CNTCC!$B$4:$F$134,CNTCC!$F$4),MATCH(I15,CNTCC!$A$4:$A$134,0),0)),CNTCC!$B$3:$F$3),IF(AND(DATEDIF(D15,DATE($X$4,$W$4,$V$4),"m")>=24,DATEDIF(D15,DATE($X$4,$W$4,$V$4),"m")<=60),LOOKUP(2,1/(G15>=INDEX(IF(E15="x",CNTCC!$B$141:$F$251,CNTCC!$G$141:$K$251),MATCH(I15,CNTCC!$A$141:$A$251,0),0)),CNTCC!$B$140:$F$140),0)) -> bt | L15: Bt | M15: Bt | N15: Bt | O15: Bt | P15: Bt | Q15: Bt | R15: I | S15: =PROPER(B15) -> Ngô Quân | T15: =DATEDIF(D15,DATE($X$4,$W$4,$V$4),"m") -> 25 | U15: =G15/(I15/100)^2 -> 15.363322
A16: 7 | B16: Nguyễn Ngọc Tuệ | C16: Lâm | D16: 45502 | F16: x | G16: 9.3 | H16: =IF(DATEDIF(D16,DATE($X$4,$W$4,$V$4),"m")<=60,LOOKUP(2,1/(G16>=INDEX(IF(E16="x",CNTT!$B$4:$E$64,CNTT!$F$4:$I$64),MATCH(DATEDIF(D16,DATE($X$4,$W$4,$V$4),"m"),CNTT!$A$4:$A$64,0),0)),CNTT!$B$3:$E$3),LOOKUP(2,1/(G16>=INDEX(IF(E16="x",CNTT!$B$70:$E$93,CNTT!$F$70:$I$93),MATCH(DATEDIF(D16,DATE($X$4,$W$4,$V$4),"m"),CNTT!$A$70:$A$93,0),0)),CNTT!$B$69:$E$69)) -> bt | I16: 84 | J16: SDDTTC | K16: bt | L16: Bt | M16: Bt | N16: Bt | O16: Bt | P16: Bt | Q16: Bt | R16: II | S16: =PROPER(B16) -> Nguyễn Ngọc Tuệ | T16: =DATEDIF(D16,DATE($X$4,$W$4,$V$4),"m") -> 25 | U16: =G16/(I16/100)^2 -> 13.180272
A17: 8 | B17: Huỳnh Ngọc Phương | C17: Linh | D17: 45298 | F17: x | G17: 13.2 | H17: =IF(DATEDIF(D17,DATE($X$4,$W$4,$V$4),"m")<=60,LOOKUP(2,1/(G17>=INDEX(IF(E17="x",CNTT!$B$4:$E$64,CNTT!$F$4:$I$64),MATCH(DATEDIF(D17,DATE($X$4,$W$4,$V$4),"m"),CNTT!$A$4:$A$64,0),0)),CNTT!$B$3:$E$3),LOOKUP(2,1/(G17>=INDEX(IF(E17="x",CNTT!$B$70:$E$93,CNTT!$F$70:$I$93),MATCH(DATEDIF(D17,DATE($X$4,$W$4,$V$4),"m"),CNTT!$A$70:$A$93,0),0)),CNTT!$B$69:$E$69)) -> bt | I17: 94 | J17: =IF(DATEDIF(D17,DATE($X$4,$W$4,$V$4),"m")<=60,LOOKUP(2,1/(I17>=INDEX(IF(E17="x",CCTT!$B$4:$E$64,CCTT!$F$4:$I$64),MATCH(DATEDIF(D17,DATE($X$4,$W$4,$V$4),"m"),CCTT!$A$4:$A$64,0),0)),CCTT!$B$3:$E$3),LOOKUP(2,1/(I17>=INDEX(IF(E17="x",CCTT!$B$70:$E$93,CCTT!$F$70:$I$93),MATCH(DATEDIF(D17,DATE($X$4,$W$4,$V$4),"m"),CCTT!$A$70:$A$93,0),0)),CCTT!B$69:E$69)) -> bt | K17: =IF(DATEDIF(D17,DATE($X$4,$W$4,$V$4),"m")<24,LOOKUP(2,1/(G17>=INDEX(IF(E17="x",CNTCC!$B$4:$F$134,CNTCC!$F$4),MATCH(I17,CNTCC!$A$4:$A$134,0),0)),CNTCC!$B$3:$F$3),IF(AND(DATEDIF(D17,DATE($X$4,$W$4,$V$4),"m")>=24,DATEDIF(D17,DATE($X$4,$W$4,$V$4),"m")<=60),LOOKUP(2,1/(G17>=INDEX(IF(E17="x",CNTCC!$B$141:$F$251,CNTCC!$G$141:$K$251),MATCH(I17,CNTCC!$A$141:$A$251,0),0)),CNTCC!$B$140:$F$140),0)) -> bt | L17: Bt | M17: Bt | N17: Bt | O17: Bt | P17: Bt | Q17: Bt | R17: I | S17: =PROPER(B17) -> Huỳnh Ngọc Phương | T17: =DATEDIF(D17,DATE($X$4,$W$4,$V$4),"m") -> 31 | U17: =G17/(I17/100)^2 -> 14.938886
A18: 9 | B18: Nguyễn Quốc | C18: Nhân | D18: 45335 | E18: x | G18: 14.9 | H18: =IF(DATEDIF(D18,DATE($X$4,$W$4,$V$4),"m")<=60,LOOKUP(2,1/(G18>=INDEX(IF(E18="x",CNTT!$B$4:$E$64,CNTT!$F$4:$I$64),MATCH(DATEDIF(D18,DATE($X$4,$W$4,$V$4),"m"),CNTT!$A$4:$A$64,0),0)),CNTT!$B$3:$E$3),LOOKUP(2,1/(G18>=INDEX(IF(E18="x",CNTT!$B$70:$E$93,CNTT!$F$70:$I$93),MATCH(DATEDIF(D18,DATE($X$4,$W$4,$V$4),"m"),CNTT!$A$70:$A$93,0),0)),CNTT!$B$69:$E$69)) -> bt | I18: 94 | J18: =IF(DATEDIF(D18,DATE($X$4,$W$4,$V$4),"m")<=60,LOOKUP(2,1/(I18>=INDEX(IF(E18="x",CCTT!$B$4:$E$64,CCTT!$F$4:$I$64),MATCH(DATEDIF(D18,DATE($X$4,$W$4,$V$4),"m"),CCTT!$A$4:$A$64,0),0)),CCTT!$B$3:$E$3),LOOKUP(2,1/(I18>=INDEX(IF(E18="x",CCTT!$B$70:$E$93,CCTT!$F$70:$I$93),MATCH(DATEDIF(D18,DATE($X$4,$W$4,$V$4),"m"),CCTT!$A$70:$A$93,0),0)),CCTT!B$69:E$69)) -> bt | K18: =IF(DATEDIF(D18,DATE($X$4,$W$4,$V$4),"m")<24,LOOKUP(2,1/(G18>=INDEX(IF(E18="x",CNTCC!$B$4:$F$134,CNTCC!$F$4),MATCH(I18,CNTCC!$A$4:$A$134,0),0)),CNTCC!$B$3:$F$3),IF(AND(DATEDIF(D18,DATE($X$4,$W$4,$V$4),"m")>=24,DATEDIF(D18,DATE($X$4,$W$4,$V$4),"m")<=60),LOOKUP(2,1/(G18>=INDEX(IF(E18="x",CNTCC!$B$141:$F$251,CNTCC!$G$141:$K$251),MATCH(I18,CNTCC!$A$141:$A$251,0),0)),CNTCC!$B$140:$F$140),0)) -> bt | L18: Bt | M18: Bt | N18: Bt | O18: Bt | P18: Bt | Q18: Bt | R18: I | S18: =PROPER(B18) -> Nguyễn Quốc | T18: =DATEDIF(D18,DATE($X$4,$W$4,$V$4),"m") -> 30 | U18: =G18/(I18/100)^2 -> 16.862834
A19: 10 | B19: Phan Hoàng Anh | C19: Nhi | D19: 45403 | F19: x | G19: 11.2 | H19: =IF(DATEDIF(D19,DATE($X$4,$W$4,$V$4),"m")<=60,LOOKUP(2,1/(G19>=INDEX(IF(E19="x",CNTT!$B$4:$E$64,CNTT!$F$4:$I$64),MATCH(DATEDIF(D19,DATE($X$4,$W$4,$V$4),"m"),CNTT!$A$4:$A$64,0),0)),CNTT!$B$3:$E$3),LOOKUP(2,1/(G19>=INDEX(IF(E19="x",CNTT!$B$70:$E$93,CNTT!$F$70:$I$93),MATCH(DATEDIF(D19,DATE($X$4,$W$4,$V$4),"m"),CNTT!$A$70:$A$93,0),0)),CNTT!$B$69:$E$69)) -> bt | I19: 84 | J19: SDDTTC | K19: =IF(DATEDIF(D19,DATE($X$4,$W$4,$V$4),"m")<24,LOOKUP(2,1/(G19>=INDEX(IF(E19="x",CNTCC!$B$4:$F$134,CNTCC!$F$4),MATCH(I19,CNTCC!$A$4:$A$134,0),0)),CNTCC!$B$3:$F$3),IF(AND(DATEDIF(D19,DATE($X$4,$W$4,$V$4),"m")>=24,DATEDIF(D19,DATE($X$4,$W$4,$V$4),"m")<=60),LOOKUP(2,1/(G19>=INDEX(IF(E19="x",CNTCC!$B$141:$F$251,CNTCC!$G$141:$K$251),MATCH(I19,CNTCC!$A$141:$A$251,0),0)),CNTCC!$B$140:$F$140),0)) -> bt | L19: Bt | M19: Bt | N19: Bt | O19: Bt | P19: Bt | Q19: Bt | R19: II | S19: =PROPER(B19) -> Phan Hoàng Anh | T19: =DATEDIF(D19,DATE($X$4,$W$4,$V$4),"m") -> 28 | U19: =G19/(I19/100)^2 -> 15.873016
A20: 11 | B20: Nguyễn Huỳnh An | C20: Nhi | D20: 45329 | E20: x | G20: 11.7 | H20: =IF(DATEDIF(D20,DATE($X$4,$W$4,$V$4),"m")<=60,LOOKUP(2,1/(G20>=INDEX(IF(E20="x",CNTT!$B$4:$E$64,CNTT!$F$4:$I$64),MATCH(DATEDIF(D20,DATE($X$4,$W$4,$V$4),"m"),CNTT!$A$4:$A$64,0),0)),CNTT!$B$3:$E$3),LOOKUP(2,1/(G20>=INDEX(IF(E20="x",CNTT!$B$70:$E$93,CNTT!$F$70:$I$93),MATCH(DATEDIF(D20,DATE($X$4,$W$4,$V$4),"m"),CNTT!$A$70:$A$93,0),0)),CNTT!$B$69:$E$69)) -> bt | I20: 90 | J20: =IF(DATEDIF(D20,DATE($X$4,$W$4,$V$4),"m")<=60,LOOKUP(2,1/(I20>=INDEX(IF(E20="x",CCTT!$B$4:$E$64,CCTT!$F$4:$I$64),MATCH(DATEDIF(D20,DATE($X$4,$W$4,$V$4),"m"),CCTT!$A$4:$A$64,0),0)),CCTT!$B$3:$E$3),LOOKUP(2,1/(I20>=INDEX(IF(E20="x",CCTT!$B$70:$E$93,CCTT!$F$70:$I$93),MATCH(DATEDIF(D20,DATE($X$4,$W$4,$V$4),"m"),CCTT!$A$70:$A$93,0),0)),CCTT!B$69:E$69)) -> bt | K20: =IF(DATEDIF(D20,DATE($X$4,$W$4,$V$4),"m")<24,LOOKUP(2,1/(G20>=INDEX(IF(E20="x",CNTCC!$B$4:$F$134,CNTCC!$F$4),MATCH(I20,CNTCC!$A$4:$A$134,0),0)),CNTCC!$B$3:$F$3),IF(AND(DATEDIF(D20,DATE($X$4,$W$4,$V$4),"m")>=24,DATEDIF(D20,DATE($X$4,$W$4,$V$4),"m")<=60),LOOKUP(2,1/(G20>=INDEX(IF(E20="x",CNTCC!$B$141:$F$251,CNTCC!$G$141:$K$251),MATCH(I20,CNTCC!$A$141:$A$251,0),0)),CNTCC!$B$140:$F$140),0)) -> bt | L20: Bt | M20: Bt | N20: Bt | O20: Bt | P20: Bt | Q20: Bt | R20: I | S20: =PROPER(B20) -> Nguyễn Huỳnh An | T20: =DATEDIF(D20,DATE($X$4,$W$4,$V$4),"m") -> 30 | U20: =G20/(I20/100)^2 -> 14.444444
A21: 12 | B21: Phạm Duy | C21: Phúc | D21: 45391 | E21: x | G21: 11.2 | H21: =IF(DATEDIF(D21,DATE($X$4,$W$4,$V$4),"m")<=60,LOOKUP(2,1/(G21>=INDEX(IF(E21="x",CNTT!$B$4:$E$64,CNTT!$F$4:$I$64),MATCH(DATEDIF(D21,DATE($X$4,$W$4,$V$4),"m"),CNTT!$A$4:$A$64,0),0)),CNTT!$B$3:$E$3),LOOKUP(2,1/(G21>=INDEX(IF(E21="x",CNTT!$B$70:$E$93,CNTT!$F$70:$I$93),MATCH(DATEDIF(D21,DATE($X$4,$W$4,$V$4),"m"),CNTT!$A$70:$A$93,0),0)),CNTT!$B$69:$E$69)) -> bt | I21: 86 | J21: =IF(DATEDIF(D21,DATE($X$4,$W$4,$V$4),"m")<=60,LOOKUP(2,1/(I21>=INDEX(IF(E21="x",CCTT!$B$4:$E$64,CCTT!$F$4:$I$64),MATCH(DATEDIF(D21,DATE($X$4,$W$4,$V$4),"m"),CCTT!$A$4:$A$64,0),0)),CCTT!$B$3:$E$3),LOOKUP(2,1/(I21>=INDEX(IF(E21="x",CCTT!$B$70:$E$93,CCTT!$F$70:$I$93),MATCH(DATEDIF(D21,DATE($X$4,$W$4,$V$4),"m"),CCTT!$A$70:$A$93,0),0)),CCTT!B$69:E$69)) -> bt | K21: =IF(DATEDIF(D21,DATE($X$4,$W$4,$V$4),"m")<24,LOOKUP(2,1/(G21>=INDEX(IF(E21="x",CNTCC!$B$4:$F$134,CNTCC!$F$4),MATCH(I21,CNTCC!$A$4:$A$134,0),0)),CNTCC!$B$3:$F$3),IF(AND(DATEDIF(D21,DATE($X$4,$W$4,$V$4),"m")>=24,DATEDIF(D21,DATE($X$4,$W$4,$V$4),"m")<=60),LOOKUP(2,1/(G21>=INDEX(IF(E21="x",CNTCC!$B$141:$F$251,CNTCC!$G$141:$K$251),MATCH(I21,CNTCC!$A$141:$A$251,0),0)),CNTCC!$B$140:$F$140),0)) -> bt | L21: Bt | M21: Bt | N21: Bt | O21: Bt | P21: Bt | Q21: Bt | R21: I | S21: =PROPER(B21) -> Phạm Duy | T21: =DATEDIF(D21,DATE($X$4,$W$4,$V$4),"m") -> 28 | U21: =G21/(I21/100)^2 -> 15.143321
A22: 13 | B22: Hồ Vũ Phương | C22: Uyên | D22: 45327 | F22: x | G22: 12.2 | H22: =IF(DATEDIF(D22,DATE($X$4,$W$4,$V$4),"m")<=60,LOOKUP(2,1/(G22>=INDEX(IF(E22="x",CNTT!$B$4:$E$64,CNTT!$F$4:$I$64),MATCH(DATEDIF(D22,DATE($X$4,$W$4,$V$4),"m"),CNTT!$A$4:$A$64,0),0)),CNTT!$B$3:$E$3),LOOKUP(2,1/(G22>=INDEX(IF(E22="x",CNTT!$B$70:$E$93,CNTT!$F$70:$I$93),MATCH(DATEDIF(D22,DATE($X$4,$W$4,$V$4),"m"),CNTT!$A$70:$A$93,0),0)),CNTT!$B$69:$E$69)) -> bt | I22: 88 | J22: =IF(DATEDIF(D22,DATE($X$4,$W$4,$V$4),"m")<=60,LOOKUP(2,1/(I22>=INDEX(IF(E22="x",CCTT!$B$4:$E$64,CCTT!$F$4:$I$64),MATCH(DATEDIF(D22,DATE($X$4,$W$4,$V$4),"m"),CCTT!$A$4:$A$64,0),0)),CCTT!$B$3:$E$3),LOOKUP(2,1/(I22>=INDEX(IF(E22="x",CCTT!$B$70:$E$93,CCTT!$F$70:$I$93),MATCH(DATEDIF(D22,DATE($X$4,$W$4,$V$4),"m"),CCTT!$A$70:$A$93,0),0)),CCTT!B$69:E$69)) -> bt | K22: =IF(DATEDIF(D22,DATE($X$4,$W$4,$V$4),"m")<24,LOOKUP(2,1/(G22>=INDEX(IF(E22="x",CNTCC!$B$4:$F$134,CNTCC!$F$4),MATCH(I22,CNTCC!$A$4:$A$134,0),0)),CNTCC!$B$3:$F$3),IF(AND(DATEDIF(D22,DATE($X$4,$W$4,$V$4),"m")>=24,DATEDIF(D22,DATE($X$4,$W$4,$V$4),"m")<=60),LOOKUP(2,1/(G22>=INDEX(IF(E22="x",CNTCC!$B$141:$F$251,CNTCC!$G$141:$K$251),MATCH(I22,CNTCC!$A$141:$A$251,0),0)),CNTCC!$B$140:$F$140),0)) -> bt | L22: Bt | M22: Bt | N22: Bt | O22: Bt | P22: Bt | Q22: Bt | R22: I | S22: =PROPER(B22) -> Hồ Vũ Phương | T22: =DATEDIF(D22,DATE($X$4,$W$4,$V$4),"m") -> 30 | U22: =G22/(I22/100)^2 -> 15.754132
D24: GHI CHÚ CHỮ VIẾT TẮT:
A26: bt | C26: : Bình thường | I26: SDDTTC | L26: : Suy dinh dưỡng thể thấp còi
A27: SDDTNC | C27: : Suy dinh dưỡng thể nhẹ cân | I27: SDDTTCMĐN | L27: : Suy dinh dưỡng thể thấp còi mức độ nặng
A28: TC | C28: : Thừa cân | I28: SDDTGC | L28: : Suy dinh dưỡng thể gầy còm
A29: BP | C29: : Béo phì | I29: SDDTGCMĐN | L29: : Suy dinh dưỡng thể gầy còm mức độ nặng
A30: CNC | C30: : Cân nặng cao | I30: CHT | L30: : Cao hơn tuổi
A31: VP | C31: : Viêm phổi | I31: VMH | L31: : Viêm mũi họng
A32: Sr | C32: : Sâu răng | I32: VMXT | L32: : Viêm mũi xuất tiết
A33: VHHT | C33: : Viêm hô hấp trên | I33: TKX | L33: : Tật khúc xa

Sheet 25-36 A
A1: BẢNG TỔNG HỢP KHÁM SỨC KHỎE HỌC SINH
A2: (Khám sức khỏe học sinh năm học 2026-2027 ngày 15 tháng 9 năm 2026)
V3: NGÀY CÂN ĐO
A4: TÊN ĐƠN VỊ | C4: : TRƯỜNG MẦM NON TƯ THỤC MINH ANH | J4: LỚP | K4: 25-36 THÁNG A | W4: 9 | X4: 2026
A5: ĐỊA CHỈ | C5: : SỐ 15/6 TRẦN ĐƯỜNG - PHƯỜNG TÂY NHA TRANG - KHÁNH HÒA
A8: STT | B8: HỌ VÀ TÊN | D8: NGÀY SINH | E8: GIỚI TÍNH | G8: TÌNH TRẠNG DINH DƯỠNG | L8: KHÁM CHUYÊN KHOA | R8: PHÂN LOẠI SỨC KHỎE | T8: THÁNG
E9: Nam | F9: Nữ | G9: Cân nặng (kg) | H9: Kết quả | I9: Chiều cao (cm) | J9: Kết quả | K9: Cân nặng theo chiều cao | L9: NHI KHOA | M9: TAI MŨI HỌNG | N9: MẮT | O9: CƠ XƯƠNG KHỚP | P9: RĂNG HÀM MẶT | Q9: CHUYÊN KHOA KHÁC | Y9: bt | Z9: SDDTNC | AA9: CNC | AB9: bt | AC9: SDDTTC | AD9: CHT | AE9: bt | AF9: TC | AG9: BP | AH9: SDDTGC | AI9: I | AJ9: II | AK9: III
A10: 1 | B10: Nguyễn Mộc Thiên | C10: An | D10: 45304 | F10: x | G10: 11.4 | H10: =IF(DATEDIF(D10,DATE($X$4,$W$4,$V$4),"m")<=60,LOOKUP(2,1/(G10>=INDEX(IF(E10="x",CNTT!$B$4:$E$64,CNTT!$F$4:$I$64),MATCH(DATEDIF(D10,DATE($X$4,$W$4,$V$4),"m"),CNTT!$A$4:$A$64,0),0)),CNTT!$B$3:$E$3),LOOKUP(2,1/(G10>=INDEX(IF(E10="x",CNTT!$B$70:$E$93,CNTT!$F$70:$I$93),MATCH(DATEDIF(D10,DATE($X$4,$W$4,$V$4),"m"),CNTT!$A$70:$A$93,0),0)),CNTT!$B$69:$E$69)) -> bt | I10: 86 | J10: =IF(DATEDIF(D10,DATE($X$4,$W$4,$V$4),"m")<=60,LOOKUP(2,1/(I10>=INDEX(IF(E10="x",CCTT!$B$4:$E$64,CCTT!$F$4:$I$64),MATCH(DATEDIF(D10,DATE($X$4,$W$4,$V$4),"m"),CCTT!$A$4:$A$64,0),0)),CCTT!$B$3:$E$3),LOOKUP(2,1/(I10>=INDEX(IF(E10="x",CCTT!$B$70:$E$93,CCTT!$F$70:$I$93),MATCH(DATEDIF(D10,DATE($X$4,$W$4,$V$4),"m"),CCTT!$A$70:$A$93,0),0)),CCTT!B$69:E$69)) -> bt | K10: =IF(DATEDIF(D10,DATE($X$4,$W$4,$V$4),"m")<24,LOOKUP(2,1/(G10>=INDEX(IF(E10="x",CNTCC!$B$4:$F$134,CNTCC!$F$4),MATCH(I10,CNTCC!$A$4:$A$134,0),0)),CNTCC!$B$3:$F$3),IF(AND(DATEDIF(D10,DATE($X$4,$W$4,$V$4),"m")>=24,DATEDIF(D10,DATE($X$4,$W$4,$V$4),"m")<=60),LOOKUP(2,1/(G10>=INDEX(IF(E10="x",CNTCC!$B$141:$F$251,CNTCC!$G$141:$K$251),MATCH(I10,CNTCC!$A$141:$A$251,0),0)),CNTCC!$B$140:$F$140),0)) -> bt | L10: Bt | M10: Bt | N10: Bt | O10: Bt | P10: Bt | Q10: Bt | R10: I | S10: =PROPER(B10) -> Nguyễn Mộc Thiên | T10: =DATEDIF(D10,DATE($X$4,$W$4,$V$4),"m") -> 31 | U10: =G10/(I10/100)^2 -> 15.413737 | Y10: =COUNTIF(H10:H23,Y9) -> 13 | Z10: =COUNTIF(H10:H23,Z9) -> 0 | AA10: =COUNTIF(H10:H23,AA9) -> 1 | AB10: =COUNTIF(J10:J23,AB9) -> 14 | AC10: =COUNTIF(J10:J23,AC9) -> 0 | AD10: =COUNTIF(J10:J23,AD9) -> 0 | AE10: =COUNTIF(K10:K23,AE9) -> 14 | AF10: =COUNTIF(K10:K23,AF9) -> 0 | AG10: =COUNTIF(K10:K23,AG9) -> 0 | AH10: =COUNTIF(K10:K23,AH9) -> 0 | AI10: =COUNTIF(R10:R23,AI9) -> 12 | AJ10: =COUNTIF(R10:R23,AJ9) -> 2 | AK10: =COUNTIF(R10:R23,AK9) -> 0
A11: 2 | B11: Nguyễn Võ Gia | C11: Khang | D11: 45375 | E11: x | G11: 14.1 | H11: bt | I11: 95 | J11: =IF(DATEDIF(D11,DATE($X$4,$W$4,$V$4),"m")<=60,LOOKUP(2,1/(I11>=INDEX(IF(E11="x",CCTT!$B$4:$E$64,CCTT!$F$4:$I$64),MATCH(DATEDIF(D11,DATE($X$4,$W$4,$V$4),"m"),CCTT!$A$4:$A$64,0),0)),CCTT!$B$3:$E$3),LOOKUP(2,1/(I11>=INDEX(IF(E11="x",CCTT!$B$70:$E$93,CCTT!$F$70:$I$93),MATCH(DATEDIF(D11,DATE($X$4,$W$4,$V$4),"m"),CCTT!$A$70:$A$93,0),0)),CCTT!B$69:E$69)) -> bt | K11: bt | L11: Bt | M11: VMXT | N11: Bt | O11: Bt | P11: Bt | Q11: Bt | R11: II | S11: =PROPER(B11) -> Nguyễn Võ Gia | T11: =DATEDIF(D11,DATE($X$4,$W$4,$V$4),"m") -> 29 | U11: =G11/(I11/100)^2 -> 15.623269 | Y11: =SUM(Y10:AA10) -> 14
A12: 3 | B12: Nguyễn Minh | C12: Khôi | D12: 45467 | E12: x | G12: 12.6 | H12: =IF(DATEDIF(D12,DATE($X$4,$W$4,$V$4),"m")<=60,LOOKUP(2,1/(G12>=INDEX(IF(E12="x",CNTT!$B$4:$E$64,CNTT!$F$4:$I$64),MATCH(DATEDIF(D12,DATE($X$4,$W$4,$V$4),"m"),CNTT!$A$4:$A$64,0),0)),CNTT!$B$3:$E$3),LOOKUP(2,1/(G12>=INDEX(IF(E12="x",CNTT!$B$70:$E$93,CNTT!$F$70:$I$93),MATCH(DATEDIF(D12,DATE($X$4,$W$4,$V$4),"m"),CNTT!$A$70:$A$93,0),0)),CNTT!$B$69:$E$69)) -> bt | I12: 91 | J12: =IF(DATEDIF(D12,DATE($X$4,$W$4,$V$4),"m")<=60,LOOKUP(2,1/(I12>=INDEX(IF(E12="x",CCTT!$B$4:$E$64,CCTT!$F$4:$I$64),MATCH(DATEDIF(D12,DATE($X$4,$W$4,$V$4),"m"),CCTT!$A$4:$A$64,0),0)),CCTT!$B$3:$E$3),LOOKUP(2,1/(I12>=INDEX(IF(E12="x",CCTT!$B$70:$E$93,CCTT!$F$70:$I$93),MATCH(DATEDIF(D12,DATE($X$4,$W$4,$V$4),"m"),CCTT!$A$70:$A$93,0),0)),CCTT!B$69:E$69)) -> bt | K12: =IF(DATEDIF(D12,DATE($X$4,$W$4,$V$4),"m")<24,LOOKUP(2,1/(G12>=INDEX(IF(E12="x",CNTCC!$B$4:$F$134,CNTCC!$F$4),MATCH(I12,CNTCC!$A$4:$A$134,0),0)),CNTCC!$B$3:$F$3),IF(AND(DATEDIF(D12,DATE($X$4,$W$4,$V$4),"m")>=24,DATEDIF(D12,DATE($X$4,$W$4,$V$4),"m")<=60),LOOKUP(2,1/(G12>=INDEX(IF(E12="x",CNTCC!$B$141:$F$251,CNTCC!$G$141:$K$251),MATCH(I12,CNTCC!$A$141:$A$251,0),0)),CNTCC!$B$140:$F$140),0)) -> bt | L12: Bt | M12: Bt | N12: Bt | O12: Bt | P12: Bt | Q12: Bt | R12: I | S12: =PROPER(B12) -> Nguyễn Minh | T12: =DATEDIF(D12,DATE($X$4,$W$4,$V$4),"m") -> 26 | U12: =G12/(I12/100)^2 -> 15.215554 | Y12: =SUM(AB10:AD10) -> 14
A13: 4 | B13: Hoàng Tùng | C13: Lâm | D13: 45440 | E13: x | G13: 11.4 | H13: =IF(DATEDIF(D13,DATE($X$4,$W$4,$V$4),"m")<=60,LOOKUP(2,1/(G13>=INDEX(IF(E13="x",CNTT!$B$4:$E$64,CNTT!$F$4:$I$64),MATCH(DATEDIF(D13,DATE($X$4,$W$4,$V$4),"m"),CNTT!$A$4:$A$64,0),0)),CNTT!$B$3:$E$3),LOOKUP(2,1/(G13>=INDEX(IF(E13="x",CNTT!$B$70:$E$93,CNTT!$F$70:$I$93),MATCH(DATEDIF(D13,DATE($X$4,$W$4,$V$4),"m"),CNTT!$A$70:$A$93,0),0)),CNTT!$B$69:$E$69)) -> bt | I13: 84 | J13: =IF(DATEDIF(D13,DATE($X$4,$W$4,$V$4),"m")<=60,LOOKUP(2,1/(I13>=INDEX(IF(E13="x",CCTT!$B$4:$E$64,CCTT!$F$4:$I$64),MATCH(DATEDIF(D13,DATE($X$4,$W$4,$V$4),"m"),CCTT!$A$4:$A$64,0),0)),CCTT!$B$3:$E$3),LOOKUP(2,1/(I13>=INDEX(IF(E13="x",CCTT!$B$70:$E$93,CCTT!$F$70:$I$93),MATCH(DATEDIF(D13,DATE($X$4,$W$4,$V$4),"m"),CCTT!$A$70:$A$93,0),0)),CCTT!B$69:E$69)) -> bt | K13: =IF(DATEDIF(D13,DATE($X$4,$W$4,$V$4),"m")<24,LOOKUP(2,1/(G13>=INDEX(IF(E13="x",CNTCC!$B$4:$F$134,CNTCC!$F$4),MATCH(I13,CNTCC!$A$4:$A$134,0),0)),CNTCC!$B$3:$F$3),IF(AND(DATEDIF(D13,DATE($X$4,$W$4,$V$4),"m")>=24,DATEDIF(D13,DATE($X$4,$W$4,$V$4),"m")<=60),LOOKUP(2,1/(G13>=INDEX(IF(E13="x",CNTCC!$B$141:$F$251,CNTCC!$G$141:$K$251),MATCH(I13,CNTCC!$A$141:$A$251,0),0)),CNTCC!$B$140:$F$140),0)) -> bt | L13: Bt | M13: Bt | N13: Bt | O13: Bt | P13: Bt | Q13: Bt | R13: I | S13: =PROPER(B13) -> Hoàng Tùng | T13: =DATEDIF(D13,DATE($X$4,$W$4,$V$4),"m") -> 27 | U13: =G13/(I13/100)^2 -> 16.156463 | Y13: =SUM(AE10:AH10) -> 14
A14: 5 | B14: Nguyễn Ái | C14: Linh | D14: 45343 | F14: x | G14: 12.2 | H14: =IF(DATEDIF(D14,DATE($X$4,$W$4,$V$4),"m")<=60,LOOKUP(2,1/(G14>=INDEX(IF(E14="x",CNTT!$B$4:$E$64,CNTT!$F$4:$I$64),MATCH(DATEDIF(D14,DATE($X$4,$W$4,$V$4),"m"),CNTT!$A$4:$A$64,0),0)),CNTT!$B$3:$E$3),LOOKUP(2,1/(G14>=INDEX(IF(E14="x",CNTT!$B$70:$E$93,CNTT!$F$70:$I$93),MATCH(DATEDIF(D14,DATE($X$4,$W$4,$V$4),"m"),CNTT!$A$70:$A$93,0),0)),CNTT!$B$69:$E$69)) -> bt | I14: 89 | J14: =IF(DATEDIF(D14,DATE($X$4,$W$4,$V$4),"m")<=60,LOOKUP(2,1/(I14>=INDEX(IF(E14="x",CCTT!$B$4:$E$64,CCTT!$F$4:$I$64),MATCH(DATEDIF(D14,DATE($X$4,$W$4,$V$4),"m"),CCTT!$A$4:$A$64,0),0)),CCTT!$B$3:$E$3),LOOKUP(2,1/(I14>=INDEX(IF(E14="x",CCTT!$B$70:$E$93,CCTT!$F$70:$I$93),MATCH(DATEDIF(D14,DATE($X$4,$W$4,$V$4),"m"),CCTT!$A$70:$A$93,0),0)),CCTT!B$69:E$69)) -> bt | K14: =IF(DATEDIF(D14,DATE($X$4,$W$4,$V$4),"m")<24,LOOKUP(2,1/(G14>=INDEX(IF(E14="x",CNTCC!$B$4:$F$134,CNTCC!$F$4),MATCH(I14,CNTCC!$A$4:$A$134,0),0)),CNTCC!$B$3:$F$3),IF(AND(DATEDIF(D14,DATE($X$4,$W$4,$V$4),"m")>=24,DATEDIF(D14,DATE($X$4,$W$4,$V$4),"m")<=60),LOOKUP(2,1/(G14>=INDEX(IF(E14="x",CNTCC!$B$141:$F$251,CNTCC!$G$141:$K$251),MATCH(I14,CNTCC!$A$141:$A$251,0),0)),CNTCC!$B$140:$F$140),0)) -> bt | L14: Bt | M14: Bt | N14: Bt | O14: Bt | P14: Bt | Q14: Bt | R14: I | S14: =PROPER(B14) -> Nguyễn Ái | T14: =DATEDIF(D14,DATE($X$4,$W$4,$V$4),"m") -> 30 | U14: =G14/(I14/100)^2 -> 15.402096 | Y14: =SUM(AI10:AK10) -> 14
A15: 6 | B15: Nguyễn Bảo | C15: Nam | D15: 45514 | E15: x | G15: 11 | H15: =IF(DATEDIF(D15,DATE($X$4,$W$4,$V$4),"m")<=60,LOOKUP(2,1/(G15>=INDEX(IF(E15="x",CNTT!$B$4:$E$64,CNTT!$F$4:$I$64),MATCH(DATEDIF(D15,DATE($X$4,$W$4,$V$4),"m"),CNTT!$A$4:$A$64,0),0)),CNTT!$B$3:$E$3),LOOKUP(2,1/(G15>=INDEX(IF(E15="x",CNTT!$B$70:$E$93,CNTT!$F$70:$I$93),MATCH(DATEDIF(D15,DATE($X$4,$W$4,$V$4),"m"),CNTT!$A$70:$A$93,0),0)),CNTT!$B$69:$E$69)) -> bt | I15: 84 | J15: =IF(DATEDIF(D15,DATE($X$4,$W$4,$V$4),"m")<=60,LOOKUP(2,1/(I15>=INDEX(IF(E15="x",CCTT!$B$4:$E$64,CCTT!$F$4:$I$64),MATCH(DATEDIF(D15,DATE($X$4,$W$4,$V$4),"m"),CCTT!$A$4:$A$64,0),0)),CCTT!$B$3:$E$3),LOOKUP(2,1/(I15>=INDEX(IF(E15="x",CCTT!$B$70:$E$93,CCTT!$F$70:$I$93),MATCH(DATEDIF(D15,DATE($X$4,$W$4,$V$4),"m"),CCTT!$A$70:$A$93,0),0)),CCTT!B$69:E$69)) -> bt | K15: =IF(DATEDIF(D15,DATE($X$4,$W$4,$V$4),"m")<24,LOOKUP(2,1/(G15>=INDEX(IF(E15="x",CNTCC!$B$4:$F$134,CNTCC!$F$4),MATCH(I15,CNTCC!$A$4:$A$134,0),0)),CNTCC!$B$3:$F$3),IF(AND(DATEDIF(D15,DATE($X$4,$W$4,$V$4),"m")>=24,DATEDIF(D15,DATE($X$4,$W$4,$V$4),"m")<=60),LOOKUP(2,1/(G15>=INDEX(IF(E15="x",CNTCC!$B$141:$F$251,CNTCC!$G$141:$K$251),MATCH(I15,CNTCC!$A$141:$A$251,0),0)),CNTCC!$B$140:$F$140),0)) -> bt | L15: Bt | M15: Bt | N15: Bt | O15: Bt | P15: Bt | Q15: Bt | R15: I | S15: =PROPER(B15) -> Nguyễn Bảo | T15: =DATEDIF(D15,DATE($X$4,$W$4,$V$4),"m") -> 24 | U15: =G15/(I15/100)^2 -> 15.589569
A16: 7 | B16: Ngô Phúc An | C16: Nhiên | D16: 45417 | F16: x | G16: 11.4 | H16: =IF(DATEDIF(D16,DATE($X$4,$W$4,$V$4),"m")<=60,LOOKUP(2,1/(G16>=INDEX(IF(E16="x",CNTT!$B$4:$E$64,CNTT!$F$4:$I$64),MATCH(DATEDIF(D16,DATE($X$4,$W$4,$V$4),"m"),CNTT!$A$4:$A$64,0),0)),CNTT!$B$3:$E$3),LOOKUP(2,1/(G16>=INDEX(IF(E16="x",CNTT!$B$70:$E$93,CNTT!$F$70:$I$93),MATCH(DATEDIF(D16,DATE($X$4,$W$4,$V$4),"m"),CNTT!$A$70:$A$93,0),0)),CNTT!$B$69:$E$69)) -> bt | I16: 88 | J16: =IF(DATEDIF(D16,DATE($X$4,$W$4,$V$4),"m")<=60,LOOKUP(2,1/(I16>=INDEX(IF(E16="x",CCTT!$B$4:$E$64,CCTT!$F$4:$I$64),MATCH(DATEDIF(D16,DATE($X$4,$W$4,$V$4),"m"),CCTT!$A$4:$A$64,0),0)),CCTT!$B$3:$E$3),LOOKUP(2,1/(I16>=INDEX(IF(E16="x",CCTT!$B$70:$E$93,CCTT!$F$70:$I$93),MATCH(DATEDIF(D16,DATE($X$4,$W$4,$V$4),"m"),CCTT!$A$70:$A$93,0),0)),CCTT!B$69:E$69)) -> bt | K16: =IF(DATEDIF(D16,DATE($X$4,$W$4,$V$4),"m")<24,LOOKUP(2,1/(G16>=INDEX(IF(E16="x",CNTCC!$B$4:$F$134,CNTCC!$F$4),MATCH(I16,CNTCC!$A$4:$A$134,0),0)),CNTCC!$B$3:$F$3),IF(AND(DATEDIF(D16,DATE($X$4,$W$4,$V$4),"m")>=24,DATEDIF(D16,DATE($X$4,$W$4,$V$4),"m")<=60),LOOKUP(2,1/(G16>=INDEX(IF(E16="x",CNTCC!$B$141:$F$251,CNTCC!$G$141:$K$251),MATCH(I16,CNTCC!$A$141:$A$251,0),0)),CNTCC!$B$140:$F$140),0)) -> bt | L16: Bt | M16: Bt | N16: Bt | O16: Bt | P16: Bt | Q16: Bt | R16: I | S16: =PROPER(B16) -> Ngô Phúc An | T16: =DATEDIF(D16,DATE($X$4,$W$4,$V$4),"m") -> 27 | U16: =G16/(I16/100)^2 -> 14.721074
A17: 8 | B17: Bùi Tấn | C17: Phát | D17: 45528 | F17: x | G17: 14.6 | H17: CNC | I17: 90 | J17: =IF(DATEDIF(D17,DATE($X$4,$W$4,$V$4),"m")<=60,LOOKUP(2,1/(I17>=INDEX(IF(E17="x",CCTT!$B$4:$E$64,CCTT!$F$4:$I$64),MATCH(DATEDIF(D17,DATE($X$4,$W$4,$V$4),"m"),CCTT!$A$4:$A$64,0),0)),CCTT!$B$3:$E$3),LOOKUP(2,1/(I17>=INDEX(IF(E17="x",CCTT!$B$70:$E$93,CCTT!$F$70:$I$93),MATCH(DATEDIF(D17,DATE($X$4,$W$4,$V$4),"m"),CCTT!$A$70:$A$93,0),0)),CCTT!B$69:E$69)) -> bt | K17: =IF(DATEDIF(D17,DATE($X$4,$W$4,$V$4),"m")<24,LOOKUP(2,1/(G17>=INDEX(IF(E17="x",CNTCC!$B$4:$F$134,CNTCC!$F$4),MATCH(I17,CNTCC!$A$4:$A$134,0),0)),CNTCC!$B$3:$F$3),IF(AND(DATEDIF(D17,DATE($X$4,$W$4,$V$4),"m")>=24,DATEDIF(D17,DATE($X$4,$W$4,$V$4),"m")<=60),LOOKUP(2,1/(G17>=INDEX(IF(E17="x",CNTCC!$B$141:$F$251,CNTCC!$G$141:$K$251),MATCH(I17,CNTCC!$A$141:$A$251,0),0)),CNTCC!$B$140:$F$140),0)) -> bt | L17: Bt | M17: Bt | N17: Bt | O17: Bt | P17: Bt | Q17: Bt | R17: I | S17: =PROPER(B17) -> Bùi Tấn | T17: =DATEDIF(D17,DATE($X$4,$W$4,$V$4),"m") -> 24 | U17: =G17/(I17/100)^2 -> 18.024691
A18: 9 | B18: Nguyễn Quốc Thiên | C18: Phúc | D18: 45589 | E18: x | G18: 12 | H18: =IF(DATEDIF(D18,DATE($X$4,$W$4,$V$4),"m")<=60,LOOKUP(2,1/(G18>=INDEX(IF(E18="x",CNTT!$B$4:$E$64,CNTT!$F$4:$I$64),MATCH(DATEDIF(D18,DATE($X$4,$W$4,$V$4),"m"),CNTT!$A$4:$A$64,0),0)),CNTT!$B$3:$E$3),LOOKUP(2,1/(G18>=INDEX(IF(E18="x",CNTT!$B$70:$E$93,CNTT!$F$70:$I$93),MATCH(DATEDIF(D18,DATE($X$4,$W$4,$V$4),"m"),CNTT!$A$70:$A$93,0),0)),CNTT!$B$69:$E$69)) -> bt | I18: 87 | J18: =IF(DATEDIF(D18,DATE($X$4,$W$4,$V$4),"m")<=60,LOOKUP(2,1/(I18>=INDEX(IF(E18="x",CCTT!$B$4:$E$64,CCTT!$F$4:$I$64),MATCH(DATEDIF(D18,DATE($X$4,$W$4,$V$4),"m"),CCTT!$A$4:$A$64,0),0)),CCTT!$B$3:$E$3),LOOKUP(2,1/(I18>=INDEX(IF(E18="x",CCTT!$B$70:$E$93,CCTT!$F$70:$I$93),MATCH(DATEDIF(D18,DATE($X$4,$W$4,$V$4),"m"),CCTT!$A$70:$A$93,0),0)),CCTT!B$69:E$69)) -> bt | K18: =IF(DATEDIF(D18,DATE($X$4,$W$4,$V$4),"m")<24,LOOKUP(2,1/(G18>=INDEX(IF(E18="x",CNTCC!$B$4:$F$134,CNTCC!$F$4),MATCH(I18,CNTCC!$A$4:$A$134,0),0)),CNTCC!$B$3:$F$3),IF(AND(DATEDIF(D18,DATE($X$4,$W$4,$V$4),"m")>=24,DATEDIF(D18,DATE($X$4,$W$4,$V$4),"m")<=60),LOOKUP(2,1/(G18>=INDEX(IF(E18="x",CNTCC!$B$141:$F$251,CNTCC!$G$141:$K$251),MATCH(I18,CNTCC!$A$141:$A$251,0),0)),CNTCC!$B$140:$F$140),0)) -> bt | L18: Bt | M18: Bt | N18: Bt | O18: Bt | P18: Bt | Q18: Bt | R18: I | S18: =PROPER(B18) -> Nguyễn Quốc Thiên | T18: =DATEDIF(D18,DATE($X$4,$W$4,$V$4),"m") -> 22 | U18: =G18/(I18/100)^2 -> 15.854142
A19: 10 | B19: Huỳnh Minh | C19: Phúc | D19: 45516 | E19: x | G19: 14.6 | H19: =IF(DATEDIF(D19,DATE($X$4,$W$4,$V$4),"m")<=60,LOOKUP(2,1/(G19>=INDEX(IF(E19="x",CNTT!$B$4:$E$64,CNTT!$F$4:$I$64),MATCH(DATEDIF(D19,DATE($X$4,$W$4,$V$4),"m"),CNTT!$A$4:$A$64,0),0)),CNTT!$B$3:$E$3),LOOKUP(2,1/(G19>=INDEX(IF(E19="x",CNTT!$B$70:$E$93,CNTT!$F$70:$I$93),MATCH(DATEDIF(D19,DATE($X$4,$W$4,$V$4),"m"),CNTT!$A$70:$A$93,0),0)),CNTT!$B$69:$E$69)) -> bt | I19: 91 | J19: =IF(DATEDIF(D19,DATE($X$4,$W$4,$V$4),"m")<=60,LOOKUP(2,1/(I19>=INDEX(IF(E19="x",CCTT!$B$4:$E$64,CCTT!$F$4:$I$64),MATCH(DATEDIF(D19,DATE($X$4,$W$4,$V$4),"m"),CCTT!$A$4:$A$64,0),0)),CCTT!$B$3:$E$3),LOOKUP(2,1/(I19>=INDEX(IF(E19="x",CCTT!$B$70:$E$93,CCTT!$F$70:$I$93),MATCH(DATEDIF(D19,DATE($X$4,$W$4,$V$4),"m"),CCTT!$A$70:$A$93,0),0)),CCTT!B$69:E$69)) -> bt | K19: =IF(DATEDIF(D19,DATE($X$4,$W$4,$V$4),"m")<24,LOOKUP(2,1/(G19>=INDEX(IF(E19="x",CNTCC!$B$4:$F$134,CNTCC!$F$4),MATCH(I19,CNTCC!$A$4:$A$134,0),0)),CNTCC!$B$3:$F$3),IF(AND(DATEDIF(D19,DATE($X$4,$W$4,$V$4),"m")>=24,DATEDIF(D19,DATE($X$4,$W$4,$V$4),"m")<=60),LOOKUP(2,1/(G19>=INDEX(IF(E19="x",CNTCC!$B$141:$F$251,CNTCC!$G$141:$K$251),MATCH(I19,CNTCC!$A$141:$A$251,0),0)),CNTCC!$B$140:$F$140),0)) -> bt | L19: Bt | M19: Bt | N19: Bt | O19: Bt | P19: Bt | Q19: Bt | R19: I | S19: =PROPER(B19) -> Huỳnh Minh | T19: =DATEDIF(D19,DATE($X$4,$W$4,$V$4),"m") -> 24 | U19: =G19/(I19/100)^2 -> 17.630721
A20: 11 | B20: Nguyễn Hiếu | C20: Thành | D20: 45458 | E20: x | G20: 10.5 | H20: =IF(DATEDIF(D20,DATE($X$4,$W$4,$V$4),"m")<=60,LOOKUP(2,1/(G20>=INDEX(IF(E20="x",CNTT!$B$4:$E$64,CNTT!$F$4:$I$64),MATCH(DATEDIF(D20,DATE($X$4,$W$4,$V$4),"m"),CNTT!$A$4:$A$64,0),0)),CNTT!$B$3:$E$3),LOOKUP(2,1/(G20>=INDEX(IF(E20="x",CNTT!$B$70:$E$93,CNTT!$F$70:$I$93),MATCH(DATEDIF(D20,DATE($X$4,$W$4,$V$4),"m"),CNTT!$A$70:$A$93,0),0)),CNTT!$B$69:$E$69)) -> bt | I20: 85 | J20: =IF(DATEDIF(D20,DATE($X$4,$W$4,$V$4),"m")<=60,LOOKUP(2,1/(I20>=INDEX(IF(E20="x",CCTT!$B$4:$E$64,CCTT!$F$4:$I$64),MATCH(DATEDIF(D20,DATE($X$4,$W$4,$V$4),"m"),CCTT!$A$4:$A$64,0),0)),CCTT!$B$3:$E$3),LOOKUP(2,1/(I20>=INDEX(IF(E20="x",CCTT!$B$70:$E$93,CCTT!$F$70:$I$93),MATCH(DATEDIF(D20,DATE($X$4,$W$4,$V$4),"m"),CCTT!$A$70:$A$93,0),0)),CCTT!B$69:E$69)) -> bt | K20: =IF(DATEDIF(D20,DATE($X$4,$W$4,$V$4),"m")<24,LOOKUP(2,1/(G20>=INDEX(IF(E20="x",CNTCC!$B$4:$F$134,CNTCC!$F$4),MATCH(I20,CNTCC!$A$4:$A$134,0),0)),CNTCC!$B$3:$F$3),IF(AND(DATEDIF(D20,DATE($X$4,$W$4,$V$4),"m")>=24,DATEDIF(D20,DATE($X$4,$W$4,$V$4),"m")<=60),LOOKUP(2,1/(G20>=INDEX(IF(E20="x",CNTCC!$B$141:$F$251,CNTCC!$G$141:$K$251),MATCH(I20,CNTCC!$A$141:$A$251,0),0)),CNTCC!$B$140:$F$140),0)) -> bt | L20: Bt | M20: Bt | N20: Bt | O20: Bt | P20: Bt | Q20: Bt | R20: I | S20: =PROPER(B20) -> Nguyễn Hiếu | T20: =DATEDIF(D20,DATE($X$4,$W$4,$V$4),"m") -> 26 | U20: =G20/(I20/100)^2 -> 14.532872
A21: 12 | B21: Nguyễn Ngọc Uyên | C21: Thư | D21: 45381 | F21: x | G21: 12.5 | H21: =IF(DATEDIF(D21,DATE($X$4,$W$4,$V$4),"m")<=60,LOOKUP(2,1/(G21>=INDEX(IF(E21="x",CNTT!$B$4:$E$64,CNTT!$F$4:$I$64),MATCH(DATEDIF(D21,DATE($X$4,$W$4,$V$4),"m"),CNTT!$A$4:$A$64,0),0)),CNTT!$B$3:$E$3),LOOKUP(2,1/(G21>=INDEX(IF(E21="x",CNTT!$B$70:$E$93,CNTT!$F$70:$I$93),MATCH(DATEDIF(D21,DATE($X$4,$W$4,$V$4),"m"),CNTT!$A$70:$A$93,0),0)),CNTT!$B$69:$E$69)) -> bt | I21: 90 | J21: =IF(DATEDIF(D21,DATE($X$4,$W$4,$V$4),"m")<=60,LOOKUP(2,1/(I21>=INDEX(IF(E21="x",CCTT!$B$4:$E$64,CCTT!$F$4:$I$64),MATCH(DATEDIF(D21,DATE($X$4,$W$4,$V$4),"m"),CCTT!$A$4:$A$64,0),0)),CCTT!$B$3:$E$3),LOOKUP(2,1/(I21>=INDEX(IF(E21="x",CCTT!$B$70:$E$93,CCTT!$F$70:$I$93),MATCH(DATEDIF(D21,DATE($X$4,$W$4,$V$4),"m"),CCTT!$A$70:$A$93,0),0)),CCTT!B$69:E$69)) -> bt | K21: =IF(DATEDIF(D21,DATE($X$4,$W$4,$V$4),"m")<24,LOOKUP(2,1/(G21>=INDEX(IF(E21="x",CNTCC!$B$4:$F$134,CNTCC!$F$4),MATCH(I21,CNTCC!$A$4:$A$134,0),0)),CNTCC!$B$3:$F$3),IF(AND(DATEDIF(D21,DATE($X$4,$W$4,$V$4),"m")>=24,DATEDIF(D21,DATE($X$4,$W$4,$V$4),"m")<=60),LOOKUP(2,1/(G21>=INDEX(IF(E21="x",CNTCC!$B$141:$F$251,CNTCC!$G$141:$K$251),MATCH(I21,CNTCC!$A$141:$A$251,0),0)),CNTCC!$B$140:$F$140),0)) -> bt | L21: Bt | M21: Bt | N21: Bt | O21: Bt | P21: Bt | Q21: Bt | R21: I | S21: =PROPER(B21) -> Nguyễn Ngọc Uyên | T21: =DATEDIF(D21,DATE($X$4,$W$4,$V$4),"m") -> 29 | U21: =G21/(I21/100)^2 -> 15.432099
A22: 13 | B22: Nguyễn Khánh | C22: Vy | D22: 09/04/2024 | F22: x | G22: 12.6 | H22: =IF(DATEDIF(D22,DATE($X$4,$W$4,$V$4),"m")<=60,LOOKUP(2,1/(G22>=INDEX(IF(E22="x",CNTT!$B$4:$E$64,CNTT!$F$4:$I$64),MATCH(DATEDIF(D22,DATE($X$4,$W$4,$V$4),"m"),CNTT!$A$4:$A$64,0),0)),CNTT!$B$3:$E$3),LOOKUP(2,1/(G22>=INDEX(IF(E22="x",CNTT!$B$70:$E$93,CNTT!$F$70:$I$93),MATCH(DATEDIF(D22,DATE($X$4,$W$4,$V$4),"m"),CNTT!$A$70:$A$93,0),0)),CNTT!$B$69:$E$69)) -> bt | I22: 88 | J22: =IF(DATEDIF(D22,DATE($X$4,$W$4,$V$4),"m")<=60,LOOKUP(2,1/(I22>=INDEX(IF(E22="x",CCTT!$B$4:$E$64,CCTT!$F$4:$I$64),MATCH(DATEDIF(D22,DATE($X$4,$W$4,$V$4),"m"),CCTT!$A$4:$A$64,0),0)),CCTT!$B$3:$E$3),LOOKUP(2,1/(I22>=INDEX(IF(E22="x",CCTT!$B$70:$E$93,CCTT!$F$70:$I$93),MATCH(DATEDIF(D22,DATE($X$4,$W$4,$V$4),"m"),CCTT!$A$70:$A$93,0),0)),CCTT!B$69:E$69)) -> bt | K22: =IF(DATEDIF(D22,DATE($X$4,$W$4,$V$4),"m")<24,LOOKUP(2,1/(G22>=INDEX(IF(E22="x",CNTCC!$B$4:$F$134,CNTCC!$F$4),MATCH(I22,CNTCC!$A$4:$A$134,0),0)),CNTCC!$B$3:$F$3),IF(AND(DATEDIF(D22,DATE($X$4,$W$4,$V$4),"m")>=24,DATEDIF(D22,DATE($X$4,$W$4,$V$4),"m")<=60),LOOKUP(2,1/(G22>=INDEX(IF(E22="x",CNTCC!$B$141:$F$251,CNTCC!$G$141:$K$251),MATCH(I22,CNTCC!$A$141:$A$251,0),0)),CNTCC!$B$140:$F$140),0)) -> bt | L22: Bt | M22: Bt | N22: Bt | O22: Bt | P22: Khe sứt môi hở hàm ếch đã phẩu thuật | Q22: Bt | R22: II | S22: =PROPER(B22) -> Nguyễn Khánh | T22: =DATEDIF(D22,DATE($X$4,$W$4,$V$4),"m") -> 28 | U22: =G22/(I22/100)^2 -> 16.270661
A23: 14 | B23: Nguyễn Tâm | C23: Ý | D23: 04/04/2024 | F23: x | G23: 11.8 | H23: =IF(DATEDIF(D23,DATE($X$4,$W$4,$V$4),"m")<=60,LOOKUP(2,1/(G23>=INDEX(IF(E23="x",CNTT!$B$4:$E$64,CNTT!$F$4:$I$64),MATCH(DATEDIF(D23,DATE($X$4,$W$4,$V$4),"m"),CNTT!$A$4:$A$64,0),0)),CNTT!$B$3:$E$3),LOOKUP(2,1/(G23>=INDEX(IF(E23="x",CNTT!$B$70:$E$93,CNTT!$F$70:$I$93),MATCH(DATEDIF(D23,DATE($X$4,$W$4,$V$4),"m"),CNTT!$A$70:$A$93,0),0)),CNTT!$B$69:$E$69)) -> bt | I23: 89 | J23: =IF(DATEDIF(D23,DATE($X$4,$W$4,$V$4),"m")<=60,LOOKUP(2,1/(I23>=INDEX(IF(E23="x",CCTT!$B$4:$E$64,CCTT!$F$4:$I$64),MATCH(DATEDIF(D23,DATE($X$4,$W$4,$V$4),"m"),CCTT!$A$4:$A$64,0),0)),CCTT!$B$3:$E$3),LOOKUP(2,1/(I23>=INDEX(IF(E23="x",CCTT!$B$70:$E$93,CCTT!$F$70:$I$93),MATCH(DATEDIF(D23,DATE($X$4,$W$4,$V$4),"m"),CCTT!$A$70:$A$93,0),0)),CCTT!B$69:E$69)) -> bt | K23: =IF(DATEDIF(D23,DATE($X$4,$W$4,$V$4),"m")<24,LOOKUP(2,1/(G23>=INDEX(IF(E23="x",CNTCC!$B$4:$F$134,CNTCC!$F$4),MATCH(I23,CNTCC!$A$4:$A$134,0),0)),CNTCC!$B$3:$F$3),IF(AND(DATEDIF(D23,DATE($X$4,$W$4,$V$4),"m")>=24,DATEDIF(D23,DATE($X$4,$W$4,$V$4),"m")<=60),LOOKUP(2,1/(G23>=INDEX(IF(E23="x",CNTCC!$B$141:$F$251,CNTCC!$G$141:$K$251),MATCH(I23,CNTCC!$A$141:$A$251,0),0)),CNTCC!$B$140:$F$140),0)) -> bt | L23: Bt | M23: Bt | N23: Bt | O23: Bt | P23: Bt | Q23: Bt | R23: I | S23: =PROPER(B23) -> Nguyễn Tâm | T23: =DATEDIF(D23,DATE($X$4,$W$4,$V$4),"m") -> 28 | U23: =G23/(I23/100)^2 -> 14.897109
D25: GHI CHÚ CHỮ VIẾT TẮT:
A27: bt | C27: : Bình thường | I27: SDDTTC | L27: : Suy dinh dưỡng thể thấp còi
A28: SDDTNC | C28: : Suy dinh dưỡng thể nhẹ cân | I28: SDDTTCMĐN | L28: : Suy dinh dưỡng thể thấp còi mức độ nặng
A29: TC | C29: : Thừa cân | I29: SDDTGC | L29: : Suy dinh dưỡng thể gầy còm
A30: BP | C30: : Béo phì | I30: SDDTGCMĐN | L30: : Suy dinh dưỡng thể gầy còm mức độ nặng
A31: CNC | C31: : Cân nặng cao | I31: CHT | L31: : Cao hơn tuổi
A32: VP | C32: : Viêm phổi | I32: VMH | L32: : Viêm mũi họng
A33: Sr | C33: : Sâu răng | I33: VMXT | L33: : Viêm mũi xuất tiết
A34: VHHT | C34: : Viêm hô hấp trên | I34: TKX | L34: : Tật khúc xa

Sheet 25-36 B
A1: BẢNG TỔNG HỢP KHÁM SỨC KHỎE HỌC SINH
A2: (Khám sức khỏe học sinh năm học 2026-2027 ngày 15 tháng 9 năm 2026)
V3: NGÀY CÂN ĐO
A4: TÊN ĐƠN VỊ | C4: : TRƯỜNG MẦM NON TƯ THỤC MINH ANH | J4: LỚP | K4: 25-36 THÁNG B | W4: 9 | X4: 2026
A5: ĐỊA CHỈ | C5: : SỐ 15/6 TRẦN ĐƯỜNG - PHƯỜNG TÂY NHA TRANG - KHÁNH HÒA
A8: STT | B8: HỌ VÀ TÊN | D8: NGÀY SINH | E8: GIỚI TÍNH | G8: TÌNH TRẠNG DINH DƯỠNG | L8: KHÁM CHUYÊN KHOA | R8: PHÂN LOẠI SỨC KHỎE | T8: THÁNG
E9: Nam | F9: Nữ | G9: Cân nặng (kg) | H9: Kết quả | I9: Chiều cao (cm) | J9: Kết quả | K9: Cân nặng theo chiều cao | L9: NHI KHOA | M9: TAI MŨI HỌNG | N9: MẮT | O9: CƠ XƯƠNG KHỚP | P9: RĂNG HÀM MẶT | Q9: CHUYÊN KHOA KHÁC | Y9: bt | Z9: SDDTNC | AA9: CNC | AB9: bt | AC9: SDDTTC | AD9: CHT | AE9: bt | AF9: TC | AG9: BP | AH9: SDDTGC | AI9: I | AJ9: II | AK9: III
A10: 1 | B10: Nguyễn Quỳnh | C10: Anh | D10: 45447 | F10: x | G10: 11.8 | H10: =IF(DATEDIF(D10,DATE($X$4,$W$4,$V$4),"m")<=60,LOOKUP(2,1/(G10>=INDEX(IF(E10="x",CNTT!$B$4:$E$64,CNTT!$F$4:$I$64),MATCH(DATEDIF(D10,DATE($X$4,$W$4,$V$4),"m"),CNTT!$A$4:$A$64,0),0)),CNTT!$B$3:$E$3),LOOKUP(2,1/(G10>=INDEX(IF(E10="x",CNTT!$B$70:$E$93,CNTT!$F$70:$I$93),MATCH(DATEDIF(D10,DATE($X$4,$W$4,$V$4),"m"),CNTT!$A$70:$A$93,0),0)),CNTT!$B$69:$E$69)) -> bt | I10: 86 | J10: =IF(DATEDIF(D10,DATE($X$4,$W$4,$V$4),"m")<=60,LOOKUP(2,1/(I10>=INDEX(IF(E10="x",CCTT!$B$4:$E$64,CCTT!$F$4:$I$64),MATCH(DATEDIF(D10,DATE($X$4,$W$4,$V$4),"m"),CCTT!$A$4:$A$64,0),0)),CCTT!$B$3:$E$3),LOOKUP(2,1/(I10>=INDEX(IF(E10="x",CCTT!$B$70:$E$93,CCTT!$F$70:$I$93),MATCH(DATEDIF(D10,DATE($X$4,$W$4,$V$4),"m"),CCTT!$A$70:$A$93,0),0)),CCTT!B$69:E$69)) -> bt | K10: =IF(DATEDIF(D10,DATE($X$4,$W$4,$V$4),"m")<24,LOOKUP(2,1/(G10>=INDEX(IF(E10="x",CNTCC!$B$4:$F$134,CNTCC!$F$4),MATCH(I10,CNTCC!$A$4:$A$134,0),0)),CNTCC!$B$3:$F$3),IF(AND(DATEDIF(D10,DATE($X$4,$W$4,$V$4),"m")>=24,DATEDIF(D10,DATE($X$4,$W$4,$V$4),"m")<=60),LOOKUP(2,1/(G10>=INDEX(IF(E10="x",CNTCC!$B$141:$F$251,CNTCC!$G$141:$K$251),MATCH(I10,CNTCC!$A$141:$A$251,0),0)),CNTCC!$B$140:$F$140),0)) -> bt | L10: Bt | M10: Bt | N10: Bt | O10: Bt | P10: Bt | Q10: Bt | R10: I | S10: =PROPER(B10) -> Nguyễn Quỳnh | T10: =DATEDIF(D10,DATE($X$4,$W$4,$V$4),"m") -> 26 | U10: =G10/(I10/100)^2 -> 15.95457 | Y10: =COUNTIF(H10:H25,Y9) -> 14 | Z10: =COUNTIF(H10:H25,Z9) -> 0 | AA10: =COUNTIF(H10:H25,AA9) -> 2 | AB10: =COUNTIF(J10:J25,AB9) -> 16 | AC10: =COUNTIF(J10:J25,AC9) -> 0 | AD10: =COUNTIF(J10:J25,AD9) -> 0 | AE10: =COUNTIF(K10:K25,AE9) -> 14 | AF10: =COUNTIF(K10:K25,AF9) -> 2 | AG10: =COUNTIF(K10:K25,AG9) -> 0 | AH10: =COUNTIF(K10:K25,AH9) -> 0 | AI10: =COUNTIF(R10:R25,AI9) -> 11 | AJ10: =COUNTIF(R10:R25,AJ9) -> 5 | AK10: =COUNTIF(R10:R25,AK9) -> 0
A11: 2 | B11: Sử Duy Huyền | C11: Anh | D11: 45518 | F11: x | G11: 11.8 | H11: =IF(DATEDIF(D11,DATE($X$4,$W$4,$V$4),"m")<=60,LOOKUP(2,1/(G11>=INDEX(IF(E11="x",CNTT!$B$4:$E$64,CNTT!$F$4:$I$64),MATCH(DATEDIF(D11,DATE($X$4,$W$4,$V$4),"m"),CNTT!$A$4:$A$64,0),0)),CNTT!$B$3:$E$3),LOOKUP(2,1/(G11>=INDEX(IF(E11="x",CNTT!$B$70:$E$93,CNTT!$F$70:$I$93),MATCH(DATEDIF(D11,DATE($X$4,$W$4,$V$4),"m"),CNTT!$A$70:$A$93,0),0)),CNTT!$B$69:$E$69)) -> bt | I11: 84 | J11: =IF(DATEDIF(D11,DATE($X$4,$W$4,$V$4),"m")<=60,LOOKUP(2,1/(I11>=INDEX(IF(E11="x",CCTT!$B$4:$E$64,CCTT!$F$4:$I$64),MATCH(DATEDIF(D11,DATE($X$4,$W$4,$V$4),"m"),CCTT!$A$4:$A$64,0),0)),CCTT!$B$3:$E$3),LOOKUP(2,1/(I11>=INDEX(IF(E11="x",CCTT!$B$70:$E$93,CCTT!$F$70:$I$93),MATCH(DATEDIF(D11,DATE($X$4,$W$4,$V$4),"m"),CCTT!$A$70:$A$93,0),0)),CCTT!B$69:E$69)) -> bt | K11: =IF(DATEDIF(D11,DATE($X$4,$W$4,$V$4),"m")<24,LOOKUP(2,1/(G11>=INDEX(IF(E11="x",CNTCC!$B$4:$F$134,CNTCC!$F$4),MATCH(I11,CNTCC!$A$4:$A$134,0),0)),CNTCC!$B$3:$F$3),IF(AND(DATEDIF(D11,DATE($X$4,$W$4,$V$4),"m")>=24,DATEDIF(D11,DATE($X$4,$W$4,$V$4),"m")<=60),LOOKUP(2,1/(G11>=INDEX(IF(E11="x",CNTCC!$B$141:$F$251,CNTCC!$G$141:$K$251),MATCH(I11,CNTCC!$A$141:$A$251,0),0)),CNTCC!$B$140:$F$140),0)) -> bt | L11: Bt | M11: Bt | N11: Bt | O11: Bt | P11: Bt | Q11: Bt | R11: I | S11: =PROPER(B11) -> Sử Duy Huyền | T11: =DATEDIF(D11,DATE($X$4,$W$4,$V$4),"m") -> 24 | U11: =G11/(I11/100)^2 -> 16.723356 | Y11: =SUM(Y10:AA10) -> 16
A12: 3 | B12: Lê Quốc Nhật | C12: Anh | D12: 45474 | E12: x | G12: 14 | H12: =IF(DATEDIF(D12,DATE($X$4,$W$4,$V$4),"m")<=60,LOOKUP(2,1/(G12>=INDEX(IF(E12="x",CNTT!$B$4:$E$64,CNTT!$F$4:$I$64),MATCH(DATEDIF(D12,DATE($X$4,$W$4,$V$4),"m"),CNTT!$A$4:$A$64,0),0)),CNTT!$B$3:$E$3),LOOKUP(2,1/(G12>=INDEX(IF(E12="x",CNTT!$B$70:$E$93,CNTT!$F$70:$I$93),MATCH(DATEDIF(D12,DATE($X$4,$W$4,$V$4),"m"),CNTT!$A$70:$A$93,0),0)),CNTT!$B$69:$E$69)) -> bt | I12: 88 | J12: =IF(DATEDIF(D12,DATE($X$4,$W$4,$V$4),"m")<=60,LOOKUP(2,1/(I12>=INDEX(IF(E12="x",CCTT!$B$4:$E$64,CCTT!$F$4:$I$64),MATCH(DATEDIF(D12,DATE($X$4,$W$4,$V$4),"m"),CCTT!$A$4:$A$64,0),0)),CCTT!$B$3:$E$3),LOOKUP(2,1/(I12>=INDEX(IF(E12="x",CCTT!$B$70:$E$93,CCTT!$F$70:$I$93),MATCH(DATEDIF(D12,DATE($X$4,$W$4,$V$4),"m"),CCTT!$A$70:$A$93,0),0)),CCTT!B$69:E$69)) -> bt | K12: =IF(DATEDIF(D12,DATE($X$4,$W$4,$V$4),"m")<24,LOOKUP(2,1/(G12>=INDEX(IF(E12="x",CNTCC!$B$4:$F$134,CNTCC!$F$4),MATCH(I12,CNTCC!$A$4:$A$134,0),0)),CNTCC!$B$3:$F$3),IF(AND(DATEDIF(D12,DATE($X$4,$W$4,$V$4),"m")>=24,DATEDIF(D12,DATE($X$4,$W$4,$V$4),"m")<=60),LOOKUP(2,1/(G12>=INDEX(IF(E12="x",CNTCC!$B$141:$F$251,CNTCC!$G$141:$K$251),MATCH(I12,CNTCC!$A$141:$A$251,0),0)),CNTCC!$B$140:$F$140),0)) -> bt | L12: Bt | M12: VMXT | N12: Bt | O12: Bt | P12: Bt | Q12: Bt | R12: II | S12: =PROPER(B12) -> Lê Quốc Nhật | T12: =DATEDIF(D12,DATE($X$4,$W$4,$V$4),"m") -> 25 | U12: =G12/(I12/100)^2 -> 18.078512 | Y12: =SUM(AB10:AD10) -> 16
A13: 4 | B13: Trần Gia | C13: Bách | D13: 45455 | E13: x | G13: 15.1 | H13: =IF(DATEDIF(D13,DATE($X$4,$W$4,$V$4),"m")<=60,LOOKUP(2,1/(G13>=INDEX(IF(E13="x",CNTT!$B$4:$E$64,CNTT!$F$4:$I$64),MATCH(DATEDIF(D13,DATE($X$4,$W$4,$V$4),"m"),CNTT!$A$4:$A$64,0),0)),CNTT!$B$3:$E$3),LOOKUP(2,1/(G13>=INDEX(IF(E13="x",CNTT!$B$70:$E$93,CNTT!$F$70:$I$93),MATCH(DATEDIF(D13,DATE($X$4,$W$4,$V$4),"m"),CNTT!$A$70:$A$93,0),0)),CNTT!$B$69:$E$69)) -> bt | I13: 89 | J13: =IF(DATEDIF(D13,DATE($X$4,$W$4,$V$4),"m")<=60,LOOKUP(2,1/(I13>=INDEX(IF(E13="x",CCTT!$B$4:$E$64,CCTT!$F$4:$I$64),MATCH(DATEDIF(D13,DATE($X$4,$W$4,$V$4),"m"),CCTT!$A$4:$A$64,0),0)),CCTT!$B$3:$E$3),LOOKUP(2,1/(I13>=INDEX(IF(E13="x",CCTT!$B$70:$E$93,CCTT!$F$70:$I$93),MATCH(DATEDIF(D13,DATE($X$4,$W$4,$V$4),"m"),CCTT!$A$70:$A$93,0),0)),CCTT!B$69:E$69)) -> bt | K13: bt | L13: Bt | M13: Bt | N13: Bt | O13: Bt | P13: Bt | Q13: Bt | R13: I | S13: =PROPER(B13) -> Trần Gia | T13: =DATEDIF(D13,DATE($X$4,$W$4,$V$4),"m") -> 26 | U13: =G13/(I13/100)^2 -> 19.06325 | Y13: =SUM(AE10:AH10) -> 16
A14: 5 | B14: Võ Khanh | C14: Di | D14: 45589 | F14: x | G14: 11.7 | H14: =IF(DATEDIF(D14,DATE($X$4,$W$4,$V$4),"m")<=60,LOOKUP(2,1/(G14>=INDEX(IF(E14="x",CNTT!$B$4:$E$64,CNTT!$F$4:$I$64),MATCH(DATEDIF(D14,DATE($X$4,$W$4,$V$4),"m"),CNTT!$A$4:$A$64,0),0)),CNTT!$B$3:$E$3),LOOKUP(2,1/(G14>=INDEX(IF(E14="x",CNTT!$B$70:$E$93,CNTT!$F$70:$I$93),MATCH(DATEDIF(D14,DATE($X$4,$W$4,$V$4),"m"),CNTT!$A$70:$A$93,0),0)),CNTT!$B$69:$E$69)) -> bt | I14: 88 | J14: =IF(DATEDIF(D14,DATE($X$4,$W$4,$V$4),"m")<=60,LOOKUP(2,1/(I14>=INDEX(IF(E14="x",CCTT!$B$4:$E$64,CCTT!$F$4:$I$64),MATCH(DATEDIF(D14,DATE($X$4,$W$4,$V$4),"m"),CCTT!$A$4:$A$64,0),0)),CCTT!$B$3:$E$3),LOOKUP(2,1/(I14>=INDEX(IF(E14="x",CCTT!$B$70:$E$93,CCTT!$F$70:$I$93),MATCH(DATEDIF(D14,DATE($X$4,$W$4,$V$4),"m"),CCTT!$A$70:$A$93,0),0)),CCTT!B$69:E$69)) -> bt | K14: bt | L14: Bt | M14: Bt | N14: Bt | O14: Bt | P14: Bt | Q14: Bt | R14: I | S14: =PROPER(B14) -> Võ Khanh | T14: =DATEDIF(D14,DATE($X$4,$W$4,$V$4),"m") -> 22 | U14: =G14/(I14/100)^2 -> 15.108471 | Y14: =SUM(AI10:AK10) -> 16
A15: 6 | B15: Nguyễn Đỗ Quỳnh | C15: Hân | D15: 45500 | F15: x | G15: 12.2 | H15: =IF(DATEDIF(D15,DATE($X$4,$W$4,$V$4),"m")<=60,LOOKUP(2,1/(G15>=INDEX(IF(E15="x",CNTT!$B$4:$E$64,CNTT!$F$4:$I$64),MATCH(DATEDIF(D15,DATE($X$4,$W$4,$V$4),"m"),CNTT!$A$4:$A$64,0),0)),CNTT!$B$3:$E$3),LOOKUP(2,1/(G15>=INDEX(IF(E15="x",CNTT!$B$70:$E$93,CNTT!$F$70:$I$93),MATCH(DATEDIF(D15,DATE($X$4,$W$4,$V$4),"m"),CNTT!$A$70:$A$93,0),0)),CNTT!$B$69:$E$69)) -> bt | I15: 87 | J15: =IF(DATEDIF(D15,DATE($X$4,$W$4,$V$4),"m")<=60,LOOKUP(2,1/(I15>=INDEX(IF(E15="x",CCTT!$B$4:$E$64,CCTT!$F$4:$I$64),MATCH(DATEDIF(D15,DATE($X$4,$W$4,$V$4),"m"),CCTT!$A$4:$A$64,0),0)),CCTT!$B$3:$E$3),LOOKUP(2,1/(I15>=INDEX(IF(E15="x",CCTT!$B$70:$E$93,CCTT!$F$70:$I$93),MATCH(DATEDIF(D15,DATE($X$4,$W$4,$V$4),"m"),CCTT!$A$70:$A$93,0),0)),CCTT!B$69:E$69)) -> bt | K15: =IF(DATEDIF(D15,DATE($X$4,$W$4,$V$4),"m")<24,LOOKUP(2,1/(G15>=INDEX(IF(E15="x",CNTCC!$B$4:$F$134,CNTCC!$F$4),MATCH(I15,CNTCC!$A$4:$A$134,0),0)),CNTCC!$B$3:$F$3),IF(AND(DATEDIF(D15,DATE($X$4,$W$4,$V$4),"m")>=24,DATEDIF(D15,DATE($X$4,$W$4,$V$4),"m")<=60),LOOKUP(2,1/(G15>=INDEX(IF(E15="x",CNTCC!$B$141:$F$251,CNTCC!$G$141:$K$251),MATCH(I15,CNTCC!$A$141:$A$251,0),0)),CNTCC!$B$140:$F$140),0)) -> bt | L15: Bt | M15: VMXT | N15: Bt | O15: Bt | P15: Bt | Q15: Bt | R15: II | S15: =PROPER(B15) -> Nguyễn Đỗ Quỳnh | T15: =DATEDIF(D15,DATE($X$4,$W$4,$V$4),"m") -> 25 | U15: =G15/(I15/100)^2 -> 16.118378
A16: 7 | B16: Nguyễn Quang | C16: Khôi | D16: 45438 | E16: x | G16: 11.7 | H16: =IF(DATEDIF(D16,DATE($X$4,$W$4,$V$4),"m")<=60,LOOKUP(2,1/(G16>=INDEX(IF(E16="x",CNTT!$B$4:$E$64,CNTT!$F$4:$I$64),MATCH(DATEDIF(D16,DATE($X$4,$W$4,$V$4),"m"),CNTT!$A$4:$A$64,0),0)),CNTT!$B$3:$E$3),LOOKUP(2,1/(G16>=INDEX(IF(E16="x",CNTT!$B$70:$E$93,CNTT!$F$70:$I$93),MATCH(DATEDIF(D16,DATE($X$4,$W$4,$V$4),"m"),CNTT!$A$70:$A$93,0),0)),CNTT!$B$69:$E$69)) -> bt | I16: 90 | J16: =IF(DATEDIF(D16,DATE($X$4,$W$4,$V$4),"m")<=60,LOOKUP(2,1/(I16>=INDEX(IF(E16="x",CCTT!$B$4:$E$64,CCTT!$F$4:$I$64),MATCH(DATEDIF(D16,DATE($X$4,$W$4,$V$4),"m"),CCTT!$A$4:$A$64,0),0)),CCTT!$B$3:$E$3),LOOKUP(2,1/(I16>=INDEX(IF(E16="x",CCTT!$B$70:$E$93,CCTT!$F$70:$I$93),MATCH(DATEDIF(D16,DATE($X$4,$W$4,$V$4),"m"),CCTT!$A$70:$A$93,0),0)),CCTT!B$69:E$69)) -> bt | K16: =IF(DATEDIF(D16,DATE($X$4,$W$4,$V$4),"m")<24,LOOKUP(2,1/(G16>=INDEX(IF(E16="x",CNTCC!$B$4:$F$134,CNTCC!$F$4),MATCH(I16,CNTCC!$A$4:$A$134,0),0)),CNTCC!$B$3:$F$3),IF(AND(DATEDIF(D16,DATE($X$4,$W$4,$V$4),"m")>=24,DATEDIF(D16,DATE($X$4,$W$4,$V$4),"m")<=60),LOOKUP(2,1/(G16>=INDEX(IF(E16="x",CNTCC!$B$141:$F$251,CNTCC!$G$141:$K$251),MATCH(I16,CNTCC!$A$141:$A$251,0),0)),CNTCC!$B$140:$F$140),0)) -> bt | L16: Bt | M16: Bt | N16: Bt | O16: Bt | P16: Bt | Q16: Bt | R16: I | S16: =PROPER(B16) -> Nguyễn Quang | T16: =DATEDIF(D16,DATE($X$4,$W$4,$V$4),"m") -> 27 | U16: =G16/(I16/100)^2 -> 14.444444
A17: 8 | B17: Phạm Tuấn | C17: Kiệt | D17: 45512 | E17: x | G17: 11 | H17: =IF(DATEDIF(D17,DATE($X$4,$W$4,$V$4),"m")<=60,LOOKUP(2,1/(G17>=INDEX(IF(E17="x",CNTT!$B$4:$E$64,CNTT!$F$4:$I$64),MATCH(DATEDIF(D17,DATE($X$4,$W$4,$V$4),"m"),CNTT!$A$4:$A$64,0),0)),CNTT!$B$3:$E$3),LOOKUP(2,1/(G17>=INDEX(IF(E17="x",CNTT!$B$70:$E$93,CNTT!$F$70:$I$93),MATCH(DATEDIF(D17,DATE($X$4,$W$4,$V$4),"m"),CNTT!$A$70:$A$93,0),0)),CNTT!$B$69:$E$69)) -> bt | I17: 82 | J17: =IF(DATEDIF(D17,DATE($X$4,$W$4,$V$4),"m")<=60,LOOKUP(2,1/(I17>=INDEX(IF(E17="x",CCTT!$B$4:$E$64,CCTT!$F$4:$I$64),MATCH(DATEDIF(D17,DATE($X$4,$W$4,$V$4),"m"),CCTT!$A$4:$A$64,0),0)),CCTT!$B$3:$E$3),LOOKUP(2,1/(I17>=INDEX(IF(E17="x",CCTT!$B$70:$E$93,CCTT!$F$70:$I$93),MATCH(DATEDIF(D17,DATE($X$4,$W$4,$V$4),"m"),CCTT!$A$70:$A$93,0),0)),CCTT!B$69:E$69)) -> bt | K17: =IF(DATEDIF(D17,DATE($X$4,$W$4,$V$4),"m")<24,LOOKUP(2,1/(G17>=INDEX(IF(E17="x",CNTCC!$B$4:$F$134,CNTCC!$F$4),MATCH(I17,CNTCC!$A$4:$A$134,0),0)),CNTCC!$B$3:$F$3),IF(AND(DATEDIF(D17,DATE($X$4,$W$4,$V$4),"m")>=24,DATEDIF(D17,DATE($X$4,$W$4,$V$4),"m")<=60),LOOKUP(2,1/(G17>=INDEX(IF(E17="x",CNTCC!$B$141:$F$251,CNTCC!$G$141:$K$251),MATCH(I17,CNTCC!$A$141:$A$251,0),0)),CNTCC!$B$140:$F$140),0)) -> bt | L17: Bt | M17: Bt | N17: Bt | O17: Bt | P17: Bt | Q17: Bt | R17: I | S17: =PROPER(B17) -> Phạm Tuấn | T17: =DATEDIF(D17,DATE($X$4,$W$4,$V$4),"m") -> 24 | U17: =G17/(I17/100)^2 -> 16.35931
A18: 9 | B18: Nguyễn Hoàng | C18: Long | D18: 45651 | E18: x | G18: 10.5 | H18: =IF(DATEDIF(D18,DATE($X$4,$W$4,$V$4),"m")<=60,LOOKUP(2,1/(G18>=INDEX(IF(E18="x",CNTT!$B$4:$E$64,CNTT!$F$4:$I$64),MATCH(DATEDIF(D18,DATE($X$4,$W$4,$V$4),"m"),CNTT!$A$4:$A$64,0),0)),CNTT!$B$3:$E$3),LOOKUP(2,1/(G18>=INDEX(IF(E18="x",CNTT!$B$70:$E$93,CNTT!$F$70:$I$93),MATCH(DATEDIF(D18,DATE($X$4,$W$4,$V$4),"m"),CNTT!$A$70:$A$93,0),0)),CNTT!$B$69:$E$69)) -> bt | I18: 85 | J18: =IF(DATEDIF(D18,DATE($X$4,$W$4,$V$4),"m")<=60,LOOKUP(2,1/(I18>=INDEX(IF(E18="x",CCTT!$B$4:$E$64,CCTT!$F$4:$I$64),MATCH(DATEDIF(D18,DATE($X$4,$W$4,$V$4),"m"),CCTT!$A$4:$A$64,0),0)),CCTT!$B$3:$E$3),LOOKUP(2,1/(I18>=INDEX(IF(E18="x",CCTT!$B$70:$E$93,CCTT!$F$70:$I$93),MATCH(DATEDIF(D18,DATE($X$4,$W$4,$V$4),"m"),CCTT!$A$70:$A$93,0),0)),CCTT!B$69:E$69)) -> bt | K18: =IF(DATEDIF(D18,DATE($X$4,$W$4,$V$4),"m")<24,LOOKUP(2,1/(G18>=INDEX(IF(E18="x",CNTCC!$B$4:$F$134,CNTCC!$F$4),MATCH(I18,CNTCC!$A$4:$A$134,0),0)),CNTCC!$B$3:$F$3),IF(AND(DATEDIF(D18,DATE($X$4,$W$4,$V$4),"m")>=24,DATEDIF(D18,DATE($X$4,$W$4,$V$4),"m")<=60),LOOKUP(2,1/(G18>=INDEX(IF(E18="x",CNTCC!$B$141:$F$251,CNTCC!$G$141:$K$251),MATCH(I18,CNTCC!$A$141:$A$251,0),0)),CNTCC!$B$140:$F$140),0)) -> bt | L18: Bt | M18: Bt | N18: Bt | O18: Bt | P18: Bt | Q18: Bt | R18: I | S18: =PROPER(B18) -> Nguyễn Hoàng | T18: =DATEDIF(D18,DATE($X$4,$W$4,$V$4),"m") -> 20 | U18: =G18/(I18/100)^2 -> 14.532872
A19: 10 | B19: Lê Võ Quang | C19: Minh | D19: 45577 | E19: x | G19: 16.6 | H19: =IF(DATEDIF(D19,DATE($X$4,$W$4,$V$4),"m")<=60,LOOKUP(2,1/(G19>=INDEX(IF(E19="x",CNTT!$B$4:$E$64,CNTT!$F$4:$I$64),MATCH(DATEDIF(D19,DATE($X$4,$W$4,$V$4),"m"),CNTT!$A$4:$A$64,0),0)),CNTT!$B$3:$E$3),LOOKUP(2,1/(G19>=INDEX(IF(E19="x",CNTT!$B$70:$E$93,CNTT!$F$70:$I$93),MATCH(DATEDIF(D19,DATE($X$4,$W$4,$V$4),"m"),CNTT!$A$70:$A$93,0),0)),CNTT!$B$69:$E$69)) -> CNC | I19: 87 | J19: =IF(DATEDIF(D19,DATE($X$4,$W$4,$V$4),"m")<=60,LOOKUP(2,1/(I19>=INDEX(IF(E19="x",CCTT!$B$4:$E$64,CCTT!$F$4:$I$64),MATCH(DATEDIF(D19,DATE($X$4,$W$4,$V$4),"m"),CCTT!$A$4:$A$64,0),0)),CCTT!$B$3:$E$3),LOOKUP(2,1/(I19>=INDEX(IF(E19="x",CCTT!$B$70:$E$93,CCTT!$F$70:$I$93),MATCH(DATEDIF(D19,DATE($X$4,$W$4,$V$4),"m"),CCTT!$A$70:$A$93,0),0)),CCTT!B$69:E$69)) -> bt | K19: TC | L19: Bt | M19: Bt | N19: Bt | O19: Bt | P19: Bt | Q19: Bt | R19: II | S19: =PROPER(B19) -> Lê Võ Quang | T19: =DATEDIF(D19,DATE($X$4,$W$4,$V$4),"m") -> 22 | U19: =G19/(I19/100)^2 -> 21.931563
A20: 11 | B20: Từ Khải | C20: Minh | D20: 45480 | E20: x | G20: 12.9 | H20: =IF(DATEDIF(D20,DATE($X$4,$W$4,$V$4),"m")<=60,LOOKUP(2,1/(G20>=INDEX(IF(E20="x",CNTT!$B$4:$E$64,CNTT!$F$4:$I$64),MATCH(DATEDIF(D20,DATE($X$4,$W$4,$V$4),"m"),CNTT!$A$4:$A$64,0),0)),CNTT!$B$3:$E$3),LOOKUP(2,1/(G20>=INDEX(IF(E20="x",CNTT!$B$70:$E$93,CNTT!$F$70:$I$93),MATCH(DATEDIF(D20,DATE($X$4,$W$4,$V$4),"m"),CNTT!$A$70:$A$93,0),0)),CNTT!$B$69:$E$69)) -> bt | I20: 88 | J20: =IF(DATEDIF(D20,DATE($X$4,$W$4,$V$4),"m")<=60,LOOKUP(2,1/(I20>=INDEX(IF(E20="x",CCTT!$B$4:$E$64,CCTT!$F$4:$I$64),MATCH(DATEDIF(D20,DATE($X$4,$W$4,$V$4),"m"),CCTT!$A$4:$A$64,0),0)),CCTT!$B$3:$E$3),LOOKUP(2,1/(I20>=INDEX(IF(E20="x",CCTT!$B$70:$E$93,CCTT!$F$70:$I$93),MATCH(DATEDIF(D20,DATE($X$4,$W$4,$V$4),"m"),CCTT!$A$70:$A$93,0),0)),CCTT!B$69:E$69)) -> bt | K20: =IF(DATEDIF(D20,DATE($X$4,$W$4,$V$4),"m")<24,LOOKUP(2,1/(G20>=INDEX(IF(E20="x",CNTCC!$B$4:$F$134,CNTCC!$F$4),MATCH(I20,CNTCC!$A$4:$A$134,0),0)),CNTCC!$B$3:$F$3),IF(AND(DATEDIF(D20,DATE($X$4,$W$4,$V$4),"m")>=24,DATEDIF(D20,DATE($X$4,$W$4,$V$4),"m")<=60),LOOKUP(2,1/(G20>=INDEX(IF(E20="x",CNTCC!$B$141:$F$251,CNTCC!$G$141:$K$251),MATCH(I20,CNTCC!$A$141:$A$251,0),0)),CNTCC!$B$140:$F$140),0)) -> bt | L20: Bt | M20: Bt | N20: Bt | O20: Bt | P20: Bt | Q20: Bt | R20: I | S20: =PROPER(B20) -> Từ Khải | T20: =DATEDIF(D20,DATE($X$4,$W$4,$V$4),"m") -> 25 | U20: =G20/(I20/100)^2 -> 16.658058
A21: 12 | B21: Nguyễn Bảo | C21: Nam | D21: 45477 | E21: x | G21: 14 | H21: =IF(DATEDIF(D21,DATE($X$4,$W$4,$V$4),"m")<=60,LOOKUP(2,1/(G21>=INDEX(IF(E21="x",CNTT!$B$4:$E$64,CNTT!$F$4:$I$64),MATCH(DATEDIF(D21,DATE($X$4,$W$4,$V$4),"m"),CNTT!$A$4:$A$64,0),0)),CNTT!$B$3:$E$3),LOOKUP(2,1/(G21>=INDEX(IF(E21="x",CNTT!$B$70:$E$93,CNTT!$F$70:$I$93),MATCH(DATEDIF(D21,DATE($X$4,$W$4,$V$4),"m"),CNTT!$A$70:$A$93,0),0)),CNTT!$B$69:$E$69)) -> bt | I21: 86 | J21: =IF(DATEDIF(D21,DATE($X$4,$W$4,$V$4),"m")<=60,LOOKUP(2,1/(I21>=INDEX(IF(E21="x",CCTT!$B$4:$E$64,CCTT!$F$4:$I$64),MATCH(DATEDIF(D21,DATE($X$4,$W$4,$V$4),"m"),CCTT!$A$4:$A$64,0),0)),CCTT!$B$3:$E$3),LOOKUP(2,1/(I21>=INDEX(IF(E21="x",CCTT!$B$70:$E$93,CCTT!$F$70:$I$93),MATCH(DATEDIF(D21,DATE($X$4,$W$4,$V$4),"m"),CCTT!$A$70:$A$93,0),0)),CCTT!B$69:E$69)) -> bt | K21: =IF(DATEDIF(D21,DATE($X$4,$W$4,$V$4),"m")<24,LOOKUP(2,1/(G21>=INDEX(IF(E21="x",CNTCC!$B$4:$F$134,CNTCC!$F$4),MATCH(I21,CNTCC!$A$4:$A$134,0),0)),CNTCC!$B$3:$F$3),IF(AND(DATEDIF(D21,DATE($X$4,$W$4,$V$4),"m")>=24,DATEDIF(D21,DATE($X$4,$W$4,$V$4),"m")<=60),LOOKUP(2,1/(G21>=INDEX(IF(E21="x",CNTCC!$B$141:$F$251,CNTCC!$G$141:$K$251),MATCH(I21,CNTCC!$A$141:$A$251,0),0)),CNTCC!$B$140:$F$140),0)) -> bt | L21: Bt | M21: Bt | N21: Bt | O21: Bt | P21: Bt | Q21: Bt | R21: I | S21: =PROPER(B21) -> Nguyễn Bảo | T21: =DATEDIF(D21,DATE($X$4,$W$4,$V$4),"m") -> 25 | U21: =G21/(I21/100)^2 -> 18.929151
A22: 13 | B22: Bùi Phi | C22: Sơn | D22: 45415 | E22: x | G22: 13.5 | H22: bt | I22: 89 | J22: =IF(DATEDIF(D22,DATE($X$4,$W$4,$V$4),"m")<=60,LOOKUP(2,1/(I22>=INDEX(IF(E22="x",CCTT!$B$4:$E$64,CCTT!$F$4:$I$64),MATCH(DATEDIF(D22,DATE($X$4,$W$4,$V$4),"m"),CCTT!$A$4:$A$64,0),0)),CCTT!$B$3:$E$3),LOOKUP(2,1/(I22>=INDEX(IF(E22="x",CCTT!$B$70:$E$93,CCTT!$F$70:$I$93),MATCH(DATEDIF(D22,DATE($X$4,$W$4,$V$4),"m"),CCTT!$A$70:$A$93,0),0)),CCTT!B$69:E$69)) -> bt | K22: bt | L22: Bt | M22: Bt | N22: Bt | O22: Bt | P22: Bt | Q22: Bt | R22: I | S22: =PROPER(B22) -> Bùi Phi | T22: =DATEDIF(D22,DATE($X$4,$W$4,$V$4),"m") -> 27 | U22: =G22/(I22/100)^2 -> #VALUE!
A23: 14 | B23: Lâm Gia | C23: Tuệ | D23: 45477 | F23: x | G23: 10.5 | H23: =IF(DATEDIF(D23,DATE($X$4,$W$4,$V$4),"m")<=60,LOOKUP(2,1/(G23>=INDEX(IF(E23="x",CNTT!$B$4:$E$64,CNTT!$F$4:$I$64),MATCH(DATEDIF(D23,DATE($X$4,$W$4,$V$4),"m"),CNTT!$A$4:$A$64,0),0)),CNTT!$B$3:$E$3),LOOKUP(2,1/(G23>=INDEX(IF(E23="x",CNTT!$B$70:$E$93,CNTT!$F$70:$I$93),MATCH(DATEDIF(D23,DATE($X$4,$W$4,$V$4),"m"),CNTT!$A$70:$A$93,0),0)),CNTT!$B$69:$E$69)) -> bt | I23: 84 | J23: =IF(DATEDIF(D23,DATE($X$4,$W$4,$V$4),"m")<=60,LOOKUP(2,1/(I23>=INDEX(IF(E23="x",CCTT!$B$4:$E$64,CCTT!$F$4:$I$64),MATCH(DATEDIF(D23,DATE($X$4,$W$4,$V$4),"m"),CCTT!$A$4:$A$64,0),0)),CCTT!$B$3:$E$3),LOOKUP(2,1/(I23>=INDEX(IF(E23="x",CCTT!$B$70:$E$93,CCTT!$F$70:$I$93),MATCH(DATEDIF(D23,DATE($X$4,$W$4,$V$4),"m"),CCTT!$A$70:$A$93,0),0)),CCTT!B$69:E$69)) -> bt | K23: =IF(DATEDIF(D23,DATE($X$4,$W$4,$V$4),"m")<24,LOOKUP(2,1/(G23>=INDEX(IF(E23="x",CNTCC!$B$4:$F$134,CNTCC!$F$4),MATCH(I23,CNTCC!$A$4:$A$134,0),0)),CNTCC!$B$3:$F$3),IF(AND(DATEDIF(D23,DATE($X$4,$W$4,$V$4),"m")>=24,DATEDIF(D23,DATE($X$4,$W$4,$V$4),"m")<=60),LOOKUP(2,1/(G23>=INDEX(IF(E23="x",CNTCC!$B$141:$F$251,CNTCC!$G$141:$K$251),MATCH(I23,CNTCC!$A$141:$A$251,0),0)),CNTCC!$B$140:$F$140),0)) -> bt | L23: Bt | M23: Bt | N23: Bt | O23: Bt | P23: Bt | Q23: Bt | R23: I | S23: =PROPER(B23) -> Lâm Gia | T23: =DATEDIF(D23,DATE($X$4,$W$4,$V$4),"m") -> 25 | U23: =G23/(I23/100)^2 -> 14.880952
A24: 15 | B24: Bùi Minh | C24: Triết | D24: 45534 | E24: x | G24: 12.6 | H24: =IF(DATEDIF(D24,DATE($X$4,$W$4,$V$4),"m")<=60,LOOKUP(2,1/(G24>=INDEX(IF(E24="x",CNTT!$B$4:$E$64,CNTT!$F$4:$I$64),MATCH(DATEDIF(D24,DATE($X$4,$W$4,$V$4),"m"),CNTT!$A$4:$A$64,0),0)),CNTT!$B$3:$E$3),LOOKUP(2,1/(G24>=INDEX(IF(E24="x",CNTT!$B$70:$E$93,CNTT!$F$70:$I$93),MATCH(DATEDIF(D24,DATE($X$4,$W$4,$V$4),"m"),CNTT!$A$70:$A$93,0),0)),CNTT!$B$69:$E$69)) -> bt | I24: 87 | J24: =IF(DATEDIF(D24,DATE($X$4,$W$4,$V$4),"m")<=60,LOOKUP(2,1/(I24>=INDEX(IF(E24="x",CCTT!$B$4:$E$64,CCTT!$F$4:$I$64),MATCH(DATEDIF(D24,DATE($X$4,$W$4,$V$4),"m"),CCTT!$A$4:$A$64,0),0)),CCTT!$B$3:$E$3),LOOKUP(2,1/(I24>=INDEX(IF(E24="x",CCTT!$B$70:$E$93,CCTT!$F$70:$I$93),MATCH(DATEDIF(D24,DATE($X$4,$W$4,$V$4),"m"),CCTT!$A$70:$A$93,0),0)),CCTT!B$69:E$69)) -> bt | K24: =IF(DATEDIF(D24,DATE($X$4,$W$4,$V$4),"m")<24,LOOKUP(2,1/(G24>=INDEX(IF(E24="x",CNTCC!$B$4:$F$134,CNTCC!$F$4),MATCH(I24,CNTCC!$A$4:$A$134,0),0)),CNTCC!$B$3:$F$3),IF(AND(DATEDIF(D24,DATE($X$4,$W$4,$V$4),"m")>=24,DATEDIF(D24,DATE($X$4,$W$4,$V$4),"m")<=60),LOOKUP(2,1/(G24>=INDEX(IF(E24="x",CNTCC!$B$141:$F$251,CNTCC!$G$141:$K$251),MATCH(I24,CNTCC!$A$141:$A$251,0),0)),CNTCC!$B$140:$F$140),0)) -> bt | L24: Bt | M24: VMH | N24: Bt | O24: Bt | P24: Bt | Q24: Bt | R24: II | S24: =PROPER(B24) -> Bùi Minh | T24: =DATEDIF(D24,DATE($X$4,$W$4,$V$4),"m") -> 24 | U24: =G24/(I24/100)^2 -> 16.646849
A25: 16 | B25: Hà A | C25: Zu Ra | D25: 45473 | F25: x | G25: 16 | H25: =IF(DATEDIF(D25,DATE($X$4,$W$4,$V$4),"m")<=60,LOOKUP(2,1/(G25>=INDEX(IF(E25="x",CNTT!$B$4:$E$64,CNTT!$F$4:$I$64),MATCH(DATEDIF(D25,DATE($X$4,$W$4,$V$4),"m"),CNTT!$A$4:$A$64,0),0)),CNTT!$B$3:$E$3),LOOKUP(2,1/(G25>=INDEX(IF(E25="x",CNTT!$B$70:$E$93,CNTT!$F$70:$I$93),MATCH(DATEDIF(D25,DATE($X$4,$W$4,$V$4),"m"),CNTT!$A$70:$A$93,0),0)),CNTT!$B$69:$E$69)) -> CNC | I25: 90 | J25: =IF(DATEDIF(D25,DATE($X$4,$W$4,$V$4),"m")<=60,LOOKUP(2,1/(I25>=INDEX(IF(E25="x",CCTT!$B$4:$E$64,CCTT!$F$4:$I$64),MATCH(DATEDIF(D25,DATE($X$4,$W$4,$V$4),"m"),CCTT!$A$4:$A$64,0),0)),CCTT!$B$3:$E$3),LOOKUP(2,1/(I25>=INDEX(IF(E25="x",CCTT!$B$70:$E$93,CCTT!$F$70:$I$93),MATCH(DATEDIF(D25,DATE($X$4,$W$4,$V$4),"m"),CCTT!$A$70:$A$93,0),0)),CCTT!B$69:E$69)) -> bt | K25: =IF(DATEDIF(D25,DATE($X$4,$W$4,$V$4),"m")<24,LOOKUP(2,1/(G25>=INDEX(IF(E25="x",CNTCC!$B$4:$F$134,CNTCC!$F$4),MATCH(I25,CNTCC!$A$4:$A$134,0),0)),CNTCC!$B$3:$F$3),IF(AND(DATEDIF(D25,DATE($X$4,$W$4,$V$4),"m")>=24,DATEDIF(D25,DATE($X$4,$W$4,$V$4),"m")<=60),LOOKUP(2,1/(G25>=INDEX(IF(E25="x",CNTCC!$B$141:$F$251,CNTCC!$G$141:$K$251),MATCH(I25,CNTCC!$A$141:$A$251,0),0)),CNTCC!$B$140:$F$140),0)) -> TC | L25: Bt | M25: Bt | N25: Bt | O25: Bt | P25: Bt | Q25: Bt | R25: II | S25: =PROPER(B25) -> Hà A | T25: =DATEDIF(D25,DATE($X$4,$W$4,$V$4),"m") -> 26 | U25: =G25/(I25/100)^2 -> 19.753086
D27: GHI CHÚ CHỮ VIẾT TẮT:
A29: bt | C29: : Bình thường | I29: SDDTTC | L29: : Suy dinh dưỡng thể thấp còi
A30: SDDTNC | C30: : Suy dinh dưỡng thể nhẹ cân | I30: SDDTTCMĐN | L30: : Suy dinh dưỡng thể thấp còi mức độ nặng
A31: TC | C31: : Thừa cân | I31: SDDTGC | L31: : Suy dinh dưỡng thể gầy còm
A32: BP | C32: : Béo phì | I32: SDDTGCMĐN | L32: : Suy dinh dưỡng thể gầy còm mức độ nặng
A33: CNC | C33: : Cân nặng cao | I33: CHT | L33: : Cao hơn tuổi
A34: VP | C34: : Viêm phổi | I34: VMH | L34: : Viêm mũi họng
A35: Sr | C35: : Sâu răng | I35: VMXT | L35: : Viêm mũi xuất tiết
A36: VHHT | C36: : Viêm hô hấp trên | I36: TKX | L36: : Tật khúc xa

Sheet 3-4 A
A1: BẢNG TỔNG HỢP KHÁM SỨC KHỎE HỌC SINH
A2: (Khám sức khỏe học sinh năm học 2026-2027 ngày 15 tháng 9 năm 2026)
V3: NGÀY CÂN ĐO
A4: TÊN ĐƠN VỊ | C4: : TRƯỜNG MẦM NON TƯ THỤC MINH ANH | J4: LỚP | K4: MG 3-4 TUỔI A | W4: 9 | X4: 2026
A5: ĐỊA CHỈ | C5: : SỐ 15/6 TRẦN ĐƯỜNG - PHƯỜNG TÂY NHA TRANG - KHÁNH HÒA
A8: STT | B8: HỌ VÀ TÊN | D8: NGÀY SINH | E8: GIỚI TÍNH | G8: TÌNH TRẠNG DINH DƯỠNG | L8: KHÁM CHUYÊN KHOA | R8: PHÂN LOẠI SỨC KHỎE | T8: THÁNG
E9: Nam | F9: Nữ | G9: Cân nặng (kg) | H9: Kết quả | I9: Chiều cao (cm) | J9: Kết quả | K9: Cân nặng theo chiều cao | L9: NHI KHOA | M9: TAI MŨI HỌNG | N9: MẮT | O9: CƠ XƯƠNG KHỚP | P9: RĂNG HÀM MẶT | Q9: CHUYÊN KHOA KHÁC | Y9: bt | Z9: SDDTNC | AA9: CNC | AB9: bt | AC9: SDDTTC | AD9: CHT | AE9: bt | AF9: TC | AG9: BP | AH9: SDDTGC | AI9: I | AJ9: II | AK9: III
A10: 1 | B10: Lê Nhật Duy | C10: An | D10: 45241 | E10: x | G10: 14.9 | H10: =IF(DATEDIF(D10,DATE($X$4,$W$4,$V$4),"m")<=60,LOOKUP(2,1/(G10>=INDEX(IF(E10="x",CNTT!$B$4:$E$64,CNTT!$F$4:$I$64),MATCH(DATEDIF(D10,DATE($X$4,$W$4,$V$4),"m"),CNTT!$A$4:$A$64,0),0)),CNTT!$B$3:$E$3),LOOKUP(2,1/(G10>=INDEX(IF(E10="x",CNTT!$B$70:$E$93,CNTT!$F$70:$I$93),MATCH(DATEDIF(D10,DATE($X$4,$W$4,$V$4),"m"),CNTT!$A$70:$A$93,0),0)),CNTT!$B$69:$E$69)) -> bt | I10: 97 | J10: =IF(DATEDIF(D10,DATE($X$4,$W$4,$V$4),"m")<=60,LOOKUP(2,1/(I10>=INDEX(IF(E10="x",CCTT!$B$4:$E$64,CCTT!$F$4:$I$64),MATCH(DATEDIF(D10,DATE($X$4,$W$4,$V$4),"m"),CCTT!$A$4:$A$64,0),0)),CCTT!$B$3:$E$3),LOOKUP(2,1/(I10>=INDEX(IF(E10="x",CCTT!$B$70:$E$93,CCTT!$F$70:$I$93),MATCH(DATEDIF(D10,DATE($X$4,$W$4,$V$4),"m"),CCTT!$A$70:$A$93,0),0)),CCTT!B$69:E$69)) -> bt | K10: =IF(DATEDIF(D10,DATE($X$4,$W$4,$V$4),"m")<24,LOOKUP(2,1/(G10>=INDEX(IF(E10="x",CNTCC!$B$4:$F$134,CNTCC!$F$4),MATCH(I10,CNTCC!$A$4:$A$134,0),0)),CNTCC!$B$3:$F$3),IF(AND(DATEDIF(D10,DATE($X$4,$W$4,$V$4),"m")>=24,DATEDIF(D10,DATE($X$4,$W$4,$V$4),"m")<=60),LOOKUP(2,1/(G10>=INDEX(IF(E10="x",CNTCC!$B$141:$F$251,CNTCC!$G$141:$K$251),MATCH(I10,CNTCC!$A$141:$A$251,0),0)),CNTCC!$B$140:$F$140),0)) -> bt | L10: Bt | M10: VMXT | N10: Bt | O10: Bt | P10: Bt | Q10: Bt | R10: II | S10: =PROPER(B10) -> Lê Nhật Duy | T10: =DATEDIF(D10,DATE($X$4,$W$4,$V$4),"m") -> 33 | U10: =G10/(I10/100)^2 -> 15.835902 | Y10: =COUNTIF(H10:H28,Y9) -> 17 | Z10: =COUNTIF(H10:H28,Z9) -> 1 | AA10: =COUNTIF(H10:H28,AA9) -> 1 | AB10: =COUNTIF(J10:J28,AB9) -> 18 | AC10: =COUNTIF(J10:J28,AC9) -> 1 | AD10: =COUNTIF(J10:J28,AD9) -> 0 | AE10: =COUNTIF(K10:K28,AE9) -> 18 | AF10: =COUNTIF(K10:K28,AF9) -> 0 | AG10: =COUNTIF(K10:K28,AG9) -> 0 | AH10: =COUNTIF(K10:K28,AH9) -> 1 | AI10: =COUNTIF(R10:R28,AI9) -> 14 | AJ10: =COUNTIF(R10:R28,AJ9) -> 5 | AK10: =COUNTIF(R10:R28,AK9) -> 0
A11: 2 | B11: Cao Ng. Phương | C11: Anh | D11: 45013 | F11: x | G11: 17.5 | H11: =IF(DATEDIF(D11,DATE($X$4,$W$4,$V$4),"m")<=60,LOOKUP(2,1/(G11>=INDEX(IF(E11="x",CNTT!$B$4:$E$64,CNTT!$F$4:$I$64),MATCH(DATEDIF(D11,DATE($X$4,$W$4,$V$4),"m"),CNTT!$A$4:$A$64,0),0)),CNTT!$B$3:$E$3),LOOKUP(2,1/(G11>=INDEX(IF(E11="x",CNTT!$B$70:$E$93,CNTT!$F$70:$I$93),MATCH(DATEDIF(D11,DATE($X$4,$W$4,$V$4),"m"),CNTT!$A$70:$A$93,0),0)),CNTT!$B$69:$E$69)) -> bt | I11: 100 | J11: =IF(DATEDIF(D11,DATE($X$4,$W$4,$V$4),"m")<=60,LOOKUP(2,1/(I11>=INDEX(IF(E11="x",CCTT!$B$4:$E$64,CCTT!$F$4:$I$64),MATCH(DATEDIF(D11,DATE($X$4,$W$4,$V$4),"m"),CCTT!$A$4:$A$64,0),0)),CCTT!$B$3:$E$3),LOOKUP(2,1/(I11>=INDEX(IF(E11="x",CCTT!$B$70:$E$93,CCTT!$F$70:$I$93),MATCH(DATEDIF(D11,DATE($X$4,$W$4,$V$4),"m"),CCTT!$A$70:$A$93,0),0)),CCTT!B$69:E$69)) -> bt | K11: =IF(DATEDIF(D11,DATE($X$4,$W$4,$V$4),"m")<24,LOOKUP(2,1/(G11>=INDEX(IF(E11="x",CNTCC!$B$4:$F$134,CNTCC!$F$4),MATCH(I11,CNTCC!$A$4:$A$134,0),0)),CNTCC!$B$3:$F$3),IF(AND(DATEDIF(D11,DATE($X$4,$W$4,$V$4),"m")>=24,DATEDIF(D11,DATE($X$4,$W$4,$V$4),"m")<=60),LOOKUP(2,1/(G11>=INDEX(IF(E11="x",CNTCC!$B$141:$F$251,CNTCC!$G$141:$K$251),MATCH(I11,CNTCC!$A$141:$A$251,0),0)),CNTCC!$B$140:$F$140),0)) -> bt | L11: Bt | M11: Bt | N11: Bt | O11: Bt | P11: Bt | Q11: Bt | R11: I | S11: =PROPER(B11) -> Cao Ng. Phương | T11: =DATEDIF(D11,DATE($X$4,$W$4,$V$4),"m") -> 41 | U11: =G11/(I11/100)^2 -> 17.5 | Y11: =SUM(Y10:AA10) -> 19
A12: 3 | B12: Nguyễn Trúc | C12: Bình | D12: 45016 | E12: x | G12: 15.8 | H12: =IF(DATEDIF(D12,DATE($X$4,$W$4,$V$4),"m")<=60,LOOKUP(2,1/(G12>=INDEX(IF(E12="x",CNTT!$B$4:$E$64,CNTT!$F$4:$I$64),MATCH(DATEDIF(D12,DATE($X$4,$W$4,$V$4),"m"),CNTT!$A$4:$A$64,0),0)),CNTT!$B$3:$E$3),LOOKUP(2,1/(G12>=INDEX(IF(E12="x",CNTT!$B$70:$E$93,CNTT!$F$70:$I$93),MATCH(DATEDIF(D12,DATE($X$4,$W$4,$V$4),"m"),CNTT!$A$70:$A$93,0),0)),CNTT!$B$69:$E$69)) -> bt | I12: 98 | J12: =IF(DATEDIF(D12,DATE($X$4,$W$4,$V$4),"m")<=60,LOOKUP(2,1/(I12>=INDEX(IF(E12="x",CCTT!$B$4:$E$64,CCTT!$F$4:$I$64),MATCH(DATEDIF(D12,DATE($X$4,$W$4,$V$4),"m"),CCTT!$A$4:$A$64,0),0)),CCTT!$B$3:$E$3),LOOKUP(2,1/(I12>=INDEX(IF(E12="x",CCTT!$B$70:$E$93,CCTT!$F$70:$I$93),MATCH(DATEDIF(D12,DATE($X$4,$W$4,$V$4),"m"),CCTT!$A$70:$A$93,0),0)),CCTT!B$69:E$69)) -> bt | K12: =IF(DATEDIF(D12,DATE($X$4,$W$4,$V$4),"m")<24,LOOKUP(2,1/(G12>=INDEX(IF(E12="x",CNTCC!$B$4:$F$134,CNTCC!$F$4),MATCH(I12,CNTCC!$A$4:$A$134,0),0)),CNTCC!$B$3:$F$3),IF(AND(DATEDIF(D12,DATE($X$4,$W$4,$V$4),"m")>=24,DATEDIF(D12,DATE($X$4,$W$4,$V$4),"m")<=60),LOOKUP(2,1/(G12>=INDEX(IF(E12="x",CNTCC!$B$141:$F$251,CNTCC!$G$141:$K$251),MATCH(I12,CNTCC!$A$141:$A$251,0),0)),CNTCC!$B$140:$F$140),0)) -> bt | L12: Bt | M12: Bt | N12: Bt | O12: Bt | P12: Bt | Q12: Bt | R12: I | S12: =PROPER(B12) -> Nguyễn Trúc | T12: =DATEDIF(D12,DATE($X$4,$W$4,$V$4),"m") -> 41 | U12: =G12/(I12/100)^2 -> 16.451479 | Y12: =SUM(AB10:AD10) -> 19
A13: 4 | B13: Trần Ngọc Khánh | C13: Đan | D13: 45067 | F13: x | G13: 13.3 | H13: =IF(DATEDIF(D13,DATE($X$4,$W$4,$V$4),"m")<=60,LOOKUP(2,1/(G13>=INDEX(IF(E13="x",CNTT!$B$4:$E$64,CNTT!$F$4:$I$64),MATCH(DATEDIF(D13,DATE($X$4,$W$4,$V$4),"m"),CNTT!$A$4:$A$64,0),0)),CNTT!$B$3:$E$3),LOOKUP(2,1/(G13>=INDEX(IF(E13="x",CNTT!$B$70:$E$93,CNTT!$F$70:$I$93),MATCH(DATEDIF(D13,DATE($X$4,$W$4,$V$4),"m"),CNTT!$A$70:$A$93,0),0)),CNTT!$B$69:$E$69)) -> bt | I13: 95 | J13: =IF(DATEDIF(D13,DATE($X$4,$W$4,$V$4),"m")<=60,LOOKUP(2,1/(I13>=INDEX(IF(E13="x",CCTT!$B$4:$E$64,CCTT!$F$4:$I$64),MATCH(DATEDIF(D13,DATE($X$4,$W$4,$V$4),"m"),CCTT!$A$4:$A$64,0),0)),CCTT!$B$3:$E$3),LOOKUP(2,1/(I13>=INDEX(IF(E13="x",CCTT!$B$70:$E$93,CCTT!$F$70:$I$93),MATCH(DATEDIF(D13,DATE($X$4,$W$4,$V$4),"m"),CCTT!$A$70:$A$93,0),0)),CCTT!B$69:E$69)) -> bt | K13: =IF(DATEDIF(D13,DATE($X$4,$W$4,$V$4),"m")<24,LOOKUP(2,1/(G13>=INDEX(IF(E13="x",CNTCC!$B$4:$F$134,CNTCC!$F$4),MATCH(I13,CNTCC!$A$4:$A$134,0),0)),CNTCC!$B$3:$F$3),IF(AND(DATEDIF(D13,DATE($X$4,$W$4,$V$4),"m")>=24,DATEDIF(D13,DATE($X$4,$W$4,$V$4),"m")<=60),LOOKUP(2,1/(G13>=INDEX(IF(E13="x",CNTCC!$B$141:$F$251,CNTCC!$G$141:$K$251),MATCH(I13,CNTCC!$A$141:$A$251,0),0)),CNTCC!$B$140:$F$140),0)) -> bt | L13: Bt | M13: Bt | N13: Bt | O13: Bt | P13: Bt | Q13: Bt | R13: I | S13: =PROPER(B13) -> Trần Ngọc Khánh | T13: =DATEDIF(D13,DATE($X$4,$W$4,$V$4),"m") -> 39 | U13: =G13/(I13/100)^2 -> 14.736842 | Y13: =SUM(AE10:AH10) -> 19
A14: 5 | B14: Nguyễn Hoàng | C14: Đức | D14: 45105 | E14: x | G14: 13.9 | H14: =IF(DATEDIF(D14,DATE($X$4,$W$4,$V$4),"m")<=60,LOOKUP(2,1/(G14>=INDEX(IF(E14="x",CNTT!$B$4:$E$64,CNTT!$F$4:$I$64),MATCH(DATEDIF(D14,DATE($X$4,$W$4,$V$4),"m"),CNTT!$A$4:$A$64,0),0)),CNTT!$B$3:$E$3),LOOKUP(2,1/(G14>=INDEX(IF(E14="x",CNTT!$B$70:$E$93,CNTT!$F$70:$I$93),MATCH(DATEDIF(D14,DATE($X$4,$W$4,$V$4),"m"),CNTT!$A$70:$A$93,0),0)),CNTT!$B$69:$E$69)) -> bt | I14: 94 | J14: =IF(DATEDIF(D14,DATE($X$4,$W$4,$V$4),"m")<=60,LOOKUP(2,1/(I14>=INDEX(IF(E14="x",CCTT!$B$4:$E$64,CCTT!$F$4:$I$64),MATCH(DATEDIF(D14,DATE($X$4,$W$4,$V$4),"m"),CCTT!$A$4:$A$64,0),0)),CCTT!$B$3:$E$3),LOOKUP(2,1/(I14>=INDEX(IF(E14="x",CCTT!$B$70:$E$93,CCTT!$F$70:$I$93),MATCH(DATEDIF(D14,DATE($X$4,$W$4,$V$4),"m"),CCTT!$A$70:$A$93,0),0)),CCTT!B$69:E$69)) -> bt | K14: =IF(DATEDIF(D14,DATE($X$4,$W$4,$V$4),"m")<24,LOOKUP(2,1/(G14>=INDEX(IF(E14="x",CNTCC!$B$4:$F$134,CNTCC!$F$4),MATCH(I14,CNTCC!$A$4:$A$134,0),0)),CNTCC!$B$3:$F$3),IF(AND(DATEDIF(D14,DATE($X$4,$W$4,$V$4),"m")>=24,DATEDIF(D14,DATE($X$4,$W$4,$V$4),"m")<=60),LOOKUP(2,1/(G14>=INDEX(IF(E14="x",CNTCC!$B$141:$F$251,CNTCC!$G$141:$K$251),MATCH(I14,CNTCC!$A$141:$A$251,0),0)),CNTCC!$B$140:$F$140),0)) -> bt | L14: Bt | M14: Bt | N14: Bt | O14: Bt | P14: Bt | Q14: Bt | R14: I | S14: =PROPER(B14) -> Nguyễn Hoàng | T14: =DATEDIF(D14,DATE($X$4,$W$4,$V$4),"m") -> 38 | U14: =G14/(I14/100)^2 -> 15.7311 | Y14: =SUM(AI10:AK10) -> 19
A15: 6 | B15: Phan | C15: Hiển | D15: 45153 | E15: x | G15: 16 | H15: =IF(DATEDIF(D15,DATE($X$4,$W$4,$V$4),"m")<=60,LOOKUP(2,1/(G15>=INDEX(IF(E15="x",CNTT!$B$4:$E$64,CNTT!$F$4:$I$64),MATCH(DATEDIF(D15,DATE($X$4,$W$4,$V$4),"m"),CNTT!$A$4:$A$64,0),0)),CNTT!$B$3:$E$3),LOOKUP(2,1/(G15>=INDEX(IF(E15="x",CNTT!$B$70:$E$93,CNTT!$F$70:$I$93),MATCH(DATEDIF(D15,DATE($X$4,$W$4,$V$4),"m"),CNTT!$A$70:$A$93,0),0)),CNTT!$B$69:$E$69)) -> bt | I15: 101 | J15: =IF(DATEDIF(D15,DATE($X$4,$W$4,$V$4),"m")<=60,LOOKUP(2,1/(I15>=INDEX(IF(E15="x",CCTT!$B$4:$E$64,CCTT!$F$4:$I$64),MATCH(DATEDIF(D15,DATE($X$4,$W$4,$V$4),"m"),CCTT!$A$4:$A$64,0),0)),CCTT!$B$3:$E$3),LOOKUP(2,1/(I15>=INDEX(IF(E15="x",CCTT!$B$70:$E$93,CCTT!$F$70:$I$93),MATCH(DATEDIF(D15,DATE($X$4,$W$4,$V$4),"m"),CCTT!$A$70:$A$93,0),0)),CCTT!B$69:E$69)) -> bt | K15: =IF(DATEDIF(D15,DATE($X$4,$W$4,$V$4),"m")<24,LOOKUP(2,1/(G15>=INDEX(IF(E15="x",CNTCC!$B$4:$F$134,CNTCC!$F$4),MATCH(I15,CNTCC!$A$4:$A$134,0),0)),CNTCC!$B$3:$F$3),IF(AND(DATEDIF(D15,DATE($X$4,$W$4,$V$4),"m")>=24,DATEDIF(D15,DATE($X$4,$W$4,$V$4),"m")<=60),LOOKUP(2,1/(G15>=INDEX(IF(E15="x",CNTCC!$B$141:$F$251,CNTCC!$G$141:$K$251),MATCH(I15,CNTCC!$A$141:$A$251,0),0)),CNTCC!$B$140:$F$140),0)) -> bt | L15: Bt | M15: Bt | N15: Bt | O15: Bt | P15: Bt | Q15: Bt | R15: I | S15: =PROPER(B15) -> Phan | T15: =DATEDIF(D15,DATE($X$4,$W$4,$V$4),"m") -> 36 | U15: =G15/(I15/100)^2 -> 15.684737
A16: 7 | B16: Lê Gia | C16: Hữu | D16: 45084 | E16: x | G16: 14.9 | H16: =IF(DATEDIF(D16,DATE($X$4,$W$4,$V$4),"m")<=60,LOOKUP(2,1/(G16>=INDEX(IF(E16="x",CNTT!$B$4:$E$64,CNTT!$F$4:$I$64),MATCH(DATEDIF(D16,DATE($X$4,$W$4,$V$4),"m"),CNTT!$A$4:$A$64,0),0)),CNTT!$B$3:$E$3),LOOKUP(2,1/(G16>=INDEX(IF(E16="x",CNTT!$B$70:$E$93,CNTT!$F$70:$I$93),MATCH(DATEDIF(D16,DATE($X$4,$W$4,$V$4),"m"),CNTT!$A$70:$A$93,0),0)),CNTT!$B$69:$E$69)) -> bt | I16: 94 | J16: =IF(DATEDIF(D16,DATE($X$4,$W$4,$V$4),"m")<=60,LOOKUP(2,1/(I16>=INDEX(IF(E16="x",CCTT!$B$4:$E$64,CCTT!$F$4:$I$64),MATCH(DATEDIF(D16,DATE($X$4,$W$4,$V$4),"m"),CCTT!$A$4:$A$64,0),0)),CCTT!$B$3:$E$3),LOOKUP(2,1/(I16>=INDEX(IF(E16="x",CCTT!$B$70:$E$93,CCTT!$F$70:$I$93),MATCH(DATEDIF(D16,DATE($X$4,$W$4,$V$4),"m"),CCTT!$A$70:$A$93,0),0)),CCTT!B$69:E$69)) -> bt | K16: =IF(DATEDIF(D16,DATE($X$4,$W$4,$V$4),"m")<24,LOOKUP(2,1/(G16>=INDEX(IF(E16="x",CNTCC!$B$4:$F$134,CNTCC!$F$4),MATCH(I16,CNTCC!$A$4:$A$134,0),0)),CNTCC!$B$3:$F$3),IF(AND(DATEDIF(D16,DATE($X$4,$W$4,$V$4),"m")>=24,DATEDIF(D16,DATE($X$4,$W$4,$V$4),"m")<=60),LOOKUP(2,1/(G16>=INDEX(IF(E16="x",CNTCC!$B$141:$F$251,CNTCC!$G$141:$K$251),MATCH(I16,CNTCC!$A$141:$A$251,0),0)),CNTCC!$B$140:$F$140),0)) -> bt | L16: Bt | M16: Bt | N16: Bt | O16: Bt | P16: Bt | Q16: Bt | R16: I | S16: =PROPER(B16) -> Lê Gia | T16: =DATEDIF(D16,DATE($X$4,$W$4,$V$4),"m") -> 38 | U16: =G16/(I16/100)^2 -> 16.862834
A17: 8 | B17: Đặng Hoàng | C17: Kim | D17: 45060 | F17: x | G17: 11.7 | H17: SDDTNC | I17: 89 | J17: =IF(DATEDIF(D17,DATE($X$4,$W$4,$V$4),"m")<=60,LOOKUP(2,1/(I17>=INDEX(IF(E17="x",CCTT!$B$4:$E$64,CCTT!$F$4:$I$64),MATCH(DATEDIF(D17,DATE($X$4,$W$4,$V$4),"m"),CCTT!$A$4:$A$64,0),0)),CCTT!$B$3:$E$3),LOOKUP(2,1/(I17>=INDEX(IF(E17="x",CCTT!$B$70:$E$93,CCTT!$F$70:$I$93),MATCH(DATEDIF(D17,DATE($X$4,$W$4,$V$4),"m"),CCTT!$A$70:$A$93,0),0)),CCTT!B$69:E$69)) -> SDDTTC | K17: SDDTGC | L17: Bt | M17: Bt | N17: Bt | O17: Bt | P17: Bt | Q17: Bt | R17: II | S17: =PROPER(B17) -> Đặng Hoàng | T17: =DATEDIF(D17,DATE($X$4,$W$4,$V$4),"m") -> 39 | U17: =G17/(I17/100)^2 -> 14.770862
A18: 9 | B18: Nguyễn Minh | C18: Khôi | D18: 45025 | E18: x | G18: 13.6 | H18: =IF(DATEDIF(D18,DATE($X$4,$W$4,$V$4),"m")<=60,LOOKUP(2,1/(G18>=INDEX(IF(E18="x",CNTT!$B$4:$E$64,CNTT!$F$4:$I$64),MATCH(DATEDIF(D18,DATE($X$4,$W$4,$V$4),"m"),CNTT!$A$4:$A$64,0),0)),CNTT!$B$3:$E$3),LOOKUP(2,1/(G18>=INDEX(IF(E18="x",CNTT!$B$70:$E$93,CNTT!$F$70:$I$93),MATCH(DATEDIF(D18,DATE($X$4,$W$4,$V$4),"m"),CNTT!$A$70:$A$93,0),0)),CNTT!$B$69:$E$69)) -> bt | I18: 94 | J18: =IF(DATEDIF(D18,DATE($X$4,$W$4,$V$4),"m")<=60,LOOKUP(2,1/(I18>=INDEX(IF(E18="x",CCTT!$B$4:$E$64,CCTT!$F$4:$I$64),MATCH(DATEDIF(D18,DATE($X$4,$W$4,$V$4),"m"),CCTT!$A$4:$A$64,0),0)),CCTT!$B$3:$E$3),LOOKUP(2,1/(I18>=INDEX(IF(E18="x",CCTT!$B$70:$E$93,CCTT!$F$70:$I$93),MATCH(DATEDIF(D18,DATE($X$4,$W$4,$V$4),"m"),CCTT!$A$70:$A$93,0),0)),CCTT!B$69:E$69)) -> bt | K18: =IF(DATEDIF(D18,DATE($X$4,$W$4,$V$4),"m")<24,LOOKUP(2,1/(G18>=INDEX(IF(E18="x",CNTCC!$B$4:$F$134,CNTCC!$F$4),MATCH(I18,CNTCC!$A$4:$A$134,0),0)),CNTCC!$B$3:$F$3),IF(AND(DATEDIF(D18,DATE($X$4,$W$4,$V$4),"m")>=24,DATEDIF(D18,DATE($X$4,$W$4,$V$4),"m")<=60),LOOKUP(2,1/(G18>=INDEX(IF(E18="x",CNTCC!$B$141:$F$251,CNTCC!$G$141:$K$251),MATCH(I18,CNTCC!$A$141:$A$251,0),0)),CNTCC!$B$140:$F$140),0)) -> bt | L18: Bt | M18: Bt | N18: Bt | O18: Bt | P18: Bt | Q18: Bt | R18: I | S18: =PROPER(B18) -> Nguyễn Minh | T18: =DATEDIF(D18,DATE($X$4,$W$4,$V$4),"m") -> 40 | U18: =G18/(I18/100)^2 -> 15.39158
A19: 10 | B19: Lê Phước Anh | C19: Minh | D19: 45349 | E19: x | G19: 11.1 | H19: =IF(DATEDIF(D19,DATE($X$4,$W$4,$V$4),"m")<=60,LOOKUP(2,1/(G19>=INDEX(IF(E19="x",CNTT!$B$4:$E$64,CNTT!$F$4:$I$64),MATCH(DATEDIF(D19,DATE($X$4,$W$4,$V$4),"m"),CNTT!$A$4:$A$64,0),0)),CNTT!$B$3:$E$3),LOOKUP(2,1/(G19>=INDEX(IF(E19="x",CNTT!$B$70:$E$93,CNTT!$F$70:$I$93),MATCH(DATEDIF(D19,DATE($X$4,$W$4,$V$4),"m"),CNTT!$A$70:$A$93,0),0)),CNTT!$B$69:$E$69)) -> bt | I19: 89 | J19: =IF(DATEDIF(D19,DATE($X$4,$W$4,$V$4),"m")<=60,LOOKUP(2,1/(I19>=INDEX(IF(E19="x",CCTT!$B$4:$E$64,CCTT!$F$4:$I$64),MATCH(DATEDIF(D19,DATE($X$4,$W$4,$V$4),"m"),CCTT!$A$4:$A$64,0),0)),CCTT!$B$3:$E$3),LOOKUP(2,1/(I19>=INDEX(IF(E19="x",CCTT!$B$70:$E$93,CCTT!$F$70:$I$93),MATCH(DATEDIF(D19,DATE($X$4,$W$4,$V$4),"m"),CCTT!$A$70:$A$93,0),0)),CCTT!B$69:E$69)) -> bt | K19: =IF(DATEDIF(D19,DATE($X$4,$W$4,$V$4),"m")<24,LOOKUP(2,1/(G19>=INDEX(IF(E19="x",CNTCC!$B$4:$F$134,CNTCC!$F$4),MATCH(I19,CNTCC!$A$4:$A$134,0),0)),CNTCC!$B$3:$F$3),IF(AND(DATEDIF(D19,DATE($X$4,$W$4,$V$4),"m")>=24,DATEDIF(D19,DATE($X$4,$W$4,$V$4),"m")<=60),LOOKUP(2,1/(G19>=INDEX(IF(E19="x",CNTCC!$B$141:$F$251,CNTCC!$G$141:$K$251),MATCH(I19,CNTCC!$A$141:$A$251,0),0)),CNTCC!$B$140:$F$140),0)) -> bt | L19: Bt | M19: Bt | N19: Bt | O19: Bt | P19: Bt | Q19: Bt | R19: I | S19: =PROPER(B19) -> Lê Phước Anh | T19: =DATEDIF(D19,DATE($X$4,$W$4,$V$4),"m") -> 30 | U19: =G19/(I19/100)^2 -> 14.013382
A20: 11 | B20: Nguyễn Tường Thanh | C20: Mi | D20: 45254 | F20: x | G20: 13.6 | H20: =IF(DATEDIF(D20,DATE($X$4,$W$4,$V$4),"m")<=60,LOOKUP(2,1/(G20>=INDEX(IF(E20="x",CNTT!$B$4:$E$64,CNTT!$F$4:$I$64),MATCH(DATEDIF(D20,DATE($X$4,$W$4,$V$4),"m"),CNTT!$A$4:$A$64,0),0)),CNTT!$B$3:$E$3),LOOKUP(2,1/(G20>=INDEX(IF(E20="x",CNTT!$B$70:$E$93,CNTT!$F$70:$I$93),MATCH(DATEDIF(D20,DATE($X$4,$W$4,$V$4),"m"),CNTT!$A$70:$A$93,0),0)),CNTT!$B$69:$E$69)) -> bt | I20: 93 | J20: =IF(DATEDIF(D20,DATE($X$4,$W$4,$V$4),"m")<=60,LOOKUP(2,1/(I20>=INDEX(IF(E20="x",CCTT!$B$4:$E$64,CCTT!$F$4:$I$64),MATCH(DATEDIF(D20,DATE($X$4,$W$4,$V$4),"m"),CCTT!$A$4:$A$64,0),0)),CCTT!$B$3:$E$3),LOOKUP(2,1/(I20>=INDEX(IF(E20="x",CCTT!$B$70:$E$93,CCTT!$F$70:$I$93),MATCH(DATEDIF(D20,DATE($X$4,$W$4,$V$4),"m"),CCTT!$A$70:$A$93,0),0)),CCTT!B$69:E$69)) -> bt | K20: =IF(DATEDIF(D20,DATE($X$4,$W$4,$V$4),"m")<24,LOOKUP(2,1/(G20>=INDEX(IF(E20="x",CNTCC!$B$4:$F$134,CNTCC!$F$4),MATCH(I20,CNTCC!$A$4:$A$134,0),0)),CNTCC!$B$3:$F$3),IF(AND(DATEDIF(D20,DATE($X$4,$W$4,$V$4),"m")>=24,DATEDIF(D20,DATE($X$4,$W$4,$V$4),"m")<=60),LOOKUP(2,1/(G20>=INDEX(IF(E20="x",CNTCC!$B$141:$F$251,CNTCC!$G$141:$K$251),MATCH(I20,CNTCC!$A$141:$A$251,0),0)),CNTCC!$B$140:$F$140),0)) -> bt | L20: Bt | M20: Bt | N20: Bt | O20: Bt | P20: Sâu men | Q20: Bt | R20: II | S20: =PROPER(B20) -> Nguyễn Tường Thanh | T20: =DATEDIF(D20,DATE($X$4,$W$4,$V$4),"m") -> 33 | U20: =G20/(I20/100)^2 -> 15.724361
A21: 12 | B21: Trần Phạm Hoàng | C21: My | D21: 45391 | F21: x | G21: 12 | H21: =IF(DATEDIF(D21,DATE($X$4,$W$4,$V$4),"m")<=60,LOOKUP(2,1/(G21>=INDEX(IF(E21="x",CNTT!$B$4:$E$64,CNTT!$F$4:$I$64),MATCH(DATEDIF(D21,DATE($X$4,$W$4,$V$4),"m"),CNTT!$A$4:$A$64,0),0)),CNTT!$B$3:$E$3),LOOKUP(2,1/(G21>=INDEX(IF(E21="x",CNTT!$B$70:$E$93,CNTT!$F$70:$I$93),MATCH(DATEDIF(D21,DATE($X$4,$W$4,$V$4),"m"),CNTT!$A$70:$A$93,0),0)),CNTT!$B$69:$E$69)) -> bt | I21: 93 | J21: =IF(DATEDIF(D21,DATE($X$4,$W$4,$V$4),"m")<=60,LOOKUP(2,1/(I21>=INDEX(IF(E21="x",CCTT!$B$4:$E$64,CCTT!$F$4:$I$64),MATCH(DATEDIF(D21,DATE($X$4,$W$4,$V$4),"m"),CCTT!$A$4:$A$64,0),0)),CCTT!$B$3:$E$3),LOOKUP(2,1/(I21>=INDEX(IF(E21="x",CCTT!$B$70:$E$93,CCTT!$F$70:$I$93),MATCH(DATEDIF(D21,DATE($X$4,$W$4,$V$4),"m"),CCTT!$A$70:$A$93,0),0)),CCTT!B$69:E$69)) -> bt | K21: =IF(DATEDIF(D21,DATE($X$4,$W$4,$V$4),"m")<24,LOOKUP(2,1/(G21>=INDEX(IF(E21="x",CNTCC!$B$4:$F$134,CNTCC!$F$4),MATCH(I21,CNTCC!$A$4:$A$134,0),0)),CNTCC!$B$3:$F$3),IF(AND(DATEDIF(D21,DATE($X$4,$W$4,$V$4),"m")>=24,DATEDIF(D21,DATE($X$4,$W$4,$V$4),"m")<=60),LOOKUP(2,1/(G21>=INDEX(IF(E21="x",CNTCC!$B$141:$F$251,CNTCC!$G$141:$K$251),MATCH(I21,CNTCC!$A$141:$A$251,0),0)),CNTCC!$B$140:$F$140),0)) -> bt | L21: Bt | M21: Bt | N21: Bt | O21: Bt | P21: Bt | Q21: Bt | R21: I | S21: =PROPER(B21) -> Trần Phạm Hoàng | T21: =DATEDIF(D21,DATE($X$4,$W$4,$V$4),"m") -> 28 | U21: =G21/(I21/100)^2 -> 13.874436
A22: 13 | B22: Đinh Lê Khánh | C22: Ngọc | D22: 45022 | F22: x | G22: 14.3 | H22: =IF(DATEDIF(D22,DATE($X$4,$W$4,$V$4),"m")<=60,LOOKUP(2,1/(G22>=INDEX(IF(E22="x",CNTT!$B$4:$E$64,CNTT!$F$4:$I$64),MATCH(DATEDIF(D22,DATE($X$4,$W$4,$V$4),"m"),CNTT!$A$4:$A$64,0),0)),CNTT!$B$3:$E$3),LOOKUP(2,1/(G22>=INDEX(IF(E22="x",CNTT!$B$70:$E$93,CNTT!$F$70:$I$93),MATCH(DATEDIF(D22,DATE($X$4,$W$4,$V$4),"m"),CNTT!$A$70:$A$93,0),0)),CNTT!$B$69:$E$69)) -> bt | I22: 98 | J22: =IF(DATEDIF(D22,DATE($X$4,$W$4,$V$4),"m")<=60,LOOKUP(2,1/(I22>=INDEX(IF(E22="x",CCTT!$B$4:$E$64,CCTT!$F$4:$I$64),MATCH(DATEDIF(D22,DATE($X$4,$W$4,$V$4),"m"),CCTT!$A$4:$A$64,0),0)),CCTT!$B$3:$E$3),LOOKUP(2,1/(I22>=INDEX(IF(E22="x",CCTT!$B$70:$E$93,CCTT!$F$70:$I$93),MATCH(DATEDIF(D22,DATE($X$4,$W$4,$V$4),"m"),CCTT!$A$70:$A$93,0),0)),CCTT!B$69:E$69)) -> bt | K22: =IF(DATEDIF(D22,DATE($X$4,$W$4,$V$4),"m")<24,LOOKUP(2,1/(G22>=INDEX(IF(E22="x",CNTCC!$B$4:$F$134,CNTCC!$F$4),MATCH(I22,CNTCC!$A$4:$A$134,0),0)),CNTCC!$B$3:$F$3),IF(AND(DATEDIF(D22,DATE($X$4,$W$4,$V$4),"m")>=24,DATEDIF(D22,DATE($X$4,$W$4,$V$4),"m")<=60),LOOKUP(2,1/(G22>=INDEX(IF(E22="x",CNTCC!$B$141:$F$251,CNTCC!$G$141:$K$251),MATCH(I22,CNTCC!$A$141:$A$251,0),0)),CNTCC!$B$140:$F$140),0)) -> bt | L22: Bt | M22: Bt | N22: Bt | O22: Bt | P22: Bt | Q22: Bt | R22: I | S22: =PROPER(B22) -> Đinh Lê Khánh | T22: =DATEDIF(D22,DATE($X$4,$W$4,$V$4),"m") -> 40 | U22: =G22/(I22/100)^2 -> 14.889629
A23: 14 | B23: Nguyễn Minh Bảo | C23: Ngọc | D23: 45088 | F23: x | G23: 13.6 | H23: =IF(DATEDIF(D23,DATE($X$4,$W$4,$V$4),"m")<=60,LOOKUP(2,1/(G23>=INDEX(IF(E23="x",CNTT!$B$4:$E$64,CNTT!$F$4:$I$64),MATCH(DATEDIF(D23,DATE($X$4,$W$4,$V$4),"m"),CNTT!$A$4:$A$64,0),0)),CNTT!$B$3:$E$3),LOOKUP(2,1/(G23>=INDEX(IF(E23="x",CNTT!$B$70:$E$93,CNTT!$F$70:$I$93),MATCH(DATEDIF(D23,DATE($X$4,$W$4,$V$4),"m"),CNTT!$A$70:$A$93,0),0)),CNTT!$B$69:$E$69)) -> bt | I23: 93 | J23: =IF(DATEDIF(D23,DATE($X$4,$W$4,$V$4),"m")<=60,LOOKUP(2,1/(I23>=INDEX(IF(E23="x",CCTT!$B$4:$E$64,CCTT!$F$4:$I$64),MATCH(DATEDIF(D23,DATE($X$4,$W$4,$V$4),"m"),CCTT!$A$4:$A$64,0),0)),CCTT!$B$3:$E$3),LOOKUP(2,1/(I23>=INDEX(IF(E23="x",CCTT!$B$70:$E$93,CCTT!$F$70:$I$93),MATCH(DATEDIF(D23,DATE($X$4,$W$4,$V$4),"m"),CCTT!$A$70:$A$93,0),0)),CCTT!B$69:E$69)) -> bt | K23: =IF(DATEDIF(D23,DATE($X$4,$W$4,$V$4),"m")<24,LOOKUP(2,1/(G23>=INDEX(IF(E23="x",CNTCC!$B$4:$F$134,CNTCC!$F$4),MATCH(I23,CNTCC!$A$4:$A$134,0),0)),CNTCC!$B$3:$F$3),IF(AND(DATEDIF(D23,DATE($X$4,$W$4,$V$4),"m")>=24,DATEDIF(D23,DATE($X$4,$W$4,$V$4),"m")<=60),LOOKUP(2,1/(G23>=INDEX(IF(E23="x",CNTCC!$B$141:$F$251,CNTCC!$G$141:$K$251),MATCH(I23,CNTCC!$A$141:$A$251,0),0)),CNTCC!$B$140:$F$140),0)) -> bt | L23: Bt | M23: Bt | N23: Bt | O23: Bt | P23: Bt | Q23: Bt | R23: I | S23: =PROPER(B23) -> Nguyễn Minh Bảo | T23: =DATEDIF(D23,DATE($X$4,$W$4,$V$4),"m") -> 38 | U23: =G23/(I23/100)^2 -> 15.724361
A24: 15 | B24: Đinh Viết | C24: Tài | D24: 45043 | E24: x | G24: 15.1 | H24: =IF(DATEDIF(D24,DATE($X$4,$W$4,$V$4),"m")<=60,LOOKUP(2,1/(G24>=INDEX(IF(E24="x",CNTT!$B$4:$E$64,CNTT!$F$4:$I$64),MATCH(DATEDIF(D24,DATE($X$4,$W$4,$V$4),"m"),CNTT!$A$4:$A$64,0),0)),CNTT!$B$3:$E$3),LOOKUP(2,1/(G24>=INDEX(IF(E24="x",CNTT!$B$70:$E$93,CNTT!$F$70:$I$93),MATCH(DATEDIF(D24,DATE($X$4,$W$4,$V$4),"m"),CNTT!$A$70:$A$93,0),0)),CNTT!$B$69:$E$69)) -> bt | I24: 94 | J24: =IF(DATEDIF(D24,DATE($X$4,$W$4,$V$4),"m")<=60,LOOKUP(2,1/(I24>=INDEX(IF(E24="x",CCTT!$B$4:$E$64,CCTT!$F$4:$I$64),MATCH(DATEDIF(D24,DATE($X$4,$W$4,$V$4),"m"),CCTT!$A$4:$A$64,0),0)),CCTT!$B$3:$E$3),LOOKUP(2,1/(I24>=INDEX(IF(E24="x",CCTT!$B$70:$E$93,CCTT!$F$70:$I$93),MATCH(DATEDIF(D24,DATE($X$4,$W$4,$V$4),"m"),CCTT!$A$70:$A$93,0),0)),CCTT!B$69:E$69)) -> bt | K24: =IF(DATEDIF(D24,DATE($X$4,$W$4,$V$4),"m")<24,LOOKUP(2,1/(G24>=INDEX(IF(E24="x",CNTCC!$B$4:$F$134,CNTCC!$F$4),MATCH(I24,CNTCC!$A$4:$A$134,0),0)),CNTCC!$B$3:$F$3),IF(AND(DATEDIF(D24,DATE($X$4,$W$4,$V$4),"m")>=24,DATEDIF(D24,DATE($X$4,$W$4,$V$4),"m")<=60),LOOKUP(2,1/(G24>=INDEX(IF(E24="x",CNTCC!$B$141:$F$251,CNTCC!$G$141:$K$251),MATCH(I24,CNTCC!$A$141:$A$251,0),0)),CNTCC!$B$140:$F$140),0)) -> bt | L24: Bt | M24: Bt | N24: Bt | O24: Bt | P24: Bt | Q24: Bt | R24: I | S24: =PROPER(B24) -> Đinh Viết | T24: =DATEDIF(D24,DATE($X$4,$W$4,$V$4),"m") -> 40 | U24: =G24/(I24/100)^2 -> 17.089181
A25: 16 | B25: Trần Chí | C25: Thiện | D25: 45142 | E25: x | G25: 20.3 | H25: =IF(DATEDIF(D25,DATE($X$4,$W$4,$V$4),"m")<=60,LOOKUP(2,1/(G25>=INDEX(IF(E25="x",CNTT!$B$4:$E$64,CNTT!$F$4:$I$64),MATCH(DATEDIF(D25,DATE($X$4,$W$4,$V$4),"m"),CNTT!$A$4:$A$64,0),0)),CNTT!$B$3:$E$3),LOOKUP(2,1/(G25>=INDEX(IF(E25="x",CNTT!$B$70:$E$93,CNTT!$F$70:$I$93),MATCH(DATEDIF(D25,DATE($X$4,$W$4,$V$4),"m"),CNTT!$A$70:$A$93,0),0)),CNTT!$B$69:$E$69)) -> CNC | I25: 101 | J25: =IF(DATEDIF(D25,DATE($X$4,$W$4,$V$4),"m")<=60,LOOKUP(2,1/(I25>=INDEX(IF(E25="x",CCTT!$B$4:$E$64,CCTT!$F$4:$I$64),MATCH(DATEDIF(D25,DATE($X$4,$W$4,$V$4),"m"),CCTT!$A$4:$A$64,0),0)),CCTT!$B$3:$E$3),LOOKUP(2,1/(I25>=INDEX(IF(E25="x",CCTT!$B$70:$E$93,CCTT!$F$70:$I$93),MATCH(DATEDIF(D25,DATE($X$4,$W$4,$V$4),"m"),CCTT!$A$70:$A$93,0),0)),CCTT!B$69:E$69)) -> bt | K25: bt | L25: Bt | M25: Bt | N25: Bt | O25: Bt | P25: Bt | Q25: Bt | R25: I | S25: =PROPER(B25) -> Trần Chí | T25: =DATEDIF(D25,DATE($X$4,$W$4,$V$4),"m") -> 36 | U25: =G25/(I25/100)^2 -> 19.90001
A26: 17 | B26: Nguyễn Ý Cát | C26: Tường | D26: 45161 | F26: x | G26: 12.8 | H26: =IF(DATEDIF(D26,DATE($X$4,$W$4,$V$4),"m")<=60,LOOKUP(2,1/(G26>=INDEX(IF(E26="x",CNTT!$B$4:$E$64,CNTT!$F$4:$I$64),MATCH(DATEDIF(D26,DATE($X$4,$W$4,$V$4),"m"),CNTT!$A$4:$A$64,0),0)),CNTT!$B$3:$E$3),LOOKUP(2,1/(G26>=INDEX(IF(E26="x",CNTT!$B$70:$E$93,CNTT!$F$70:$I$93),MATCH(DATEDIF(D26,DATE($X$4,$W$4,$V$4),"m"),CNTT!$A$70:$A$93,0),0)),CNTT!$B$69:$E$69)) -> bt | I26: 94 | J26: =IF(DATEDIF(D26,DATE($X$4,$W$4,$V$4),"m")<=60,LOOKUP(2,1/(I26>=INDEX(IF(E26="x",CCTT!$B$4:$E$64,CCTT!$F$4:$I$64),MATCH(DATEDIF(D26,DATE($X$4,$W$4,$V$4),"m"),CCTT!$A$4:$A$64,0),0)),CCTT!$B$3:$E$3),LOOKUP(2,1/(I26>=INDEX(IF(E26="x",CCTT!$B$70:$E$93,CCTT!$F$70:$I$93),MATCH(DATEDIF(D26,DATE($X$4,$W$4,$V$4),"m"),CCTT!$A$70:$A$93,0),0)),CCTT!B$69:E$69)) -> bt | K26: =IF(DATEDIF(D26,DATE($X$4,$W$4,$V$4),"m")<24,LOOKUP(2,1/(G26>=INDEX(IF(E26="x",CNTCC!$B$4:$F$134,CNTCC!$F$4),MATCH(I26,CNTCC!$A$4:$A$134,0),0)),CNTCC!$B$3:$F$3),IF(AND(DATEDIF(D26,DATE($X$4,$W$4,$V$4),"m")>=24,DATEDIF(D26,DATE($X$4,$W$4,$V$4),"m")<=60),LOOKUP(2,1/(G26>=INDEX(IF(E26="x",CNTCC!$B$141:$F$251,CNTCC!$G$141:$K$251),MATCH(I26,CNTCC!$A$141:$A$251,0),0)),CNTCC!$B$140:$F$140),0)) -> bt | L26: Bt | M26: Bt | N26: Bt | O26: Bt | P26: Sâu men | Q26: Bt | R26: II | S26: =PROPER(B26) -> Nguyễn Ý Cát | T26: =DATEDIF(D26,DATE($X$4,$W$4,$V$4),"m") -> 36 | U26: =G26/(I26/100)^2 -> 14.486193
A27: 18 | B27: Phan Ngọc Phượng | C27: Tiên | D27: 45261 | E27: x | G27: 10.6 | H27: bt | I27: 87 | J27: =IF(DATEDIF(D27,DATE($X$4,$W$4,$V$4),"m")<=60,LOOKUP(2,1/(I27>=INDEX(IF(E27="x",CCTT!$B$4:$E$64,CCTT!$F$4:$I$64),MATCH(DATEDIF(D27,DATE($X$4,$W$4,$V$4),"m"),CCTT!$A$4:$A$64,0),0)),CCTT!$B$3:$E$3),LOOKUP(2,1/(I27>=INDEX(IF(E27="x",CCTT!$B$70:$E$93,CCTT!$F$70:$I$93),MATCH(DATEDIF(D27,DATE($X$4,$W$4,$V$4),"m"),CCTT!$A$70:$A$93,0),0)),CCTT!B$69:E$69)) -> bt | K27: =IF(DATEDIF(D27,DATE($X$4,$W$4,$V$4),"m")<24,LOOKUP(2,1/(G27>=INDEX(IF(E27="x",CNTCC!$B$4:$F$134,CNTCC!$F$4),MATCH(I27,CNTCC!$A$4:$A$134,0),0)),CNTCC!$B$3:$F$3),IF(AND(DATEDIF(D27,DATE($X$4,$W$4,$V$4),"m")>=24,DATEDIF(D27,DATE($X$4,$W$4,$V$4),"m")<=60),LOOKUP(2,1/(G27>=INDEX(IF(E27="x",CNTCC!$B$141:$F$251,CNTCC!$G$141:$K$251),MATCH(I27,CNTCC!$A$141:$A$251,0),0)),CNTCC!$B$140:$F$140),0)) -> bt | L27: Bt | M27: VMXT | N27: Bt | O27: Bt | P27: Bt | Q27: Bt | R27: II | S27: =PROPER(B27) -> Phan Ngọc Phượng | T27: =DATEDIF(D27,DATE($X$4,$W$4,$V$4),"m") -> 32 | U27: =G27/(I27/100)^2 -> 14.004492
A28: 19 | B28: Đặng Cát Tường | C28: Vân | D28: 45126 | F28: x | G28: 11.4 | H28: bt | I28: 92 | J28: =IF(DATEDIF(D28,DATE($X$4,$W$4,$V$4),"m")<=60,LOOKUP(2,1/(I28>=INDEX(IF(E28="x",CCTT!$B$4:$E$64,CCTT!$F$4:$I$64),MATCH(DATEDIF(D28,DATE($X$4,$W$4,$V$4),"m"),CCTT!$A$4:$A$64,0),0)),CCTT!$B$3:$E$3),LOOKUP(2,1/(I28>=INDEX(IF(E28="x",CCTT!$B$70:$E$93,CCTT!$F$70:$I$93),MATCH(DATEDIF(D28,DATE($X$4,$W$4,$V$4),"m"),CCTT!$A$70:$A$93,0),0)),CCTT!B$69:E$69)) -> bt | K28: bt | L28: Bt | M28: Bt | N28: Bt | O28: Bt | P28: Bt | Q28: Bt | R28: I | S28: =PROPER(B28) -> Đặng Cát Tường | T28: =DATEDIF(D28,DATE($X$4,$W$4,$V$4),"m") -> 37 | U28: =G28/(I28/100)^2 -> #VALUE!
D30: GHI CHÚ CHỮ VIẾT TẮT:
A32: bt | C32: : Bình thường | I32: SDDTTC | L32: : Suy dinh dưỡng thể thấp còi
A33: SDDTNC | C33: : Suy dinh dưỡng thể nhẹ cân | I33: SDDTTCMĐN | L33: : Suy dinh dưỡng thể thấp còi mức độ nặng
A34: TC | C34: : Thừa cân | I34: SDDTGC | L34: : Suy dinh dưỡng thể gầy còm
A35: BP | C35: : Béo phì | I35: SDDTGCMĐN | L35: : Suy dinh dưỡng thể gầy còm mức độ nặng
A36: CNC | C36: : Cân nặng cao | I36: CHT | L36: : Cao hơn tuổi
A37: VP | C37: : Viêm phổi | I37: VMH | L37: : Viêm mũi họng
A38: Sr | C38: : Sâu răng | I38: VMXT | L38: : Viêm mũi xuất tiết
A39: VHHT | C39: : Viêm hô hấp trên | I39: TKX | L39: : Tật khúc xa

Sheet 3-4 B
A1: BẢNG TỔNG HỢP KHÁM SỨC KHỎE HỌC SINH
A2: (Khám sức khỏe học sinh năm học 2026-2027 ngày 15 tháng 9 năm 2026)
V3: NGÀY CÂN ĐO
A4: TÊN ĐƠN VỊ | C4: : TRƯỜNG MẦM NON TƯ THỤC MINH ANH | J4: LỚP | K4: MG 3-4 TUỔI B | W4: 9 | X4: 2026
A5: ĐỊA CHỈ | C5: : SỐ 15/6 TRẦN ĐƯỜNG - PHƯỜNG TÂY NHA TRANG - KHÁNH HÒA
A8: STT | B8: HỌ VÀ TÊN | D8: NGÀY SINH | E8: GIỚI TÍNH | G8: TÌNH TRẠNG DINH DƯỠNG | L8: KHÁM CHUYÊN KHOA | R8: PHÂN LOẠI SỨC KHỎE | T8: THÁNG
E9: Nam | F9: Nữ | G9: Cân nặng (kg) | H9: Kết quả | I9: Chiều cao (cm) | J9: Kết quả | K9: Cân nặng theo chiều cao | L9: NHI KHOA | M9: TAI MŨI HỌNG | N9: MẮT | O9: CƠ XƯƠNG KHỚP | P9: RĂNG HÀM MẶT | Q9: CHUYÊN KHOA KHÁC | Y9: bt | Z9: SDDTNC | AA9: CNC | AB9: bt | AC9: SDDTTC | AD9: CHT | AE9: bt | AF9: TC | AG9: BP | AH9: SDDTGC | AI9: I | AJ9: II | AK9: III
A10: 1 | B10: Nguyễn Duy | C10: An | D10: 45174 | E10: x | G10: 12.5 | H10: =IF(DATEDIF(D10,DATE($X$4,$W$4,$V$4),"m")<=60,LOOKUP(2,1/(G10>=INDEX(IF(E10="x",CNTT!$B$4:$E$64,CNTT!$F$4:$I$64),MATCH(DATEDIF(D10,DATE($X$4,$W$4,$V$4),"m"),CNTT!$A$4:$A$64,0),0)),CNTT!$B$3:$E$3),LOOKUP(2,1/(G10>=INDEX(IF(E10="x",CNTT!$B$70:$E$93,CNTT!$F$70:$I$93),MATCH(DATEDIF(D10,DATE($X$4,$W$4,$V$4),"m"),CNTT!$A$70:$A$93,0),0)),CNTT!$B$69:$E$69)) -> bt | I10: 96 | J10: =IF(DATEDIF(D10,DATE($X$4,$W$4,$V$4),"m")<=60,LOOKUP(2,1/(I10>=INDEX(IF(E10="x",CCTT!$B$4:$E$64,CCTT!$F$4:$I$64),MATCH(DATEDIF(D10,DATE($X$4,$W$4,$V$4),"m"),CCTT!$A$4:$A$64,0),0)),CCTT!$B$3:$E$3),LOOKUP(2,1/(I10>=INDEX(IF(E10="x",CCTT!$B$70:$E$93,CCTT!$F$70:$I$93),MATCH(DATEDIF(D10,DATE($X$4,$W$4,$V$4),"m"),CCTT!$A$70:$A$93,0),0)),CCTT!B$69:E$69)) -> bt | K10: =IF(DATEDIF(D10,DATE($X$4,$W$4,$V$4),"m")<24,LOOKUP(2,1/(G10>=INDEX(IF(E10="x",CNTCC!$B$4:$F$134,CNTCC!$F$4),MATCH(I10,CNTCC!$A$4:$A$134,0),0)),CNTCC!$B$3:$F$3),IF(AND(DATEDIF(D10,DATE($X$4,$W$4,$V$4),"m")>=24,DATEDIF(D10,DATE($X$4,$W$4,$V$4),"m")<=60),LOOKUP(2,1/(G10>=INDEX(IF(E10="x",CNTCC!$B$141:$F$251,CNTCC!$G$141:$K$251),MATCH(I10,CNTCC!$A$141:$A$251,0),0)),CNTCC!$B$140:$F$140),0)) -> bt | L10: Bt | M10: VMXT | N10: Bt | O10: Bt | P10: Bt | Q10: Bt | R10: II | S10: =PROPER(B10) -> Nguyễn Duy | T10: =DATEDIF(D10,DATE($X$4,$W$4,$V$4),"m") -> 35 | U10: =G10/(I10/100)^2 -> 13.563368 | Y10: =COUNTIF(H10:H25,Y9) -> 15 | Z10: =COUNTIF(H10:H25,Z9) -> 0 | AA10: =COUNTIF(H10:H25,AA9) -> 1 | AB10: =COUNTIF(J10:J25,AB9) -> 16 | AC10: =COUNTIF(J10:J25,AC9) -> 0 | AD10: =COUNTIF(J10:J25,AD9) -> 0 | AE10: =COUNTIF(K10:K25,AE9) -> 13 | AF10: =COUNTIF(K10:K25,AF9) -> 2 | AG10: =COUNTIF(K10:K25,AG9) -> 1 | AH10: =COUNTIF(K10:K25,AH9) -> 0 | AI10: =COUNTIF(R10:R25,AI9) -> 9 | AJ10: =COUNTIF(R10:R25,AJ9) -> 6 | AK10: =COUNTIF(R10:R25,AK9) -> 1
A11: 2 | B11: Ng. Lương Quỳnh | C11: Anh | D11: 44991 | F11: x | G11: 14.6 | H11: =IF(DATEDIF(D11,DATE($X$4,$W$4,$V$4),"m")<=60,LOOKUP(2,1/(G11>=INDEX(IF(E11="x",CNTT!$B$4:$E$64,CNTT!$F$4:$I$64),MATCH(DATEDIF(D11,DATE($X$4,$W$4,$V$4),"m"),CNTT!$A$4:$A$64,0),0)),CNTT!$B$3:$E$3),LOOKUP(2,1/(G11>=INDEX(IF(E11="x",CNTT!$B$70:$E$93,CNTT!$F$70:$I$93),MATCH(DATEDIF(D11,DATE($X$4,$W$4,$V$4),"m"),CNTT!$A$70:$A$93,0),0)),CNTT!$B$69:$E$69)) -> bt | I11: 100 | J11: =IF(DATEDIF(D11,DATE($X$4,$W$4,$V$4),"m")<=60,LOOKUP(2,1/(I11>=INDEX(IF(E11="x",CCTT!$B$4:$E$64,CCTT!$F$4:$I$64),MATCH(DATEDIF(D11,DATE($X$4,$W$4,$V$4),"m"),CCTT!$A$4:$A$64,0),0)),CCTT!$B$3:$E$3),LOOKUP(2,1/(I11>=INDEX(IF(E11="x",CCTT!$B$70:$E$93,CCTT!$F$70:$I$93),MATCH(DATEDIF(D11,DATE($X$4,$W$4,$V$4),"m"),CCTT!$A$70:$A$93,0),0)),CCTT!B$69:E$69)) -> bt | K11: =IF(DATEDIF(D11,DATE($X$4,$W$4,$V$4),"m")<24,LOOKUP(2,1/(G11>=INDEX(IF(E11="x",CNTCC!$B$4:$F$134,CNTCC!$F$4),MATCH(I11,CNTCC!$A$4:$A$134,0),0)),CNTCC!$B$3:$F$3),IF(AND(DATEDIF(D11,DATE($X$4,$W$4,$V$4),"m")>=24,DATEDIF(D11,DATE($X$4,$W$4,$V$4),"m")<=60),LOOKUP(2,1/(G11>=INDEX(IF(E11="x",CNTCC!$B$141:$F$251,CNTCC!$G$141:$K$251),MATCH(I11,CNTCC!$A$141:$A$251,0),0)),CNTCC!$B$140:$F$140),0)) -> bt | L11: Bt | M11: Bt | N11: Bt | O11: Bt | P11: Bt | Q11: Bt | R11: I | S11: =PROPER(B11) -> Ng. Lương Quỳnh | T11: =DATEDIF(D11,DATE($X$4,$W$4,$V$4),"m") -> 41 | U11: =G11/(I11/100)^2 -> 14.6 | Y11: =SUM(Y10:AA10) -> 16
A12: 3 | B12: Nguyễn Vy | C12: Anh | D12: 45096 | F12: x | G12: 14.2 | H12: =IF(DATEDIF(D12,DATE($X$4,$W$4,$V$4),"m")<=60,LOOKUP(2,1/(G12>=INDEX(IF(E12="x",CNTT!$B$4:$E$64,CNTT!$F$4:$I$64),MATCH(DATEDIF(D12,DATE($X$4,$W$4,$V$4),"m"),CNTT!$A$4:$A$64,0),0)),CNTT!$B$3:$E$3),LOOKUP(2,1/(G12>=INDEX(IF(E12="x",CNTT!$B$70:$E$93,CNTT!$F$70:$I$93),MATCH(DATEDIF(D12,DATE($X$4,$W$4,$V$4),"m"),CNTT!$A$70:$A$93,0),0)),CNTT!$B$69:$E$69)) -> bt | I12: 92 | J12: =IF(DATEDIF(D12,DATE($X$4,$W$4,$V$4),"m")<=60,LOOKUP(2,1/(I12>=INDEX(IF(E12="x",CCTT!$B$4:$E$64,CCTT!$F$4:$I$64),MATCH(DATEDIF(D12,DATE($X$4,$W$4,$V$4),"m"),CCTT!$A$4:$A$64,0),0)),CCTT!$B$3:$E$3),LOOKUP(2,1/(I12>=INDEX(IF(E12="x",CCTT!$B$70:$E$93,CCTT!$F$70:$I$93),MATCH(DATEDIF(D12,DATE($X$4,$W$4,$V$4),"m"),CCTT!$A$70:$A$93,0),0)),CCTT!B$69:E$69)) -> bt | K12: =IF(DATEDIF(D12,DATE($X$4,$W$4,$V$4),"m")<24,LOOKUP(2,1/(G12>=INDEX(IF(E12="x",CNTCC!$B$4:$F$134,CNTCC!$F$4),MATCH(I12,CNTCC!$A$4:$A$134,0),0)),CNTCC!$B$3:$F$3),IF(AND(DATEDIF(D12,DATE($X$4,$W$4,$V$4),"m")>=24,DATEDIF(D12,DATE($X$4,$W$4,$V$4),"m")<=60),LOOKUP(2,1/(G12>=INDEX(IF(E12="x",CNTCC!$B$141:$F$251,CNTCC!$G$141:$K$251),MATCH(I12,CNTCC!$A$141:$A$251,0),0)),CNTCC!$B$140:$F$140),0)) -> bt | L12: Bt | M12: Bt | N12: Bt | O12: Bt | P12: Bt | Q12: Bt | R12: I | S12: =PROPER(B12) -> Nguyễn Vy | T12: =DATEDIF(D12,DATE($X$4,$W$4,$V$4),"m") -> 38 | U12: =G12/(I12/100)^2 -> 16.776938 | Y12: =SUM(AB10:AD10) -> 16
A13: 4 | B13: Lê Thuần | C13: Chơn | D13: 45206 | E13: x | G13: 18 | H13: bt | I13: 97 | J13: =IF(DATEDIF(D13,DATE($X$4,$W$4,$V$4),"m")<=60,LOOKUP(2,1/(I13>=INDEX(IF(E13="x",CCTT!$B$4:$E$64,CCTT!$F$4:$I$64),MATCH(DATEDIF(D13,DATE($X$4,$W$4,$V$4),"m"),CCTT!$A$4:$A$64,0),0)),CCTT!$B$3:$E$3),LOOKUP(2,1/(I13>=INDEX(IF(E13="x",CCTT!$B$70:$E$93,CCTT!$F$70:$I$93),MATCH(DATEDIF(D13,DATE($X$4,$W$4,$V$4),"m"),CCTT!$A$70:$A$93,0),0)),CCTT!B$69:E$69)) -> bt | K13: =IF(DATEDIF(D13,DATE($X$4,$W$4,$V$4),"m")<24,LOOKUP(2,1/(G13>=INDEX(IF(E13="x",CNTCC!$B$4:$F$134,CNTCC!$F$4),MATCH(I13,CNTCC!$A$4:$A$134,0),0)),CNTCC!$B$3:$F$3),IF(AND(DATEDIF(D13,DATE($X$4,$W$4,$V$4),"m")>=24,DATEDIF(D13,DATE($X$4,$W$4,$V$4),"m")<=60),LOOKUP(2,1/(G13>=INDEX(IF(E13="x",CNTCC!$B$141:$F$251,CNTCC!$G$141:$K$251),MATCH(I13,CNTCC!$A$141:$A$251,0),0)),CNTCC!$B$140:$F$140),0)) -> TC | L13: Bt | M13: VMH | N13: Bt | O13: Bt | P13: Bt | Q13: Bt | R13: II | S13: =PROPER(B13) -> Lê Thuần | T13: =DATEDIF(D13,DATE($X$4,$W$4,$V$4),"m") -> 34 | U13: =G13/(I13/100)^2 -> 19.13062 | Y13: =SUM(AE10:AH10) -> 16
A14: 5 | B14: Nguyễn Hoàng Minh | C14: Đạt | D14: 45101 | E14: x | G14: 13.4 | H14: =IF(DATEDIF(D14,DATE($X$4,$W$4,$V$4),"m")<=60,LOOKUP(2,1/(G14>=INDEX(IF(E14="x",CNTT!$B$4:$E$64,CNTT!$F$4:$I$64),MATCH(DATEDIF(D14,DATE($X$4,$W$4,$V$4),"m"),CNTT!$A$4:$A$64,0),0)),CNTT!$B$3:$E$3),LOOKUP(2,1/(G14>=INDEX(IF(E14="x",CNTT!$B$70:$E$93,CNTT!$F$70:$I$93),MATCH(DATEDIF(D14,DATE($X$4,$W$4,$V$4),"m"),CNTT!$A$70:$A$93,0),0)),CNTT!$B$69:$E$69)) -> bt | I14: 95 | J14: =IF(DATEDIF(D14,DATE($X$4,$W$4,$V$4),"m")<=60,LOOKUP(2,1/(I14>=INDEX(IF(E14="x",CCTT!$B$4:$E$64,CCTT!$F$4:$I$64),MATCH(DATEDIF(D14,DATE($X$4,$W$4,$V$4),"m"),CCTT!$A$4:$A$64,0),0)),CCTT!$B$3:$E$3),LOOKUP(2,1/(I14>=INDEX(IF(E14="x",CCTT!$B$70:$E$93,CCTT!$F$70:$I$93),MATCH(DATEDIF(D14,DATE($X$4,$W$4,$V$4),"m"),CCTT!$A$70:$A$93,0),0)),CCTT!B$69:E$69)) -> bt | K14: =IF(DATEDIF(D14,DATE($X$4,$W$4,$V$4),"m")<24,LOOKUP(2,1/(G14>=INDEX(IF(E14="x",CNTCC!$B$4:$F$134,CNTCC!$F$4),MATCH(I14,CNTCC!$A$4:$A$134,0),0)),CNTCC!$B$3:$F$3),IF(AND(DATEDIF(D14,DATE($X$4,$W$4,$V$4),"m")>=24,DATEDIF(D14,DATE($X$4,$W$4,$V$4),"m")<=60),LOOKUP(2,1/(G14>=INDEX(IF(E14="x",CNTCC!$B$141:$F$251,CNTCC!$G$141:$K$251),MATCH(I14,CNTCC!$A$141:$A$251,0),0)),CNTCC!$B$140:$F$140),0)) -> bt | L14: Bt | M14: Bt | N14: Bt | O14: Bt | P14: Bt | Q14: Bt | R14: I | S14: =PROPER(B14) -> Nguyễn Hoàng Minh | T14: =DATEDIF(D14,DATE($X$4,$W$4,$V$4),"m") -> 38 | U14: =G14/(I14/100)^2 -> 14.847645 | Y14: =SUM(AI10:AK10) -> 16
A15: 6 | B15: Ng. Ngọc Gia | C15: Hân | D15: 44956 | F15: x | G15: 13.4 | H15: =IF(DATEDIF(D15,DATE($X$4,$W$4,$V$4),"m")<=60,LOOKUP(2,1/(G15>=INDEX(IF(E15="x",CNTT!$B$4:$E$64,CNTT!$F$4:$I$64),MATCH(DATEDIF(D15,DATE($X$4,$W$4,$V$4),"m"),CNTT!$A$4:$A$64,0),0)),CNTT!$B$3:$E$3),LOOKUP(2,1/(G15>=INDEX(IF(E15="x",CNTT!$B$70:$E$93,CNTT!$F$70:$I$93),MATCH(DATEDIF(D15,DATE($X$4,$W$4,$V$4),"m"),CNTT!$A$70:$A$93,0),0)),CNTT!$B$69:$E$69)) -> bt | I15: 95 | J15: =IF(DATEDIF(D15,DATE($X$4,$W$4,$V$4),"m")<=60,LOOKUP(2,1/(I15>=INDEX(IF(E15="x",CCTT!$B$4:$E$64,CCTT!$F$4:$I$64),MATCH(DATEDIF(D15,DATE($X$4,$W$4,$V$4),"m"),CCTT!$A$4:$A$64,0),0)),CCTT!$B$3:$E$3),LOOKUP(2,1/(I15>=INDEX(IF(E15="x",CCTT!$B$70:$E$93,CCTT!$F$70:$I$93),MATCH(DATEDIF(D15,DATE($X$4,$W$4,$V$4),"m"),CCTT!$A$70:$A$93,0),0)),CCTT!B$69:E$69)) -> bt | K15: =IF(DATEDIF(D15,DATE($X$4,$W$4,$V$4),"m")<24,LOOKUP(2,1/(G15>=INDEX(IF(E15="x",CNTCC!$B$4:$F$134,CNTCC!$F$4),MATCH(I15,CNTCC!$A$4:$A$134,0),0)),CNTCC!$B$3:$F$3),IF(AND(DATEDIF(D15,DATE($X$4,$W$4,$V$4),"m")>=24,DATEDIF(D15,DATE($X$4,$W$4,$V$4),"m")<=60),LOOKUP(2,1/(G15>=INDEX(IF(E15="x",CNTCC!$B$141:$F$251,CNTCC!$G$141:$K$251),MATCH(I15,CNTCC!$A$141:$A$251,0),0)),CNTCC!$B$140:$F$140),0)) -> bt | L15: Bt | M15: Bt | N15: Bt | O15: Bt | P15: Sâu men | Q15: Bt | R15: II | S15: =PROPER(B15) -> Ng. Ngọc Gia | T15: =DATEDIF(D15,DATE($X$4,$W$4,$V$4),"m") -> 43 | U15: =G15/(I15/100)^2 -> 14.847645
A16: 7 | B16: Nguyễn Đoàn Khả | C16: Hân | D16: 45198 | F16: x | G16: 12.7 | H16: =IF(DATEDIF(D16,DATE($X$4,$W$4,$V$4),"m")<=60,LOOKUP(2,1/(G16>=INDEX(IF(E16="x",CNTT!$B$4:$E$64,CNTT!$F$4:$I$64),MATCH(DATEDIF(D16,DATE($X$4,$W$4,$V$4),"m"),CNTT!$A$4:$A$64,0),0)),CNTT!$B$3:$E$3),LOOKUP(2,1/(G16>=INDEX(IF(E16="x",CNTT!$B$70:$E$93,CNTT!$F$70:$I$93),MATCH(DATEDIF(D16,DATE($X$4,$W$4,$V$4),"m"),CNTT!$A$70:$A$93,0),0)),CNTT!$B$69:$E$69)) -> bt | I16: 88 | J16: =IF(DATEDIF(D16,DATE($X$4,$W$4,$V$4),"m")<=60,LOOKUP(2,1/(I16>=INDEX(IF(E16="x",CCTT!$B$4:$E$64,CCTT!$F$4:$I$64),MATCH(DATEDIF(D16,DATE($X$4,$W$4,$V$4),"m"),CCTT!$A$4:$A$64,0),0)),CCTT!$B$3:$E$3),LOOKUP(2,1/(I16>=INDEX(IF(E16="x",CCTT!$B$70:$E$93,CCTT!$F$70:$I$93),MATCH(DATEDIF(D16,DATE($X$4,$W$4,$V$4),"m"),CCTT!$A$70:$A$93,0),0)),CCTT!B$69:E$69)) -> bt | K16: =IF(DATEDIF(D16,DATE($X$4,$W$4,$V$4),"m")<24,LOOKUP(2,1/(G16>=INDEX(IF(E16="x",CNTCC!$B$4:$F$134,CNTCC!$F$4),MATCH(I16,CNTCC!$A$4:$A$134,0),0)),CNTCC!$B$3:$F$3),IF(AND(DATEDIF(D16,DATE($X$4,$W$4,$V$4),"m")>=24,DATEDIF(D16,DATE($X$4,$W$4,$V$4),"m")<=60),LOOKUP(2,1/(G16>=INDEX(IF(E16="x",CNTCC!$B$141:$F$251,CNTCC!$G$141:$K$251),MATCH(I16,CNTCC!$A$141:$A$251,0),0)),CNTCC!$B$140:$F$140),0)) -> bt | L16: Bt | M16: Bt | N16: Bt | O16: Bt | P16: Bt | Q16: Bt | R16: I | S16: =PROPER(B16) -> Nguyễn Đoàn Khả | T16: =DATEDIF(D16,DATE($X$4,$W$4,$V$4),"m") -> 35 | U16: =G16/(I16/100)^2 -> 16.399793
A17: 8 | B17: Huỳnh Ngọc Nhã | C17: Hân | D17: 45220 | F17: x | G17: 13.4 | H17: =IF(DATEDIF(D17,DATE($X$4,$W$4,$V$4),"m")<=60,LOOKUP(2,1/(G17>=INDEX(IF(E17="x",CNTT!$B$4:$E$64,CNTT!$F$4:$I$64),MATCH(DATEDIF(D17,DATE($X$4,$W$4,$V$4),"m"),CNTT!$A$4:$A$64,0),0)),CNTT!$B$3:$E$3),LOOKUP(2,1/(G17>=INDEX(IF(E17="x",CNTT!$B$70:$E$93,CNTT!$F$70:$I$93),MATCH(DATEDIF(D17,DATE($X$4,$W$4,$V$4),"m"),CNTT!$A$70:$A$93,0),0)),CNTT!$B$69:$E$69)) -> bt | I17: 93 | J17: =IF(DATEDIF(D17,DATE($X$4,$W$4,$V$4),"m")<=60,LOOKUP(2,1/(I17>=INDEX(IF(E17="x",CCTT!$B$4:$E$64,CCTT!$F$4:$I$64),MATCH(DATEDIF(D17,DATE($X$4,$W$4,$V$4),"m"),CCTT!$A$4:$A$64,0),0)),CCTT!$B$3:$E$3),LOOKUP(2,1/(I17>=INDEX(IF(E17="x",CCTT!$B$70:$E$93,CCTT!$F$70:$I$93),MATCH(DATEDIF(D17,DATE($X$4,$W$4,$V$4),"m"),CCTT!$A$70:$A$93,0),0)),CCTT!B$69:E$69)) -> bt | K17: =IF(DATEDIF(D17,DATE($X$4,$W$4,$V$4),"m")<24,LOOKUP(2,1/(G17>=INDEX(IF(E17="x",CNTCC!$B$4:$F$134,CNTCC!$F$4),MATCH(I17,CNTCC!$A$4:$A$134,0),0)),CNTCC!$B$3:$F$3),IF(AND(DATEDIF(D17,DATE($X$4,$W$4,$V$4),"m")>=24,DATEDIF(D17,DATE($X$4,$W$4,$V$4),"m")<=60),LOOKUP(2,1/(G17>=INDEX(IF(E17="x",CNTCC!$B$141:$F$251,CNTCC!$G$141:$K$251),MATCH(I17,CNTCC!$A$141:$A$251,0),0)),CNTCC!$B$140:$F$140),0)) -> bt | L17: Bt | M17: Bt | N17: Bt | O17: Bt | P17: Bt | Q17: Bt | R17: I | S17: =PROPER(B17) -> Huỳnh Ngọc Nhã | T17: =DATEDIF(D17,DATE($X$4,$W$4,$V$4),"m") -> 34 | U17: =G17/(I17/100)^2 -> 15.493121
A18: 9 | B18: Phan Triều | C18: Hân | D18: 44956 | F18: x | G18: 15.3 | H18: =IF(DATEDIF(D18,DATE($X$4,$W$4,$V$4),"m")<=60,LOOKUP(2,1/(G18>=INDEX(IF(E18="x",CNTT!$B$4:$E$64,CNTT!$F$4:$I$64),MATCH(DATEDIF(D18,DATE($X$4,$W$4,$V$4),"m"),CNTT!$A$4:$A$64,0),0)),CNTT!$B$3:$E$3),LOOKUP(2,1/(G18>=INDEX(IF(E18="x",CNTT!$B$70:$E$93,CNTT!$F$70:$I$93),MATCH(DATEDIF(D18,DATE($X$4,$W$4,$V$4),"m"),CNTT!$A$70:$A$93,0),0)),CNTT!$B$69:$E$69)) -> bt | I18: 101 | J18: =IF(DATEDIF(D18,DATE($X$4,$W$4,$V$4),"m")<=60,LOOKUP(2,1/(I18>=INDEX(IF(E18="x",CCTT!$B$4:$E$64,CCTT!$F$4:$I$64),MATCH(DATEDIF(D18,DATE($X$4,$W$4,$V$4),"m"),CCTT!$A$4:$A$64,0),0)),CCTT!$B$3:$E$3),LOOKUP(2,1/(I18>=INDEX(IF(E18="x",CCTT!$B$70:$E$93,CCTT!$F$70:$I$93),MATCH(DATEDIF(D18,DATE($X$4,$W$4,$V$4),"m"),CCTT!$A$70:$A$93,0),0)),CCTT!B$69:E$69)) -> bt | K18: =IF(DATEDIF(D18,DATE($X$4,$W$4,$V$4),"m")<24,LOOKUP(2,1/(G18>=INDEX(IF(E18="x",CNTCC!$B$4:$F$134,CNTCC!$F$4),MATCH(I18,CNTCC!$A$4:$A$134,0),0)),CNTCC!$B$3:$F$3),IF(AND(DATEDIF(D18,DATE($X$4,$W$4,$V$4),"m")>=24,DATEDIF(D18,DATE($X$4,$W$4,$V$4),"m")<=60),LOOKUP(2,1/(G18>=INDEX(IF(E18="x",CNTCC!$B$141:$F$251,CNTCC!$G$141:$K$251),MATCH(I18,CNTCC!$A$141:$A$251,0),0)),CNTCC!$B$140:$F$140),0)) -> bt | L18: Bt | M18: Bt | N18: Bt | O18: Bt | P18: Bt | Q18: Bt | R18: I | S18: =PROPER(B18) -> Phan Triều | T18: =DATEDIF(D18,DATE($X$4,$W$4,$V$4),"m") -> 43 | U18: =G18/(I18/100)^2 -> 14.99853
A19: 10 | B19: Nguyễn Đào Duy | C19: Khang | D19: 45067 | E19: x | G19: 13.7 | H19: =IF(DATEDIF(D19,DATE($X$4,$W$4,$V$4),"m")<=60,LOOKUP(2,1/(G19>=INDEX(IF(E19="x",CNTT!$B$4:$E$64,CNTT!$F$4:$I$64),MATCH(DATEDIF(D19,DATE($X$4,$W$4,$V$4),"m"),CNTT!$A$4:$A$64,0),0)),CNTT!$B$3:$E$3),LOOKUP(2,1/(G19>=INDEX(IF(E19="x",CNTT!$B$70:$E$93,CNTT!$F$70:$I$93),MATCH(DATEDIF(D19,DATE($X$4,$W$4,$V$4),"m"),CNTT!$A$70:$A$93,0),0)),CNTT!$B$69:$E$69)) -> bt | I19: 97 | J19: =IF(DATEDIF(D19,DATE($X$4,$W$4,$V$4),"m")<=60,LOOKUP(2,1/(I19>=INDEX(IF(E19="x",CCTT!$B$4:$E$64,CCTT!$F$4:$I$64),MATCH(DATEDIF(D19,DATE($X$4,$W$4,$V$4),"m"),CCTT!$A$4:$A$64,0),0)),CCTT!$B$3:$E$3),LOOKUP(2,1/(I19>=INDEX(IF(E19="x",CCTT!$B$70:$E$93,CCTT!$F$70:$I$93),MATCH(DATEDIF(D19,DATE($X$4,$W$4,$V$4),"m"),CCTT!$A$70:$A$93,0),0)),CCTT!B$69:E$69)) -> bt | K19: =IF(DATEDIF(D19,DATE($X$4,$W$4,$V$4),"m")<24,LOOKUP(2,1/(G19>=INDEX(IF(E19="x",CNTCC!$B$4:$F$134,CNTCC!$F$4),MATCH(I19,CNTCC!$A$4:$A$134,0),0)),CNTCC!$B$3:$F$3),IF(AND(DATEDIF(D19,DATE($X$4,$W$4,$V$4),"m")>=24,DATEDIF(D19,DATE($X$4,$W$4,$V$4),"m")<=60),LOOKUP(2,1/(G19>=INDEX(IF(E19="x",CNTCC!$B$141:$F$251,CNTCC!$G$141:$K$251),MATCH(I19,CNTCC!$A$141:$A$251,0),0)),CNTCC!$B$140:$F$140),0)) -> bt | L19: Bt | M19: Bt | N19: Bt | O19: Bt | P19: Bt | Q19: Bt | R19: I | S19: =PROPER(B19) -> Nguyễn Đào Duy | T19: =DATEDIF(D19,DATE($X$4,$W$4,$V$4),"m") -> 39 | U19: =G19/(I19/100)^2 -> 14.560527
A20: 11 | B20: Nguyễn Công | C20: Minh | D20: 44955 | E20: x | G20: 13.7 | H20: =IF(DATEDIF(D20,DATE($X$4,$W$4,$V$4),"m")<=60,LOOKUP(2,1/(G20>=INDEX(IF(E20="x",CNTT!$B$4:$E$64,CNTT!$F$4:$I$64),MATCH(DATEDIF(D20,DATE($X$4,$W$4,$V$4),"m"),CNTT!$A$4:$A$64,0),0)),CNTT!$B$3:$E$3),LOOKUP(2,1/(G20>=INDEX(IF(E20="x",CNTT!$B$70:$E$93,CNTT!$F$70:$I$93),MATCH(DATEDIF(D20,DATE($X$4,$W$4,$V$4),"m"),CNTT!$A$70:$A$93,0),0)),CNTT!$B$69:$E$69)) -> bt | I20: 99 | J20: =IF(DATEDIF(D20,DATE($X$4,$W$4,$V$4),"m")<=60,LOOKUP(2,1/(I20>=INDEX(IF(E20="x",CCTT!$B$4:$E$64,CCTT!$F$4:$I$64),MATCH(DATEDIF(D20,DATE($X$4,$W$4,$V$4),"m"),CCTT!$A$4:$A$64,0),0)),CCTT!$B$3:$E$3),LOOKUP(2,1/(I20>=INDEX(IF(E20="x",CCTT!$B$70:$E$93,CCTT!$F$70:$I$93),MATCH(DATEDIF(D20,DATE($X$4,$W$4,$V$4),"m"),CCTT!$A$70:$A$93,0),0)),CCTT!B$69:E$69)) -> bt | K20: =IF(DATEDIF(D20,DATE($X$4,$W$4,$V$4),"m")<24,LOOKUP(2,1/(G20>=INDEX(IF(E20="x",CNTCC!$B$4:$F$134,CNTCC!$F$4),MATCH(I20,CNTCC!$A$4:$A$134,0),0)),CNTCC!$B$3:$F$3),IF(AND(DATEDIF(D20,DATE($X$4,$W$4,$V$4),"m")>=24,DATEDIF(D20,DATE($X$4,$W$4,$V$4),"m")<=60),LOOKUP(2,1/(G20>=INDEX(IF(E20="x",CNTCC!$B$141:$F$251,CNTCC!$G$141:$K$251),MATCH(I20,CNTCC!$A$141:$A$251,0),0)),CNTCC!$B$140:$F$140),0)) -> bt | L20: Bt | M20: Bt | N20: Bt | O20: Bt | P20: Bt | Q20: Bt | R20: I | S20: =PROPER(B20) -> Nguyễn Công | T20: =DATEDIF(D20,DATE($X$4,$W$4,$V$4),"m") -> 43 | U20: =G20/(I20/100)^2 -> 13.978165
A21: 12 | B21: Nguyễn Ngọc Kim | C21: Ngân | D21: 45047 | F21: x | G21: 14.6 | H21: =IF(DATEDIF(D21,DATE($X$4,$W$4,$V$4),"m")<=60,LOOKUP(2,1/(G21>=INDEX(IF(E21="x",CNTT!$B$4:$E$64,CNTT!$F$4:$I$64),MATCH(DATEDIF(D21,DATE($X$4,$W$4,$V$4),"m"),CNTT!$A$4:$A$64,0),0)),CNTT!$B$3:$E$3),LOOKUP(2,1/(G21>=INDEX(IF(E21="x",CNTT!$B$70:$E$93,CNTT!$F$70:$I$93),MATCH(DATEDIF(D21,DATE($X$4,$W$4,$V$4),"m"),CNTT!$A$70:$A$93,0),0)),CNTT!$B$69:$E$69)) -> bt | I21: 93 | J21: =IF(DATEDIF(D21,DATE($X$4,$W$4,$V$4),"m")<=60,LOOKUP(2,1/(I21>=INDEX(IF(E21="x",CCTT!$B$4:$E$64,CCTT!$F$4:$I$64),MATCH(DATEDIF(D21,DATE($X$4,$W$4,$V$4),"m"),CCTT!$A$4:$A$64,0),0)),CCTT!$B$3:$E$3),LOOKUP(2,1/(I21>=INDEX(IF(E21="x",CCTT!$B$70:$E$93,CCTT!$F$70:$I$93),MATCH(DATEDIF(D21,DATE($X$4,$W$4,$V$4),"m"),CCTT!$A$70:$A$93,0),0)),CCTT!B$69:E$69)) -> bt | K21: =IF(DATEDIF(D21,DATE($X$4,$W$4,$V$4),"m")<24,LOOKUP(2,1/(G21>=INDEX(IF(E21="x",CNTCC!$B$4:$F$134,CNTCC!$F$4),MATCH(I21,CNTCC!$A$4:$A$134,0),0)),CNTCC!$B$3:$F$3),IF(AND(DATEDIF(D21,DATE($X$4,$W$4,$V$4),"m")>=24,DATEDIF(D21,DATE($X$4,$W$4,$V$4),"m")<=60),LOOKUP(2,1/(G21>=INDEX(IF(E21="x",CNTCC!$B$141:$F$251,CNTCC!$G$141:$K$251),MATCH(I21,CNTCC!$A$141:$A$251,0),0)),CNTCC!$B$140:$F$140),0)) -> bt | L21: Bt | M21: Bt | N21: Bt | O21: Bt | P21: Bt | Q21: Bt | R21: I | S21: =PROPER(B21) -> Nguyễn Ngọc Kim | T21: =DATEDIF(D21,DATE($X$4,$W$4,$V$4),"m") -> 39 | U21: =G21/(I21/100)^2 -> 16.880564
A22: 13 | B22: Nguyễn Ngọc Quỳnh | C22: Ngân | D22: 45142 | F22: x | G22: 13.2 | H22: =IF(DATEDIF(D22,DATE($X$4,$W$4,$V$4),"m")<=60,LOOKUP(2,1/(G22>=INDEX(IF(E22="x",CNTT!$B$4:$E$64,CNTT!$F$4:$I$64),MATCH(DATEDIF(D22,DATE($X$4,$W$4,$V$4),"m"),CNTT!$A$4:$A$64,0),0)),CNTT!$B$3:$E$3),LOOKUP(2,1/(G22>=INDEX(IF(E22="x",CNTT!$B$70:$E$93,CNTT!$F$70:$I$93),MATCH(DATEDIF(D22,DATE($X$4,$W$4,$V$4),"m"),CNTT!$A$70:$A$93,0),0)),CNTT!$B$69:$E$69)) -> bt | I22: 96 | J22: =IF(DATEDIF(D22,DATE($X$4,$W$4,$V$4),"m")<=60,LOOKUP(2,1/(I22>=INDEX(IF(E22="x",CCTT!$B$4:$E$64,CCTT!$F$4:$I$64),MATCH(DATEDIF(D22,DATE($X$4,$W$4,$V$4),"m"),CCTT!$A$4:$A$64,0),0)),CCTT!$B$3:$E$3),LOOKUP(2,1/(I22>=INDEX(IF(E22="x",CCTT!$B$70:$E$93,CCTT!$F$70:$I$93),MATCH(DATEDIF(D22,DATE($X$4,$W$4,$V$4),"m"),CCTT!$A$70:$A$93,0),0)),CCTT!B$69:E$69)) -> bt | K22: =IF(DATEDIF(D22,DATE($X$4,$W$4,$V$4),"m")<24,LOOKUP(2,1/(G22>=INDEX(IF(E22="x",CNTCC!$B$4:$F$134,CNTCC!$F$4),MATCH(I22,CNTCC!$A$4:$A$134,0),0)),CNTCC!$B$3:$F$3),IF(AND(DATEDIF(D22,DATE($X$4,$W$4,$V$4),"m")>=24,DATEDIF(D22,DATE($X$4,$W$4,$V$4),"m")<=60),LOOKUP(2,1/(G22>=INDEX(IF(E22="x",CNTCC!$B$141:$F$251,CNTCC!$G$141:$K$251),MATCH(I22,CNTCC!$A$141:$A$251,0),0)),CNTCC!$B$140:$F$140),0)) -> bt | L22: Bt | M22: Bt | N22: Bt | O22: Bt | P22: Sâu men | Q22: Bt | R22: II | S22: =PROPER(B22) -> Nguyễn Ngọc Quỳnh | T22: =DATEDIF(D22,DATE($X$4,$W$4,$V$4),"m") -> 36 | U22: =G22/(I22/100)^2 -> 14.322917
A23: 14 | B23: Phạm Ngọc Cát | C23: Tiên | D23: 45133 | F23: x | G23: 20.8 | H23: =IF(DATEDIF(D23,DATE($X$4,$W$4,$V$4),"m")<=60,LOOKUP(2,1/(G23>=INDEX(IF(E23="x",CNTT!$B$4:$E$64,CNTT!$F$4:$I$64),MATCH(DATEDIF(D23,DATE($X$4,$W$4,$V$4),"m"),CNTT!$A$4:$A$64,0),0)),CNTT!$B$3:$E$3),LOOKUP(2,1/(G23>=INDEX(IF(E23="x",CNTT!$B$70:$E$93,CNTT!$F$70:$I$93),MATCH(DATEDIF(D23,DATE($X$4,$W$4,$V$4),"m"),CNTT!$A$70:$A$93,0),0)),CNTT!$B$69:$E$69)) -> CNC | I23: 96 | J23: =IF(DATEDIF(D23,DATE($X$4,$W$4,$V$4),"m")<=60,LOOKUP(2,1/(I23>=INDEX(IF(E23="x",CCTT!$B$4:$E$64,CCTT!$F$4:$I$64),MATCH(DATEDIF(D23,DATE($X$4,$W$4,$V$4),"m"),CCTT!$A$4:$A$64,0),0)),CCTT!$B$3:$E$3),LOOKUP(2,1/(I23>=INDEX(IF(E23="x",CCTT!$B$70:$E$93,CCTT!$F$70:$I$93),MATCH(DATEDIF(D23,DATE($X$4,$W$4,$V$4),"m"),CCTT!$A$70:$A$93,0),0)),CCTT!B$69:E$69)) -> bt | K23: =IF(DATEDIF(D23,DATE($X$4,$W$4,$V$4),"m")<24,LOOKUP(2,1/(G23>=INDEX(IF(E23="x",CNTCC!$B$4:$F$134,CNTCC!$F$4),MATCH(I23,CNTCC!$A$4:$A$134,0),0)),CNTCC!$B$3:$F$3),IF(AND(DATEDIF(D23,DATE($X$4,$W$4,$V$4),"m")>=24,DATEDIF(D23,DATE($X$4,$W$4,$V$4),"m")<=60),LOOKUP(2,1/(G23>=INDEX(IF(E23="x",CNTCC!$B$141:$F$251,CNTCC!$G$141:$K$251),MATCH(I23,CNTCC!$A$141:$A$251,0),0)),CNTCC!$B$140:$F$140),0)) -> BP | L23: Bt | M23: Bt | N23: Bt | O23: Bt | P23: Bt | Q23: Bt | R23: III | S23: =PROPER(B23) -> Phạm Ngọc Cát | T23: =DATEDIF(D23,DATE($X$4,$W$4,$V$4),"m") -> 37 | U23: =G23/(I23/100)^2 -> 22.569444
A24: 15 | B24: Ng. Trần Minh | C24: Trung | D24: 45068 | E24: x | G24: 13.7 | H24: =IF(DATEDIF(D24,DATE($X$4,$W$4,$V$4),"m")<=60,LOOKUP(2,1/(G24>=INDEX(IF(E24="x",CNTT!$B$4:$E$64,CNTT!$F$4:$I$64),MATCH(DATEDIF(D24,DATE($X$4,$W$4,$V$4),"m"),CNTT!$A$4:$A$64,0),0)),CNTT!$B$3:$E$3),LOOKUP(2,1/(G24>=INDEX(IF(E24="x",CNTT!$B$70:$E$93,CNTT!$F$70:$I$93),MATCH(DATEDIF(D24,DATE($X$4,$W$4,$V$4),"m"),CNTT!$A$70:$A$93,0),0)),CNTT!$B$69:$E$69)) -> bt | I24: 99 | J24: =IF(DATEDIF(D24,DATE($X$4,$W$4,$V$4),"m")<=60,LOOKUP(2,1/(I24>=INDEX(IF(E24="x",CCTT!$B$4:$E$64,CCTT!$F$4:$I$64),MATCH(DATEDIF(D24,DATE($X$4,$W$4,$V$4),"m"),CCTT!$A$4:$A$64,0),0)),CCTT!$B$3:$E$3),LOOKUP(2,1/(I24>=INDEX(IF(E24="x",CCTT!$B$70:$E$93,CCTT!$F$70:$I$93),MATCH(DATEDIF(D24,DATE($X$4,$W$4,$V$4),"m"),CCTT!$A$70:$A$93,0),0)),CCTT!B$69:E$69)) -> bt | K24: =IF(DATEDIF(D24,DATE($X$4,$W$4,$V$4),"m")<24,LOOKUP(2,1/(G24>=INDEX(IF(E24="x",CNTCC!$B$4:$F$134,CNTCC!$F$4),MATCH(I24,CNTCC!$A$4:$A$134,0),0)),CNTCC!$B$3:$F$3),IF(AND(DATEDIF(D24,DATE($X$4,$W$4,$V$4),"m")>=24,DATEDIF(D24,DATE($X$4,$W$4,$V$4),"m")<=60),LOOKUP(2,1/(G24>=INDEX(IF(E24="x",CNTCC!$B$141:$F$251,CNTCC!$G$141:$K$251),MATCH(I24,CNTCC!$A$141:$A$251,0),0)),CNTCC!$B$140:$F$140),0)) -> bt | L24: Bt | M24: VMXT | N24: Bt | O24: Bt | P24: Bt | Q24: Bt | R24: II | S24: =PROPER(B24) -> Ng. Trần Minh | T24: =DATEDIF(D24,DATE($X$4,$W$4,$V$4),"m") -> 39 | U24: =G24/(I24/100)^2 -> 13.978165
A25: 16 | B25: Hoàng Khôi | C25: Vĩ | D25: 44974 | E25: x | G25: 20.2 | H25: bt | I25: 105 | J25: =IF(DATEDIF(D25,DATE($X$4,$W$4,$V$4),"m")<=60,LOOKUP(2,1/(I25>=INDEX(IF(E25="x",CCTT!$B$4:$E$64,CCTT!$F$4:$I$64),MATCH(DATEDIF(D25,DATE($X$4,$W$4,$V$4),"m"),CCTT!$A$4:$A$64,0),0)),CCTT!$B$3:$E$3),LOOKUP(2,1/(I25>=INDEX(IF(E25="x",CCTT!$B$70:$E$93,CCTT!$F$70:$I$93),MATCH(DATEDIF(D25,DATE($X$4,$W$4,$V$4),"m"),CCTT!$A$70:$A$93,0),0)),CCTT!B$69:E$69)) -> bt | K25: =IF(DATEDIF(D25,DATE($X$4,$W$4,$V$4),"m")<24,LOOKUP(2,1/(G25>=INDEX(IF(E25="x",CNTCC!$B$4:$F$134,CNTCC!$F$4),MATCH(I25,CNTCC!$A$4:$A$134,0),0)),CNTCC!$B$3:$F$3),IF(AND(DATEDIF(D25,DATE($X$4,$W$4,$V$4),"m")>=24,DATEDIF(D25,DATE($X$4,$W$4,$V$4),"m")<=60),LOOKUP(2,1/(G25>=INDEX(IF(E25="x",CNTCC!$B$141:$F$251,CNTCC!$G$141:$K$251),MATCH(I25,CNTCC!$A$141:$A$251,0),0)),CNTCC!$B$140:$F$140),0)) -> TC | L25: Bt | M25: Bt | N25: Bt | O25: Bt | P25: Bt | Q25: Bt | R25: II | S25: =PROPER(B25) -> Hoàng Khôi | T25: =DATEDIF(D25,DATE($X$4,$W$4,$V$4),"m") -> 42 | U25: =G25/(I25/100)^2 -> 18.321995
D27: GHI CHÚ CHỮ VIẾT TẮT:
A29: bt | C29: : Bình thường | I29: SDDTTC | L29: : Suy dinh dưỡng thể thấp còi
A30: SDDTNC | C30: : Suy dinh dưỡng thể nhẹ cân | I30: SDDTTCMĐN | L30: : Suy dinh dưỡng thể thấp còi mức độ nặng
A31: TC | C31: : Thừa cân | I31: SDDTGC | L31: : Suy dinh dưỡng thể gầy còm
A32: BP | C32: : Béo phì | I32: SDDTGCMĐN | L32: : Suy dinh dưỡng thể gầy còm mức độ nặng
A33: CNC | C33: : Cân nặng cao | I33: CHT | L33: : Cao hơn tuổi
A34: VP | C34: : Viêm phổi | I34: VMH | L34: : Viêm mũi họng
A35: Sr | C35: : Sâu răng | I35: VMXT | L35: : Viêm mũi xuất tiết
A36: VHHT | C36: : Viêm hô hấp trên | I36: TKX | L36: : Tật khúc xa

Sheet 3-4 C
A1: BẢNG TỔNG HỢP KHÁM SỨC KHỎE HỌC SINH
A2: (Khám sức khỏe học sinh năm học 2026-2027 ngày 15 tháng 9 năm 2026)
V3: NGÀY CÂN ĐO
A4: TÊN ĐƠN VỊ | C4: : TRƯỜNG MẦM NON TƯ THỤC MINH ANH | J4: LỚP | K4: MG 3-4 TUỔI C | W4: 9 | X4: 2026
A5: ĐỊA CHỈ | C5: : SỐ 15/6 TRẦN ĐƯỜNG - PHƯỜNG TÂY NHA TRANG - KHÁNH HÒA
A8: STT | B8: HỌ VÀ TÊN | D8: NGÀY SINH | E8: GIỚI TÍNH | G8: TÌNH TRẠNG DINH DƯỠNG | L8: KHÁM CHUYÊN KHOA | R8: PHÂN LOẠI SỨC KHỎE | T8: THÁNG
E9: Nam | F9: Nữ | G9: Cân nặng (kg) | H9: Kết quả | I9: Chiều cao (cm) | J9: Kết quả | K9: Cân nặng theo chiều cao | L9: NHI KHOA | M9: TAI MŨI HỌNG | N9: MẮT | O9: CƠ XƯƠNG KHỚP | P9: RĂNG HÀM MẶT | Q9: CHUYÊN KHOA KHÁC | Y9: bt | Z9: SDDTNC | AA9: CNC | AB9: bt | AC9: SDDTTC | AD9: CHT | AE9: bt | AF9: TC | AG9: BP | AH9: SDDTGC | AI9: I | AJ9: II | AK9: III
A10: 1 | B10: Đoàn Hải | C10: Anh | D10: 45269 | E10: x | G10: 12.1 | H10: =IF(DATEDIF(D10,DATE($X$4,$W$4,$V$4),"m")<=60,LOOKUP(2,1/(G10>=INDEX(IF(E10="x",CNTT!$B$4:$E$64,CNTT!$F$4:$I$64),MATCH(DATEDIF(D10,DATE($X$4,$W$4,$V$4),"m"),CNTT!$A$4:$A$64,0),0)),CNTT!$B$3:$E$3),LOOKUP(2,1/(G10>=INDEX(IF(E10="x",CNTT!$B$70:$E$93,CNTT!$F$70:$I$93),MATCH(DATEDIF(D10,DATE($X$4,$W$4,$V$4),"m"),CNTT!$A$70:$A$93,0),0)),CNTT!$B$69:$E$69)) -> bt | I10: 94 | J10: =IF(DATEDIF(D10,DATE($X$4,$W$4,$V$4),"m")<=60,LOOKUP(2,1/(I10>=INDEX(IF(E10="x",CCTT!$B$4:$E$64,CCTT!$F$4:$I$64),MATCH(DATEDIF(D10,DATE($X$4,$W$4,$V$4),"m"),CCTT!$A$4:$A$64,0),0)),CCTT!$B$3:$E$3),LOOKUP(2,1/(I10>=INDEX(IF(E10="x",CCTT!$B$70:$E$93,CCTT!$F$70:$I$93),MATCH(DATEDIF(D10,DATE($X$4,$W$4,$V$4),"m"),CCTT!$A$70:$A$93,0),0)),CCTT!B$69:E$69)) -> bt | K10: =IF(DATEDIF(D10,DATE($X$4,$W$4,$V$4),"m")<24,LOOKUP(2,1/(G10>=INDEX(IF(E10="x",CNTCC!$B$4:$F$134,CNTCC!$F$4),MATCH(I10,CNTCC!$A$4:$A$134,0),0)),CNTCC!$B$3:$F$3),IF(AND(DATEDIF(D10,DATE($X$4,$W$4,$V$4),"m")>=24,DATEDIF(D10,DATE($X$4,$W$4,$V$4),"m")<=60),LOOKUP(2,1/(G10>=INDEX(IF(E10="x",CNTCC!$B$141:$F$251,CNTCC!$G$141:$K$251),MATCH(I10,CNTCC!$A$141:$A$251,0),0)),CNTCC!$B$140:$F$140),0)) -> bt | L10: Bt | M10: Bt | N10: Bt | O10: Bt | P10: Bt | Q10: Bt | R10: I | S10: =PROPER(B10) -> Đoàn Hải | T10: =DATEDIF(D10,DATE($X$4,$W$4,$V$4),"m") -> 32 | U10: =G10/(I10/100)^2 -> 13.693979 | Y10: =COUNTIF(H10:H22,Y9) -> 13 | Z10: =COUNTIF(H10:H22,Z9) -> 0 | AA10: =COUNTIF(H10:H22,AA9) -> 0 | AB10: =COUNTIF(J10:J22,AB9) -> 13 | AC10: =COUNTIF(J10:J22,AC9) -> 0 | AD10: =COUNTIF(J10:J22,AD9) -> 0 | AE10: =COUNTIF(K10:K22,AE9) -> 13 | AF10: =COUNTIF(K10:K22,AF9) -> 0 | AG10: =COUNTIF(K10:K22,AG9) -> 0 | AH10: =COUNTIF(K10:K22,AH9) -> 0 | AI10: =COUNTIF(R10:R22,AI9) -> 11 | AJ10: =COUNTIF(R10:R22,AJ9) -> 2 | AK10: =COUNTIF(R10:R22,AK9) -> 0
A11: 2 | B11: Trần Ngọc Hoàng | C11: Anh | D11: 45132 | F11: x | G11: 15.9 | H11: =IF(DATEDIF(D11,DATE($X$4,$W$4,$V$4),"m")<=60,LOOKUP(2,1/(G11>=INDEX(IF(E11="x",CNTT!$B$4:$E$64,CNTT!$F$4:$I$64),MATCH(DATEDIF(D11,DATE($X$4,$W$4,$V$4),"m"),CNTT!$A$4:$A$64,0),0)),CNTT!$B$3:$E$3),LOOKUP(2,1/(G11>=INDEX(IF(E11="x",CNTT!$B$70:$E$93,CNTT!$F$70:$I$93),MATCH(DATEDIF(D11,DATE($X$4,$W$4,$V$4),"m"),CNTT!$A$70:$A$93,0),0)),CNTT!$B$69:$E$69)) -> bt | I11: 97 | J11: =IF(DATEDIF(D11,DATE($X$4,$W$4,$V$4),"m")<=60,LOOKUP(2,1/(I11>=INDEX(IF(E11="x",CCTT!$B$4:$E$64,CCTT!$F$4:$I$64),MATCH(DATEDIF(D11,DATE($X$4,$W$4,$V$4),"m"),CCTT!$A$4:$A$64,0),0)),CCTT!$B$3:$E$3),LOOKUP(2,1/(I11>=INDEX(IF(E11="x",CCTT!$B$70:$E$93,CCTT!$F$70:$I$93),MATCH(DATEDIF(D11,DATE($X$4,$W$4,$V$4),"m"),CCTT!$A$70:$A$93,0),0)),CCTT!B$69:E$69)) -> bt | K11: =IF(DATEDIF(D11,DATE($X$4,$W$4,$V$4),"m")<24,LOOKUP(2,1/(G11>=INDEX(IF(E11="x",CNTCC!$B$4:$F$134,CNTCC!$F$4),MATCH(I11,CNTCC!$A$4:$A$134,0),0)),CNTCC!$B$3:$F$3),IF(AND(DATEDIF(D11,DATE($X$4,$W$4,$V$4),"m")>=24,DATEDIF(D11,DATE($X$4,$W$4,$V$4),"m")<=60),LOOKUP(2,1/(G11>=INDEX(IF(E11="x",CNTCC!$B$141:$F$251,CNTCC!$G$141:$K$251),MATCH(I11,CNTCC!$A$141:$A$251,0),0)),CNTCC!$B$140:$F$140),0)) -> bt | L11: Bt | M11: Bt | N11: Bt | O11: Bt | P11: Bt | Q11: Bt | R11: I | S11: =PROPER(B11) -> Trần Ngọc Hoàng | T11: =DATEDIF(D11,DATE($X$4,$W$4,$V$4),"m") -> 37 | U11: =G11/(I11/100)^2 -> 16.898714 | Y11: =SUM(Y10:AA10) -> 13
A12: 3 | B12: Phạm Quốc | C12: Cường | D12: 45155 | E12: x | G12: 14.7 | H12: =IF(DATEDIF(D12,DATE($X$4,$W$4,$V$4),"m")<=60,LOOKUP(2,1/(G12>=INDEX(IF(E12="x",CNTT!$B$4:$E$64,CNTT!$F$4:$I$64),MATCH(DATEDIF(D12,DATE($X$4,$W$4,$V$4),"m"),CNTT!$A$4:$A$64,0),0)),CNTT!$B$3:$E$3),LOOKUP(2,1/(G12>=INDEX(IF(E12="x",CNTT!$B$70:$E$93,CNTT!$F$70:$I$93),MATCH(DATEDIF(D12,DATE($X$4,$W$4,$V$4),"m"),CNTT!$A$70:$A$93,0),0)),CNTT!$B$69:$E$69)) -> bt | I12: 93 | J12: =IF(DATEDIF(D12,DATE($X$4,$W$4,$V$4),"m")<=60,LOOKUP(2,1/(I12>=INDEX(IF(E12="x",CCTT!$B$4:$E$64,CCTT!$F$4:$I$64),MATCH(DATEDIF(D12,DATE($X$4,$W$4,$V$4),"m"),CCTT!$A$4:$A$64,0),0)),CCTT!$B$3:$E$3),LOOKUP(2,1/(I12>=INDEX(IF(E12="x",CCTT!$B$70:$E$93,CCTT!$F$70:$I$93),MATCH(DATEDIF(D12,DATE($X$4,$W$4,$V$4),"m"),CCTT!$A$70:$A$93,0),0)),CCTT!B$69:E$69)) -> bt | K12: =IF(DATEDIF(D12,DATE($X$4,$W$4,$V$4),"m")<24,LOOKUP(2,1/(G12>=INDEX(IF(E12="x",CNTCC!$B$4:$F$134,CNTCC!$F$4),MATCH(I12,CNTCC!$A$4:$A$134,0),0)),CNTCC!$B$3:$F$3),IF(AND(DATEDIF(D12,DATE($X$4,$W$4,$V$4),"m")>=24,DATEDIF(D12,DATE($X$4,$W$4,$V$4),"m")<=60),LOOKUP(2,1/(G12>=INDEX(IF(E12="x",CNTCC!$B$141:$F$251,CNTCC!$G$141:$K$251),MATCH(I12,CNTCC!$A$141:$A$251,0),0)),CNTCC!$B$140:$F$140),0)) -> bt | L12: Bt | M12: Bt | N12: Bt | O12: Bt | P12: Bt | Q12: Bt | R12: I | S12: =PROPER(B12) -> Phạm Quốc | T12: =DATEDIF(D12,DATE($X$4,$W$4,$V$4),"m") -> 36 | U12: =G12/(I12/100)^2 -> 16.996185 | Y12: =SUM(AB10:AD10) -> 13
A13: 4 | B13: Nguyễn Mai | C13: Chi | D13: 45295 | F13: x | G13: 14.7 | H13: =IF(DATEDIF(D13,DATE($X$4,$W$4,$V$4),"m")<=60,LOOKUP(2,1/(G13>=INDEX(IF(E13="x",CNTT!$B$4:$E$64,CNTT!$F$4:$I$64),MATCH(DATEDIF(D13,DATE($X$4,$W$4,$V$4),"m"),CNTT!$A$4:$A$64,0),0)),CNTT!$B$3:$E$3),LOOKUP(2,1/(G13>=INDEX(IF(E13="x",CNTT!$B$70:$E$93,CNTT!$F$70:$I$93),MATCH(DATEDIF(D13,DATE($X$4,$W$4,$V$4),"m"),CNTT!$A$70:$A$93,0),0)),CNTT!$B$69:$E$69)) -> bt | I13: 93 | J13: =IF(DATEDIF(D13,DATE($X$4,$W$4,$V$4),"m")<=60,LOOKUP(2,1/(I13>=INDEX(IF(E13="x",CCTT!$B$4:$E$64,CCTT!$F$4:$I$64),MATCH(DATEDIF(D13,DATE($X$4,$W$4,$V$4),"m"),CCTT!$A$4:$A$64,0),0)),CCTT!$B$3:$E$3),LOOKUP(2,1/(I13>=INDEX(IF(E13="x",CCTT!$B$70:$E$93,CCTT!$F$70:$I$93),MATCH(DATEDIF(D13,DATE($X$4,$W$4,$V$4),"m"),CCTT!$A$70:$A$93,0),0)),CCTT!B$69:E$69)) -> bt | K13: =IF(DATEDIF(D13,DATE($X$4,$W$4,$V$4),"m")<24,LOOKUP(2,1/(G13>=INDEX(IF(E13="x",CNTCC!$B$4:$F$134,CNTCC!$F$4),MATCH(I13,CNTCC!$A$4:$A$134,0),0)),CNTCC!$B$3:$F$3),IF(AND(DATEDIF(D13,DATE($X$4,$W$4,$V$4),"m")>=24,DATEDIF(D13,DATE($X$4,$W$4,$V$4),"m")<=60),LOOKUP(2,1/(G13>=INDEX(IF(E13="x",CNTCC!$B$141:$F$251,CNTCC!$G$141:$K$251),MATCH(I13,CNTCC!$A$141:$A$251,0),0)),CNTCC!$B$140:$F$140),0)) -> bt | L13: Bt | M13: Bt | N13: Bt | O13: Bt | P13: Bt | Q13: Bt | R13: I | S13: =PROPER(B13) -> Nguyễn Mai | T13: =DATEDIF(D13,DATE($X$4,$W$4,$V$4),"m") -> 31 | U13: =G13/(I13/100)^2 -> 16.996185 | Y13: =SUM(AE10:AH10) -> 13
A14: 5 | B14: Ng. Ngọc Minh | C14: Hằng | D14: 45224 | E14: x | G14: 14.2 | H14: =IF(DATEDIF(D14,DATE($X$4,$W$4,$V$4),"m")<=60,LOOKUP(2,1/(G14>=INDEX(IF(E14="x",CNTT!$B$4:$E$64,CNTT!$F$4:$I$64),MATCH(DATEDIF(D14,DATE($X$4,$W$4,$V$4),"m"),CNTT!$A$4:$A$64,0),0)),CNTT!$B$3:$E$3),LOOKUP(2,1/(G14>=INDEX(IF(E14="x",CNTT!$B$70:$E$93,CNTT!$F$70:$I$93),MATCH(DATEDIF(D14,DATE($X$4,$W$4,$V$4),"m"),CNTT!$A$70:$A$93,0),0)),CNTT!$B$69:$E$69)) -> bt | I14: 96 | J14: =IF(DATEDIF(D14,DATE($X$4,$W$4,$V$4),"m")<=60,LOOKUP(2,1/(I14>=INDEX(IF(E14="x",CCTT!$B$4:$E$64,CCTT!$F$4:$I$64),MATCH(DATEDIF(D14,DATE($X$4,$W$4,$V$4),"m"),CCTT!$A$4:$A$64,0),0)),CCTT!$B$3:$E$3),LOOKUP(2,1/(I14>=INDEX(IF(E14="x",CCTT!$B$70:$E$93,CCTT!$F$70:$I$93),MATCH(DATEDIF(D14,DATE($X$4,$W$4,$V$4),"m"),CCTT!$A$70:$A$93,0),0)),CCTT!B$69:E$69)) -> bt | K14: =IF(DATEDIF(D14,DATE($X$4,$W$4,$V$4),"m")<24,LOOKUP(2,1/(G14>=INDEX(IF(E14="x",CNTCC!$B$4:$F$134,CNTCC!$F$4),MATCH(I14,CNTCC!$A$4:$A$134,0),0)),CNTCC!$B$3:$F$3),IF(AND(DATEDIF(D14,DATE($X$4,$W$4,$V$4),"m")>=24,DATEDIF(D14,DATE($X$4,$W$4,$V$4),"m")<=60),LOOKUP(2,1/(G14>=INDEX(IF(E14="x",CNTCC!$B$141:$F$251,CNTCC!$G$141:$K$251),MATCH(I14,CNTCC!$A$141:$A$251,0),0)),CNTCC!$B$140:$F$140),0)) -> bt | L14: Bt | M14: Bt | N14: Bt | O14: Bt | P14: Bt | Q14: Bt | R14: I | S14: =PROPER(B14) -> Ng. Ngọc Minh | T14: =DATEDIF(D14,DATE($X$4,$W$4,$V$4),"m") -> 34 | U14: =G14/(I14/100)^2 -> 15.407986 | Y14: =SUM(AI10:AK10) -> 13
A15: 6 | B15: Huỳnh Minh | C15: Hưng | D15: 45286 | E15: x | G15: 15.6 | H15: =IF(DATEDIF(D15,DATE($X$4,$W$4,$V$4),"m")<=60,LOOKUP(2,1/(G15>=INDEX(IF(E15="x",CNTT!$B$4:$E$64,CNTT!$F$4:$I$64),MATCH(DATEDIF(D15,DATE($X$4,$W$4,$V$4),"m"),CNTT!$A$4:$A$64,0),0)),CNTT!$B$3:$E$3),LOOKUP(2,1/(G15>=INDEX(IF(E15="x",CNTT!$B$70:$E$93,CNTT!$F$70:$I$93),MATCH(DATEDIF(D15,DATE($X$4,$W$4,$V$4),"m"),CNTT!$A$70:$A$93,0),0)),CNTT!$B$69:$E$69)) -> bt | I15: 99 | J15: =IF(DATEDIF(D15,DATE($X$4,$W$4,$V$4),"m")<=60,LOOKUP(2,1/(I15>=INDEX(IF(E15="x",CCTT!$B$4:$E$64,CCTT!$F$4:$I$64),MATCH(DATEDIF(D15,DATE($X$4,$W$4,$V$4),"m"),CCTT!$A$4:$A$64,0),0)),CCTT!$B$3:$E$3),LOOKUP(2,1/(I15>=INDEX(IF(E15="x",CCTT!$B$70:$E$93,CCTT!$F$70:$I$93),MATCH(DATEDIF(D15,DATE($X$4,$W$4,$V$4),"m"),CCTT!$A$70:$A$93,0),0)),CCTT!B$69:E$69)) -> bt | K15: =IF(DATEDIF(D15,DATE($X$4,$W$4,$V$4),"m")<24,LOOKUP(2,1/(G15>=INDEX(IF(E15="x",CNTCC!$B$4:$F$134,CNTCC!$F$4),MATCH(I15,CNTCC!$A$4:$A$134,0),0)),CNTCC!$B$3:$F$3),IF(AND(DATEDIF(D15,DATE($X$4,$W$4,$V$4),"m")>=24,DATEDIF(D15,DATE($X$4,$W$4,$V$4),"m")<=60),LOOKUP(2,1/(G15>=INDEX(IF(E15="x",CNTCC!$B$141:$F$251,CNTCC!$G$141:$K$251),MATCH(I15,CNTCC!$A$141:$A$251,0),0)),CNTCC!$B$140:$F$140),0)) -> bt | L15: Bt | M15: VMH | N15: Bt | O15: Bt | P15: Bt | Q15: Bt | R15: II | S15: =PROPER(B15) -> Huỳnh Minh | T15: =DATEDIF(D15,DATE($X$4,$W$4,$V$4),"m") -> 32 | U15: =G15/(I15/100)^2 -> 15.916743
A16: 7 | B16: Lê Anh | C16: Khôi | D16: 45285 | E16: x | G16: 11.5 | H16: =IF(DATEDIF(D16,DATE($X$4,$W$4,$V$4),"m")<=60,LOOKUP(2,1/(G16>=INDEX(IF(E16="x",CNTT!$B$4:$E$64,CNTT!$F$4:$I$64),MATCH(DATEDIF(D16,DATE($X$4,$W$4,$V$4),"m"),CNTT!$A$4:$A$64,0),0)),CNTT!$B$3:$E$3),LOOKUP(2,1/(G16>=INDEX(IF(E16="x",CNTT!$B$70:$E$93,CNTT!$F$70:$I$93),MATCH(DATEDIF(D16,DATE($X$4,$W$4,$V$4),"m"),CNTT!$A$70:$A$93,0),0)),CNTT!$B$69:$E$69)) -> bt | I16: 93 | J16: =IF(DATEDIF(D16,DATE($X$4,$W$4,$V$4),"m")<=60,LOOKUP(2,1/(I16>=INDEX(IF(E16="x",CCTT!$B$4:$E$64,CCTT!$F$4:$I$64),MATCH(DATEDIF(D16,DATE($X$4,$W$4,$V$4),"m"),CCTT!$A$4:$A$64,0),0)),CCTT!$B$3:$E$3),LOOKUP(2,1/(I16>=INDEX(IF(E16="x",CCTT!$B$70:$E$93,CCTT!$F$70:$I$93),MATCH(DATEDIF(D16,DATE($X$4,$W$4,$V$4),"m"),CCTT!$A$70:$A$93,0),0)),CCTT!B$69:E$69)) -> bt | K16: bt | L16: Bt | M16: Bt | N16: Bt | O16: Bt | P16: Bt | Q16: Bt | R16: I | S16: =PROPER(B16) -> Lê Anh | T16: =DATEDIF(D16,DATE($X$4,$W$4,$V$4),"m") -> 32 | U16: =G16/(I16/100)^2 -> 13.296335
A17: 8 | B17: Nguyễn Hải | C17: My | D17: 45193 | F17: x | G17: 14.4 | H17: =IF(DATEDIF(D17,DATE($X$4,$W$4,$V$4),"m")<=60,LOOKUP(2,1/(G17>=INDEX(IF(E17="x",CNTT!$B$4:$E$64,CNTT!$F$4:$I$64),MATCH(DATEDIF(D17,DATE($X$4,$W$4,$V$4),"m"),CNTT!$A$4:$A$64,0),0)),CNTT!$B$3:$E$3),LOOKUP(2,1/(G17>=INDEX(IF(E17="x",CNTT!$B$70:$E$93,CNTT!$F$70:$I$93),MATCH(DATEDIF(D17,DATE($X$4,$W$4,$V$4),"m"),CNTT!$A$70:$A$93,0),0)),CNTT!$B$69:$E$69)) -> bt | I17: 96 | J17: =IF(DATEDIF(D17,DATE($X$4,$W$4,$V$4),"m")<=60,LOOKUP(2,1/(I17>=INDEX(IF(E17="x",CCTT!$B$4:$E$64,CCTT!$F$4:$I$64),MATCH(DATEDIF(D17,DATE($X$4,$W$4,$V$4),"m"),CCTT!$A$4:$A$64,0),0)),CCTT!$B$3:$E$3),LOOKUP(2,1/(I17>=INDEX(IF(E17="x",CCTT!$B$70:$E$93,CCTT!$F$70:$I$93),MATCH(DATEDIF(D17,DATE($X$4,$W$4,$V$4),"m"),CCTT!$A$70:$A$93,0),0)),CCTT!B$69:E$69)) -> bt | K17: =IF(DATEDIF(D17,DATE($X$4,$W$4,$V$4),"m")<24,LOOKUP(2,1/(G17>=INDEX(IF(E17="x",CNTCC!$B$4:$F$134,CNTCC!$F$4),MATCH(I17,CNTCC!$A$4:$A$134,0),0)),CNTCC!$B$3:$F$3),IF(AND(DATEDIF(D17,DATE($X$4,$W$4,$V$4),"m")>=24,DATEDIF(D17,DATE($X$4,$W$4,$V$4),"m")<=60),LOOKUP(2,1/(G17>=INDEX(IF(E17="x",CNTCC!$B$141:$F$251,CNTCC!$G$141:$K$251),MATCH(I17,CNTCC!$A$141:$A$251,0),0)),CNTCC!$B$140:$F$140),0)) -> bt | L17: Bt | M17: Bt | N17: Bt | O17: Bt | P17: Bt | Q17: Bt | R17: I | S17: =PROPER(B17) -> Nguyễn Hải | T17: =DATEDIF(D17,DATE($X$4,$W$4,$V$4),"m") -> 35 | U17: =G17/(I17/100)^2 -> 15.625
A18: 9 | B18: Trần Phan Anh | C18: Nhã | D18: 45262 | F18: x | G18: 12.7 | H18: =IF(DATEDIF(D18,DATE($X$4,$W$4,$V$4),"m")<=60,LOOKUP(2,1/(G18>=INDEX(IF(E18="x",CNTT!$B$4:$E$64,CNTT!$F$4:$I$64),MATCH(DATEDIF(D18,DATE($X$4,$W$4,$V$4),"m"),CNTT!$A$4:$A$64,0),0)),CNTT!$B$3:$E$3),LOOKUP(2,1/(G18>=INDEX(IF(E18="x",CNTT!$B$70:$E$93,CNTT!$F$70:$I$93),MATCH(DATEDIF(D18,DATE($X$4,$W$4,$V$4),"m"),CNTT!$A$70:$A$93,0),0)),CNTT!$B$69:$E$69)) -> bt | I18: 93 | J18: =IF(DATEDIF(D18,DATE($X$4,$W$4,$V$4),"m")<=60,LOOKUP(2,1/(I18>=INDEX(IF(E18="x",CCTT!$B$4:$E$64,CCTT!$F$4:$I$64),MATCH(DATEDIF(D18,DATE($X$4,$W$4,$V$4),"m"),CCTT!$A$4:$A$64,0),0)),CCTT!$B$3:$E$3),LOOKUP(2,1/(I18>=INDEX(IF(E18="x",CCTT!$B$70:$E$93,CCTT!$F$70:$I$93),MATCH(DATEDIF(D18,DATE($X$4,$W$4,$V$4),"m"),CCTT!$A$70:$A$93,0),0)),CCTT!B$69:E$69)) -> bt | K18: =IF(DATEDIF(D18,DATE($X$4,$W$4,$V$4),"m")<24,LOOKUP(2,1/(G18>=INDEX(IF(E18="x",CNTCC!$B$4:$F$134,CNTCC!$F$4),MATCH(I18,CNTCC!$A$4:$A$134,0),0)),CNTCC!$B$3:$F$3),IF(AND(DATEDIF(D18,DATE($X$4,$W$4,$V$4),"m")>=24,DATEDIF(D18,DATE($X$4,$W$4,$V$4),"m")<=60),LOOKUP(2,1/(G18>=INDEX(IF(E18="x",CNTCC!$B$141:$F$251,CNTCC!$G$141:$K$251),MATCH(I18,CNTCC!$A$141:$A$251,0),0)),CNTCC!$B$140:$F$140),0)) -> bt | L18: Bt | M18: Bt | N18: Bt | O18: Bt | P18: Bt | Q18: Bt | R18: I | S18: =PROPER(B18) -> Trần Phan Anh | T18: =DATEDIF(D18,DATE($X$4,$W$4,$V$4),"m") -> 32 | U18: =G18/(I18/100)^2 -> 14.683778
A19: 10 | B19: Trần Ngọc Uyên | C19: Nhi | D19: 45236 | F19: x | G19: 10.8 | H19: =IF(DATEDIF(D19,DATE($X$4,$W$4,$V$4),"m")<=60,LOOKUP(2,1/(G19>=INDEX(IF(E19="x",CNTT!$B$4:$E$64,CNTT!$F$4:$I$64),MATCH(DATEDIF(D19,DATE($X$4,$W$4,$V$4),"m"),CNTT!$A$4:$A$64,0),0)),CNTT!$B$3:$E$3),LOOKUP(2,1/(G19>=INDEX(IF(E19="x",CNTT!$B$70:$E$93,CNTT!$F$70:$I$93),MATCH(DATEDIF(D19,DATE($X$4,$W$4,$V$4),"m"),CNTT!$A$70:$A$93,0),0)),CNTT!$B$69:$E$69)) -> bt | I19: 87 | J19: =IF(DATEDIF(D19,DATE($X$4,$W$4,$V$4),"m")<=60,LOOKUP(2,1/(I19>=INDEX(IF(E19="x",CCTT!$B$4:$E$64,CCTT!$F$4:$I$64),MATCH(DATEDIF(D19,DATE($X$4,$W$4,$V$4),"m"),CCTT!$A$4:$A$64,0),0)),CCTT!$B$3:$E$3),LOOKUP(2,1/(I19>=INDEX(IF(E19="x",CCTT!$B$70:$E$93,CCTT!$F$70:$I$93),MATCH(DATEDIF(D19,DATE($X$4,$W$4,$V$4),"m"),CCTT!$A$70:$A$93,0),0)),CCTT!B$69:E$69)) -> bt | K19: =IF(DATEDIF(D19,DATE($X$4,$W$4,$V$4),"m")<24,LOOKUP(2,1/(G19>=INDEX(IF(E19="x",CNTCC!$B$4:$F$134,CNTCC!$F$4),MATCH(I19,CNTCC!$A$4:$A$134,0),0)),CNTCC!$B$3:$F$3),IF(AND(DATEDIF(D19,DATE($X$4,$W$4,$V$4),"m")>=24,DATEDIF(D19,DATE($X$4,$W$4,$V$4),"m")<=60),LOOKUP(2,1/(G19>=INDEX(IF(E19="x",CNTCC!$B$141:$F$251,CNTCC!$G$141:$K$251),MATCH(I19,CNTCC!$A$141:$A$251,0),0)),CNTCC!$B$140:$F$140),0)) -> bt | L19: Bt | M19: Bt | N19: Bt | O19: Bt | P19: Bt | Q19: Bt | R19: I | S19: =PROPER(B19) -> Trần Ngọc Uyên | T19: =DATEDIF(D19,DATE($X$4,$W$4,$V$4),"m") -> 33 | U19: =G19/(I19/100)^2 -> 14.268728
A20: 11 | B20: Trần Minh | C20: Quân | D20: 45289 | E20: x | G20: 15.2 | H20: =IF(DATEDIF(D20,DATE($X$4,$W$4,$V$4),"m")<=60,LOOKUP(2,1/(G20>=INDEX(IF(E20="x",CNTT!$B$4:$E$64,CNTT!$F$4:$I$64),MATCH(DATEDIF(D20,DATE($X$4,$W$4,$V$4),"m"),CNTT!$A$4:$A$64,0),0)),CNTT!$B$3:$E$3),LOOKUP(2,1/(G20>=INDEX(IF(E20="x",CNTT!$B$70:$E$93,CNTT!$F$70:$I$93),MATCH(DATEDIF(D20,DATE($X$4,$W$4,$V$4),"m"),CNTT!$A$70:$A$93,0),0)),CNTT!$B$69:$E$69)) -> bt | I20: 93 | J20: =IF(DATEDIF(D20,DATE($X$4,$W$4,$V$4),"m")<=60,LOOKUP(2,1/(I20>=INDEX(IF(E20="x",CCTT!$B$4:$E$64,CCTT!$F$4:$I$64),MATCH(DATEDIF(D20,DATE($X$4,$W$4,$V$4),"m"),CCTT!$A$4:$A$64,0),0)),CCTT!$B$3:$E$3),LOOKUP(2,1/(I20>=INDEX(IF(E20="x",CCTT!$B$70:$E$93,CCTT!$F$70:$I$93),MATCH(DATEDIF(D20,DATE($X$4,$W$4,$V$4),"m"),CCTT!$A$70:$A$93,0),0)),CCTT!B$69:E$69)) -> bt | K20: =IF(DATEDIF(D20,DATE($X$4,$W$4,$V$4),"m")<24,LOOKUP(2,1/(G20>=INDEX(IF(E20="x",CNTCC!$B$4:$F$134,CNTCC!$F$4),MATCH(I20,CNTCC!$A$4:$A$134,0),0)),CNTCC!$B$3:$F$3),IF(AND(DATEDIF(D20,DATE($X$4,$W$4,$V$4),"m")>=24,DATEDIF(D20,DATE($X$4,$W$4,$V$4),"m")<=60),LOOKUP(2,1/(G20>=INDEX(IF(E20="x",CNTCC!$B$141:$F$251,CNTCC!$G$141:$K$251),MATCH(I20,CNTCC!$A$141:$A$251,0),0)),CNTCC!$B$140:$F$140),0)) -> bt | L20: Bt | M20: VMXT | N20: Bt | O20: Bt | P20: Bt | Q20: Bt | R20: II | S20: =PROPER(B20) -> Trần Minh | T20: =DATEDIF(D20,DATE($X$4,$W$4,$V$4),"m") -> 32 | U20: =G20/(I20/100)^2 -> 17.574286
A21: 12 | B21: Nguyễn Lê Đình | C21: Thành | D21: 45197 | E21: x | G21: 12.8 | H21: =IF(DATEDIF(D21,DATE($X$4,$W$4,$V$4),"m")<=60,LOOKUP(2,1/(G21>=INDEX(IF(E21="x",CNTT!$B$4:$E$64,CNTT!$F$4:$I$64),MATCH(DATEDIF(D21,DATE($X$4,$W$4,$V$4),"m"),CNTT!$A$4:$A$64,0),0)),CNTT!$B$3:$E$3),LOOKUP(2,1/(G21>=INDEX(IF(E21="x",CNTT!$B$70:$E$93,CNTT!$F$70:$I$93),MATCH(DATEDIF(D21,DATE($X$4,$W$4,$V$4),"m"),CNTT!$A$70:$A$93,0),0)),CNTT!$B$69:$E$69)) -> bt | I21: 92 | J21: =IF(DATEDIF(D21,DATE($X$4,$W$4,$V$4),"m")<=60,LOOKUP(2,1/(I21>=INDEX(IF(E21="x",CCTT!$B$4:$E$64,CCTT!$F$4:$I$64),MATCH(DATEDIF(D21,DATE($X$4,$W$4,$V$4),"m"),CCTT!$A$4:$A$64,0),0)),CCTT!$B$3:$E$3),LOOKUP(2,1/(I21>=INDEX(IF(E21="x",CCTT!$B$70:$E$93,CCTT!$F$70:$I$93),MATCH(DATEDIF(D21,DATE($X$4,$W$4,$V$4),"m"),CCTT!$A$70:$A$93,0),0)),CCTT!B$69:E$69)) -> bt | K21: =IF(DATEDIF(D21,DATE($X$4,$W$4,$V$4),"m")<24,LOOKUP(2,1/(G21>=INDEX(IF(E21="x",CNTCC!$B$4:$F$134,CNTCC!$F$4),MATCH(I21,CNTCC!$A$4:$A$134,0),0)),CNTCC!$B$3:$F$3),IF(AND(DATEDIF(D21,DATE($X$4,$W$4,$V$4),"m")>=24,DATEDIF(D21,DATE($X$4,$W$4,$V$4),"m")<=60),LOOKUP(2,1/(G21>=INDEX(IF(E21="x",CNTCC!$B$141:$F$251,CNTCC!$G$141:$K$251),MATCH(I21,CNTCC!$A$141:$A$251,0),0)),CNTCC!$B$140:$F$140),0)) -> bt | L21: Bt | M21: Bt | N21: Bt | O21: Bt | P21: Bt | Q21: Bt | R21: I | S21: =PROPER(B21) -> Nguyễn Lê Đình | T21: =DATEDIF(D21,DATE($X$4,$W$4,$V$4),"m") -> 35 | U21: =G21/(I21/100)^2 -> 15.122873
A22: 13 | B22: Bùi Bảo | C22: Uyên | D22: 45239 | F22: x | G22: 14.7 | H22: =IF(DATEDIF(D22,DATE($X$4,$W$4,$V$4),"m")<=60,LOOKUP(2,1/(G22>=INDEX(IF(E22="x",CNTT!$B$4:$E$64,CNTT!$F$4:$I$64),MATCH(DATEDIF(D22,DATE($X$4,$W$4,$V$4),"m"),CNTT!$A$4:$A$64,0),0)),CNTT!$B$3:$E$3),LOOKUP(2,1/(G22>=INDEX(IF(E22="x",CNTT!$B$70:$E$93,CNTT!$F$70:$I$93),MATCH(DATEDIF(D22,DATE($X$4,$W$4,$V$4),"m"),CNTT!$A$70:$A$93,0),0)),CNTT!$B$69:$E$69)) -> bt | I22: 93 | J22: =IF(DATEDIF(D22,DATE($X$4,$W$4,$V$4),"m")<=60,LOOKUP(2,1/(I22>=INDEX(IF(E22="x",CCTT!$B$4:$E$64,CCTT!$F$4:$I$64),MATCH(DATEDIF(D22,DATE($X$4,$W$4,$V$4),"m"),CCTT!$A$4:$A$64,0),0)),CCTT!$B$3:$E$3),LOOKUP(2,1/(I22>=INDEX(IF(E22="x",CCTT!$B$70:$E$93,CCTT!$F$70:$I$93),MATCH(DATEDIF(D22,DATE($X$4,$W$4,$V$4),"m"),CCTT!$A$70:$A$93,0),0)),CCTT!B$69:E$69)) -> bt | K22: =IF(DATEDIF(D22,DATE($X$4,$W$4,$V$4),"m")<24,LOOKUP(2,1/(G22>=INDEX(IF(E22="x",CNTCC!$B$4:$F$134,CNTCC!$F$4),MATCH(I22,CNTCC!$A$4:$A$134,0),0)),CNTCC!$B$3:$F$3),IF(AND(DATEDIF(D22,DATE($X$4,$W$4,$V$4),"m")>=24,DATEDIF(D22,DATE($X$4,$W$4,$V$4),"m")<=60),LOOKUP(2,1/(G22>=INDEX(IF(E22="x",CNTCC!$B$141:$F$251,CNTCC!$G$141:$K$251),MATCH(I22,CNTCC!$A$141:$A$251,0),0)),CNTCC!$B$140:$F$140),0)) -> bt | L22: Bt | M22: Bt | N22: Bt | O22: Bt | P22: Bt | Q22: Bt | R22: I | S22: =PROPER(B22) -> Bùi Bảo | T22: =DATEDIF(D22,DATE($X$4,$W$4,$V$4),"m") -> 33 | U22: =G22/(I22/100)^2 -> 16.996185
D24: GHI CHÚ CHỮ VIẾT TẮT:
A26: bt | C26: : Bình thường | I26: SDDTTC | L26: : Suy dinh dưỡng thể thấp còi
A27: SDDTNC | C27: : Suy dinh dưỡng thể nhẹ cân | I27: SDDTTCMĐN | L27: : Suy dinh dưỡng thể thấp còi mức độ nặng
A28: TC | C28: : Thừa cân | I28: SDDTGC | L28: : Suy dinh dưỡng thể gầy còm
A29: BP | C29: : Béo phì | I29: SDDTGCMĐN | L29: : Suy dinh dưỡng thể gầy còm mức độ nặng
A30: CNC | C30: : Cân nặng cao | I30: CHT | L30: : Cao hơn tuổi
A31: VP | C31: : Viêm phổi | I31: VMH | L31: : Viêm mũi họng
A32: Sr | C32: : Sâu răng | I32: VMXT | L32: : Viêm mũi xuất tiết
A33: VHHT | C33: : Viêm hô hấp trên | I33: TKX | L33: : Tật khúc xa

Sheet 4-5
A1: BẢNG TỔNG HỢP KHÁM SỨC KHỎE HỌC SINH
A2: (Khám sức khỏe học sinh năm học 2026-2027 ngày 15 tháng 9 năm 2026)
V3: NGÀY CÂN ĐO
A4: TÊN ĐƠN VỊ | C4: : TRƯỜNG MẦM NON TƯ THỤC MINH ANH | J4: LỚP | K4: MG 4-5 TUỔI | W4: 9 | X4: 2026
A5: ĐỊA CHỈ | C5: : SỐ 15/6 TRẦN ĐƯỜNG - PHƯỜNG TÂY NHA TRANG - KHÁNH HÒA
A8: STT | B8: HỌ VÀ TÊN | D8: NGÀY SINH | E8: GIỚI TÍNH | G8: TÌNH TRẠNG DINH DƯỠNG | L8: KHÁM CHUYÊN KHOA | R8: PHÂN LOẠI SỨC KHỎE | T8: THÁNG
E9: Nam | F9: Nữ | G9: Cân nặng (kg) | H9: Kết quả | I9: Chiều cao (cm) | J9: Kết quả | K9: Cân nặng theo chiều cao | L9: NHI KHOA | M9: TAI MŨI HỌNG | N9: MẮT | O9: CƠ XƯƠNG KHỚP | P9: RĂNG HÀM MẶT | Q9: CHUYÊN KHOA KHÁC | Y9: bt | Z9: SDDTNC | AA9: CNC | AB9: bt | AC9: SDDTTC | AD9: CHT | AE9: bt | AF9: TC | AG9: BP | AH9: SDDTGC | AI9: I | AJ9: II | AK9: III
A10: 1 | B10: Nguyễn Thiên | C10: An | D10: 44646 | F10: x | G10: 18.6 | H10: =IF(DATEDIF(D10,DATE($X$4,$W$4,$V$4),"m")<=60,LOOKUP(2,1/(G10>=INDEX(IF(E10="x",CNTT!$B$4:$E$64,CNTT!$F$4:$I$64),MATCH(DATEDIF(D10,DATE($X$4,$W$4,$V$4),"m"),CNTT!$A$4:$A$64,0),0)),CNTT!$B$3:$E$3),LOOKUP(2,1/(G10>=INDEX(IF(E10="x",CNTT!$B$70:$E$93,CNTT!$F$70:$I$93),MATCH(DATEDIF(D10,DATE($X$4,$W$4,$V$4),"m"),CNTT!$A$70:$A$93,0),0)),CNTT!$B$69:$E$69)) -> bt | I10: 105 | J10: =IF(DATEDIF(D10,DATE($X$4,$W$4,$V$4),"m")<=60,LOOKUP(2,1/(I10>=INDEX(IF(E10="x",CCTT!$B$4:$E$64,CCTT!$F$4:$I$64),MATCH(DATEDIF(D10,DATE($X$4,$W$4,$V$4),"m"),CCTT!$A$4:$A$64,0),0)),CCTT!$B$3:$E$3),LOOKUP(2,1/(I10>=INDEX(IF(E10="x",CCTT!$B$70:$E$93,CCTT!$F$70:$I$93),MATCH(DATEDIF(D10,DATE($X$4,$W$4,$V$4),"m"),CCTT!$A$70:$A$93,0),0)),CCTT!B$69:E$69)) -> bt | K10: =IF(DATEDIF(D10,DATE($X$4,$W$4,$V$4),"m")<24,LOOKUP(2,1/(G10>=INDEX(IF(E10="x",CNTCC!$B$4:$F$134,CNTCC!$F$4),MATCH(I10,CNTCC!$A$4:$A$134,0),0)),CNTCC!$B$3:$F$3),IF(AND(DATEDIF(D10,DATE($X$4,$W$4,$V$4),"m")>=24,DATEDIF(D10,DATE($X$4,$W$4,$V$4),"m")<=60),LOOKUP(2,1/(G10>=INDEX(IF(E10="x",CNTCC!$B$141:$F$251,CNTCC!$G$141:$K$251),MATCH(I10,CNTCC!$A$141:$A$251,0),0)),CNTCC!$B$140:$F$140),0)) -> bt | L10: Bt | M10: Bt | N10: Bt | O10: Bt | P10: Bt | Q10: Bt | R10: I | S10: =PROPER(B10) -> Nguyễn Thiên | T10: =DATEDIF(D10,DATE($X$4,$W$4,$V$4),"m") -> 53 | U10: =G10/(I10/100)^2 -> 16.870748 | Y10: =COUNTIF(H10:H31,Y9) -> 17 | Z10: =COUNTIF(H10:H31,Z9) -> 1 | AA10: =COUNTIF(H10:H31,AA9) -> 4 | AB10: =COUNTIF(J10:J31,AB9) -> 20 | AC10: =COUNTIF(J10:J31,AC9) -> 1 | AD10: =COUNTIF(J10:J31,AD9) -> 1 | AE10: =COUNTIF(K10:K31,AE9) -> 14 | AF10: =COUNTIF(K10:K31,AF9) -> 3 | AG10: =COUNTIF(K10:K31,AG9) -> 5 | AH10: =COUNTIF(K10:K31,AH9) -> 0 | AI10: =COUNTIF(R10:R31,AI9) -> 10 | AJ10: =COUNTIF(R10:R31,AJ9) -> 7 | AK10: =COUNTIF(R10:R31,AK9) -> 5
A11: 2 | B11: Hà Châu | C11: Anh | D11: 44789 | F11: x | G11: 14.5 | H11: =IF(DATEDIF(D11,DATE($X$4,$W$4,$V$4),"m")<=60,LOOKUP(2,1/(G11>=INDEX(IF(E11="x",CNTT!$B$4:$E$64,CNTT!$F$4:$I$64),MATCH(DATEDIF(D11,DATE($X$4,$W$4,$V$4),"m"),CNTT!$A$4:$A$64,0),0)),CNTT!$B$3:$E$3),LOOKUP(2,1/(G11>=INDEX(IF(E11="x",CNTT!$B$70:$E$93,CNTT!$F$70:$I$93),MATCH(DATEDIF(D11,DATE($X$4,$W$4,$V$4),"m"),CNTT!$A$70:$A$93,0),0)),CNTT!$B$69:$E$69)) -> bt | I11: 100 | J11: =IF(DATEDIF(D11,DATE($X$4,$W$4,$V$4),"m")<=60,LOOKUP(2,1/(I11>=INDEX(IF(E11="x",CCTT!$B$4:$E$64,CCTT!$F$4:$I$64),MATCH(DATEDIF(D11,DATE($X$4,$W$4,$V$4),"m"),CCTT!$A$4:$A$64,0),0)),CCTT!$B$3:$E$3),LOOKUP(2,1/(I11>=INDEX(IF(E11="x",CCTT!$B$70:$E$93,CCTT!$F$70:$I$93),MATCH(DATEDIF(D11,DATE($X$4,$W$4,$V$4),"m"),CCTT!$A$70:$A$93,0),0)),CCTT!B$69:E$69)) -> bt | K11: =IF(DATEDIF(D11,DATE($X$4,$W$4,$V$4),"m")<24,LOOKUP(2,1/(G11>=INDEX(IF(E11="x",CNTCC!$B$4:$F$134,CNTCC!$F$4),MATCH(I11,CNTCC!$A$4:$A$134,0),0)),CNTCC!$B$3:$F$3),IF(AND(DATEDIF(D11,DATE($X$4,$W$4,$V$4),"m")>=24,DATEDIF(D11,DATE($X$4,$W$4,$V$4),"m")<=60),LOOKUP(2,1/(G11>=INDEX(IF(E11="x",CNTCC!$B$141:$F$251,CNTCC!$G$141:$K$251),MATCH(I11,CNTCC!$A$141:$A$251,0),0)),CNTCC!$B$140:$F$140),0)) -> bt | L11: Bt | M11: Bt | N11: Bt | O11: Bt | P11: Bt | Q11: Bt | R11: I | S11: =PROPER(B11) -> Hà Châu | T11: =DATEDIF(D11,DATE($X$4,$W$4,$V$4),"m") -> 48 | U11: =G11/(I11/100)^2 -> 14.5 | Y11: =SUM(Y10:AA10) -> 22
A12: 3 | B12: Huỳnh Minh | C12: Anh | D12: 44878 | F12: x | G12: 13.8 | H12: bt | I12: 98 | J12: =IF(DATEDIF(D12,DATE($X$4,$W$4,$V$4),"m")<=60,LOOKUP(2,1/(I12>=INDEX(IF(E12="x",CCTT!$B$4:$E$64,CCTT!$F$4:$I$64),MATCH(DATEDIF(D12,DATE($X$4,$W$4,$V$4),"m"),CCTT!$A$4:$A$64,0),0)),CCTT!$B$3:$E$3),LOOKUP(2,1/(I12>=INDEX(IF(E12="x",CCTT!$B$70:$E$93,CCTT!$F$70:$I$93),MATCH(DATEDIF(D12,DATE($X$4,$W$4,$V$4),"m"),CCTT!$A$70:$A$93,0),0)),CCTT!B$69:E$69)) -> bt | K12: =IF(DATEDIF(D12,DATE($X$4,$W$4,$V$4),"m")<24,LOOKUP(2,1/(G12>=INDEX(IF(E12="x",CNTCC!$B$4:$F$134,CNTCC!$F$4),MATCH(I12,CNTCC!$A$4:$A$134,0),0)),CNTCC!$B$3:$F$3),IF(AND(DATEDIF(D12,DATE($X$4,$W$4,$V$4),"m")>=24,DATEDIF(D12,DATE($X$4,$W$4,$V$4),"m")<=60),LOOKUP(2,1/(G12>=INDEX(IF(E12="x",CNTCC!$B$141:$F$251,CNTCC!$G$141:$K$251),MATCH(I12,CNTCC!$A$141:$A$251,0),0)),CNTCC!$B$140:$F$140),0)) -> BP | L12: Bt | M12: Bt | N12: Bt | O12: Bt | P12: Bt | Q12: Bt | R12: III | S12: =PROPER(B12) -> Huỳnh Minh | T12: =DATEDIF(D12,DATE($X$4,$W$4,$V$4),"m") -> 45 | U12: =G12/(I12/100)^2 -> #VALUE! | Y12: =SUM(AB10:AD10) -> 22
A13: 4 | B13: Bùi Huy | C13: Bảo | D13: 44729 | E13: x | G13: 18.2 | H13: =IF(DATEDIF(D13,DATE($X$4,$W$4,$V$4),"m")<=60,LOOKUP(2,1/(G13>=INDEX(IF(E13="x",CNTT!$B$4:$E$64,CNTT!$F$4:$I$64),MATCH(DATEDIF(D13,DATE($X$4,$W$4,$V$4),"m"),CNTT!$A$4:$A$64,0),0)),CNTT!$B$3:$E$3),LOOKUP(2,1/(G13>=INDEX(IF(E13="x",CNTT!$B$70:$E$93,CNTT!$F$70:$I$93),MATCH(DATEDIF(D13,DATE($X$4,$W$4,$V$4),"m"),CNTT!$A$70:$A$93,0),0)),CNTT!$B$69:$E$69)) -> bt | I13: 100 | J13: =IF(DATEDIF(D13,DATE($X$4,$W$4,$V$4),"m")<=60,LOOKUP(2,1/(I13>=INDEX(IF(E13="x",CCTT!$B$4:$E$64,CCTT!$F$4:$I$64),MATCH(DATEDIF(D13,DATE($X$4,$W$4,$V$4),"m"),CCTT!$A$4:$A$64,0),0)),CCTT!$B$3:$E$3),LOOKUP(2,1/(I13>=INDEX(IF(E13="x",CCTT!$B$70:$E$93,CCTT!$F$70:$I$93),MATCH(DATEDIF(D13,DATE($X$4,$W$4,$V$4),"m"),CCTT!$A$70:$A$93,0),0)),CCTT!B$69:E$69)) -> bt | K13: =IF(DATEDIF(D13,DATE($X$4,$W$4,$V$4),"m")<24,LOOKUP(2,1/(G13>=INDEX(IF(E13="x",CNTCC!$B$4:$F$134,CNTCC!$F$4),MATCH(I13,CNTCC!$A$4:$A$134,0),0)),CNTCC!$B$3:$F$3),IF(AND(DATEDIF(D13,DATE($X$4,$W$4,$V$4),"m")>=24,DATEDIF(D13,DATE($X$4,$W$4,$V$4),"m")<=60),LOOKUP(2,1/(G13>=INDEX(IF(E13="x",CNTCC!$B$141:$F$251,CNTCC!$G$141:$K$251),MATCH(I13,CNTCC!$A$141:$A$251,0),0)),CNTCC!$B$140:$F$140),0)) -> TC | L13: Bt | M13: Bt | N13: Bt | O13: Bt | P13: Bt | Q13: Bt | R13: II | S13: =PROPER(B13) -> Bùi Huy | T13: =DATEDIF(D13,DATE($X$4,$W$4,$V$4),"m") -> 50 | U13: =G13/(I13/100)^2 -> 18.2 | Y13: =SUM(AE10:AH10) -> 22
A14: 5 | B14: Trần Lưu Gia | C14: Cát | D14: 44568 | E14: x | G14: 16 | H14: =IF(DATEDIF(D14,DATE($X$4,$W$4,$V$4),"m")<=60,LOOKUP(2,1/(G14>=INDEX(IF(E14="x",CNTT!$B$4:$E$64,CNTT!$F$4:$I$64),MATCH(DATEDIF(D14,DATE($X$4,$W$4,$V$4),"m"),CNTT!$A$4:$A$64,0),0)),CNTT!$B$3:$E$3),LOOKUP(2,1/(G14>=INDEX(IF(E14="x",CNTT!$B$70:$E$93,CNTT!$F$70:$I$93),MATCH(DATEDIF(D14,DATE($X$4,$W$4,$V$4),"m"),CNTT!$A$70:$A$93,0),0)),CNTT!$B$69:$E$69)) -> bt | I14: 104 | J14: =IF(DATEDIF(D14,DATE($X$4,$W$4,$V$4),"m")<=60,LOOKUP(2,1/(I14>=INDEX(IF(E14="x",CCTT!$B$4:$E$64,CCTT!$F$4:$I$64),MATCH(DATEDIF(D14,DATE($X$4,$W$4,$V$4),"m"),CCTT!$A$4:$A$64,0),0)),CCTT!$B$3:$E$3),LOOKUP(2,1/(I14>=INDEX(IF(E14="x",CCTT!$B$70:$E$93,CCTT!$F$70:$I$93),MATCH(DATEDIF(D14,DATE($X$4,$W$4,$V$4),"m"),CCTT!$A$70:$A$93,0),0)),CCTT!B$69:E$69)) -> bt | K14: =IF(DATEDIF(D14,DATE($X$4,$W$4,$V$4),"m")<24,LOOKUP(2,1/(G14>=INDEX(IF(E14="x",CNTCC!$B$4:$F$134,CNTCC!$F$4),MATCH(I14,CNTCC!$A$4:$A$134,0),0)),CNTCC!$B$3:$F$3),IF(AND(DATEDIF(D14,DATE($X$4,$W$4,$V$4),"m")>=24,DATEDIF(D14,DATE($X$4,$W$4,$V$4),"m")<=60),LOOKUP(2,1/(G14>=INDEX(IF(E14="x",CNTCC!$B$141:$F$251,CNTCC!$G$141:$K$251),MATCH(I14,CNTCC!$A$141:$A$251,0),0)),CNTCC!$B$140:$F$140),0)) -> bt | L14: Bt | M14: Bt | N14: Bt | O14: Bt | P14: SR | Q14: Bt | R14: II | S14: =PROPER(B14) -> Trần Lưu Gia | T14: =DATEDIF(D14,DATE($X$4,$W$4,$V$4),"m") -> 55 | U14: =G14/(I14/100)^2 -> 14.792899 | Y14: =SUM(AI10:AK10) -> 22
A15: 6 | B15: Lê Hoàng | C15: Đăng | D15: 44731 | E15: x | G15: 18.2 | H15: =IF(DATEDIF(D15,DATE($X$4,$W$4,$V$4),"m")<=60,LOOKUP(2,1/(G15>=INDEX(IF(E15="x",CNTT!$B$4:$E$64,CNTT!$F$4:$I$64),MATCH(DATEDIF(D15,DATE($X$4,$W$4,$V$4),"m"),CNTT!$A$4:$A$64,0),0)),CNTT!$B$3:$E$3),LOOKUP(2,1/(G15>=INDEX(IF(E15="x",CNTT!$B$70:$E$93,CNTT!$F$70:$I$93),MATCH(DATEDIF(D15,DATE($X$4,$W$4,$V$4),"m"),CNTT!$A$70:$A$93,0),0)),CNTT!$B$69:$E$69)) -> bt | I15: 104 | J15: =IF(DATEDIF(D15,DATE($X$4,$W$4,$V$4),"m")<=60,LOOKUP(2,1/(I15>=INDEX(IF(E15="x",CCTT!$B$4:$E$64,CCTT!$F$4:$I$64),MATCH(DATEDIF(D15,DATE($X$4,$W$4,$V$4),"m"),CCTT!$A$4:$A$64,0),0)),CCTT!$B$3:$E$3),LOOKUP(2,1/(I15>=INDEX(IF(E15="x",CCTT!$B$70:$E$93,CCTT!$F$70:$I$93),MATCH(DATEDIF(D15,DATE($X$4,$W$4,$V$4),"m"),CCTT!$A$70:$A$93,0),0)),CCTT!B$69:E$69)) -> bt | K15: =IF(DATEDIF(D15,DATE($X$4,$W$4,$V$4),"m")<24,LOOKUP(2,1/(G15>=INDEX(IF(E15="x",CNTCC!$B$4:$F$134,CNTCC!$F$4),MATCH(I15,CNTCC!$A$4:$A$134,0),0)),CNTCC!$B$3:$F$3),IF(AND(DATEDIF(D15,DATE($X$4,$W$4,$V$4),"m")>=24,DATEDIF(D15,DATE($X$4,$W$4,$V$4),"m")<=60),LOOKUP(2,1/(G15>=INDEX(IF(E15="x",CNTCC!$B$141:$F$251,CNTCC!$G$141:$K$251),MATCH(I15,CNTCC!$A$141:$A$251,0),0)),CNTCC!$B$140:$F$140),0)) -> bt | L15: Bt | M15: Bt | N15: Bt | O15: Bt | P15: Bt | Q15: Bt | R15: I | S15: =PROPER(B15) -> Lê Hoàng | T15: =DATEDIF(D15,DATE($X$4,$W$4,$V$4),"m") -> 50 | U15: =G15/(I15/100)^2 -> 16.826923
A16: 7 | B16: Nguyễn Tiến | C16: Đức | D16: 44786 | E16: x | G16: 16.2 | H16: =IF(DATEDIF(D16,DATE($X$4,$W$4,$V$4),"m")<=60,LOOKUP(2,1/(G16>=INDEX(IF(E16="x",CNTT!$B$4:$E$64,CNTT!$F$4:$I$64),MATCH(DATEDIF(D16,DATE($X$4,$W$4,$V$4),"m"),CNTT!$A$4:$A$64,0),0)),CNTT!$B$3:$E$3),LOOKUP(2,1/(G16>=INDEX(IF(E16="x",CNTT!$B$70:$E$93,CNTT!$F$70:$I$93),MATCH(DATEDIF(D16,DATE($X$4,$W$4,$V$4),"m"),CNTT!$A$70:$A$93,0),0)),CNTT!$B$69:$E$69)) -> bt | I16: 99 | J16: =IF(DATEDIF(D16,DATE($X$4,$W$4,$V$4),"m")<=60,LOOKUP(2,1/(I16>=INDEX(IF(E16="x",CCTT!$B$4:$E$64,CCTT!$F$4:$I$64),MATCH(DATEDIF(D16,DATE($X$4,$W$4,$V$4),"m"),CCTT!$A$4:$A$64,0),0)),CCTT!$B$3:$E$3),LOOKUP(2,1/(I16>=INDEX(IF(E16="x",CCTT!$B$70:$E$93,CCTT!$F$70:$I$93),MATCH(DATEDIF(D16,DATE($X$4,$W$4,$V$4),"m"),CCTT!$A$70:$A$93,0),0)),CCTT!B$69:E$69)) -> bt | K16: =IF(DATEDIF(D16,DATE($X$4,$W$4,$V$4),"m")<24,LOOKUP(2,1/(G16>=INDEX(IF(E16="x",CNTCC!$B$4:$F$134,CNTCC!$F$4),MATCH(I16,CNTCC!$A$4:$A$134,0),0)),CNTCC!$B$3:$F$3),IF(AND(DATEDIF(D16,DATE($X$4,$W$4,$V$4),"m")>=24,DATEDIF(D16,DATE($X$4,$W$4,$V$4),"m")<=60),LOOKUP(2,1/(G16>=INDEX(IF(E16="x",CNTCC!$B$141:$F$251,CNTCC!$G$141:$K$251),MATCH(I16,CNTCC!$A$141:$A$251,0),0)),CNTCC!$B$140:$F$140),0)) -> bt | L16: Bt | M16: Bt | N16: Bt | O16: Bt | P16: Bt | Q16: Bt | R16: I | S16: =PROPER(B16) -> Nguyễn Tiến | T16: =DATEDIF(D16,DATE($X$4,$W$4,$V$4),"m") -> 48 | U16: =G16/(I16/100)^2 -> 16.528926
A17: 8 | B17: Kwak Minh | C17: Hà | D17: 44936 | F17: x | G17: 11.8 | H17: =IF(DATEDIF(D17,DATE($X$4,$W$4,$V$4),"m")<=60,LOOKUP(2,1/(G17>=INDEX(IF(E17="x",CNTT!$B$4:$E$64,CNTT!$F$4:$I$64),MATCH(DATEDIF(D17,DATE($X$4,$W$4,$V$4),"m"),CNTT!$A$4:$A$64,0),0)),CNTT!$B$3:$E$3),LOOKUP(2,1/(G17>=INDEX(IF(E17="x",CNTT!$B$70:$E$93,CNTT!$F$70:$I$93),MATCH(DATEDIF(D17,DATE($X$4,$W$4,$V$4),"m"),CNTT!$A$70:$A$93,0),0)),CNTT!$B$69:$E$69)) -> bt | I17: 95 | J17: =IF(DATEDIF(D17,DATE($X$4,$W$4,$V$4),"m")<=60,LOOKUP(2,1/(I17>=INDEX(IF(E17="x",CCTT!$B$4:$E$64,CCTT!$F$4:$I$64),MATCH(DATEDIF(D17,DATE($X$4,$W$4,$V$4),"m"),CCTT!$A$4:$A$64,0),0)),CCTT!$B$3:$E$3),LOOKUP(2,1/(I17>=INDEX(IF(E17="x",CCTT!$B$70:$E$93,CCTT!$F$70:$I$93),MATCH(DATEDIF(D17,DATE($X$4,$W$4,$V$4),"m"),CCTT!$A$70:$A$93,0),0)),CCTT!B$69:E$69)) -> bt | K17: =IF(DATEDIF(D17,DATE($X$4,$W$4,$V$4),"m")<24,LOOKUP(2,1/(G17>=INDEX(IF(E17="x",CNTCC!$B$4:$F$134,CNTCC!$F$4),MATCH(I17,CNTCC!$A$4:$A$134,0),0)),CNTCC!$B$3:$F$3),IF(AND(DATEDIF(D17,DATE($X$4,$W$4,$V$4),"m")>=24,DATEDIF(D17,DATE($X$4,$W$4,$V$4),"m")<=60),LOOKUP(2,1/(G17>=INDEX(IF(E17="x",CNTCC!$B$141:$F$251,CNTCC!$G$141:$K$251),MATCH(I17,CNTCC!$A$141:$A$251,0),0)),CNTCC!$B$140:$F$140),0)) -> bt | L17: Bt | M17: Bt | N17: Bt | O17: Bt | P17: SR | Q17: Bt | R17: II | S17: =PROPER(B17) -> Kwak Minh | T17: =DATEDIF(D17,DATE($X$4,$W$4,$V$4),"m") -> 43 | U17: =G17/(I17/100)^2 -> 13.074792
A18: 9 | B18: Nguyễn Minh | C18: Hoàng | D18: 44922 | E18: x | G18: 30 | H18: =IF(DATEDIF(D18,DATE($X$4,$W$4,$V$4),"m")<=60,LOOKUP(2,1/(G18>=INDEX(IF(E18="x",CNTT!$B$4:$E$64,CNTT!$F$4:$I$64),MATCH(DATEDIF(D18,DATE($X$4,$W$4,$V$4),"m"),CNTT!$A$4:$A$64,0),0)),CNTT!$B$3:$E$3),LOOKUP(2,1/(G18>=INDEX(IF(E18="x",CNTT!$B$70:$E$93,CNTT!$F$70:$I$93),MATCH(DATEDIF(D18,DATE($X$4,$W$4,$V$4),"m"),CNTT!$A$70:$A$93,0),0)),CNTT!$B$69:$E$69)) -> CNC | I18: 106 | J18: =IF(DATEDIF(D18,DATE($X$4,$W$4,$V$4),"m")<=60,LOOKUP(2,1/(I18>=INDEX(IF(E18="x",CCTT!$B$4:$E$64,CCTT!$F$4:$I$64),MATCH(DATEDIF(D18,DATE($X$4,$W$4,$V$4),"m"),CCTT!$A$4:$A$64,0),0)),CCTT!$B$3:$E$3),LOOKUP(2,1/(I18>=INDEX(IF(E18="x",CCTT!$B$70:$E$93,CCTT!$F$70:$I$93),MATCH(DATEDIF(D18,DATE($X$4,$W$4,$V$4),"m"),CCTT!$A$70:$A$93,0),0)),CCTT!B$69:E$69)) -> bt | K18: =IF(DATEDIF(D18,DATE($X$4,$W$4,$V$4),"m")<24,LOOKUP(2,1/(G18>=INDEX(IF(E18="x",CNTCC!$B$4:$F$134,CNTCC!$F$4),MATCH(I18,CNTCC!$A$4:$A$134,0),0)),CNTCC!$B$3:$F$3),IF(AND(DATEDIF(D18,DATE($X$4,$W$4,$V$4),"m")>=24,DATEDIF(D18,DATE($X$4,$W$4,$V$4),"m")<=60),LOOKUP(2,1/(G18>=INDEX(IF(E18="x",CNTCC!$B$141:$F$251,CNTCC!$G$141:$K$251),MATCH(I18,CNTCC!$A$141:$A$251,0),0)),CNTCC!$B$140:$F$140),0)) -> BP | L18: Bt | M18: Bt | N18: Bt | O18: Bt | P18: Bt | Q18: Bt | R18: III | S18: =PROPER(B18) -> Nguyễn Minh | T18: =DATEDIF(D18,DATE($X$4,$W$4,$V$4),"m") -> 44 | U18: =G18/(I18/100)^2 -> 26.699893
A19: 10 | B19: Huỳnh | C19: Hoàng | D19: 44786 | E19: x | G19: 16.8 | H19: =IF(DATEDIF(D19,DATE($X$4,$W$4,$V$4),"m")<=60,LOOKUP(2,1/(G19>=INDEX(IF(E19="x",CNTT!$B$4:$E$64,CNTT!$F$4:$I$64),MATCH(DATEDIF(D19,DATE($X$4,$W$4,$V$4),"m"),CNTT!$A$4:$A$64,0),0)),CNTT!$B$3:$E$3),LOOKUP(2,1/(G19>=INDEX(IF(E19="x",CNTT!$B$70:$E$93,CNTT!$F$70:$I$93),MATCH(DATEDIF(D19,DATE($X$4,$W$4,$V$4),"m"),CNTT!$A$70:$A$93,0),0)),CNTT!$B$69:$E$69)) -> bt | I19: 101 | J19: =IF(DATEDIF(D19,DATE($X$4,$W$4,$V$4),"m")<=60,LOOKUP(2,1/(I19>=INDEX(IF(E19="x",CCTT!$B$4:$E$64,CCTT!$F$4:$I$64),MATCH(DATEDIF(D19,DATE($X$4,$W$4,$V$4),"m"),CCTT!$A$4:$A$64,0),0)),CCTT!$B$3:$E$3),LOOKUP(2,1/(I19>=INDEX(IF(E19="x",CCTT!$B$70:$E$93,CCTT!$F$70:$I$93),MATCH(DATEDIF(D19,DATE($X$4,$W$4,$V$4),"m"),CCTT!$A$70:$A$93,0),0)),CCTT!B$69:E$69)) -> bt | K19: =IF(DATEDIF(D19,DATE($X$4,$W$4,$V$4),"m")<24,LOOKUP(2,1/(G19>=INDEX(IF(E19="x",CNTCC!$B$4:$F$134,CNTCC!$F$4),MATCH(I19,CNTCC!$A$4:$A$134,0),0)),CNTCC!$B$3:$F$3),IF(AND(DATEDIF(D19,DATE($X$4,$W$4,$V$4),"m")>=24,DATEDIF(D19,DATE($X$4,$W$4,$V$4),"m")<=60),LOOKUP(2,1/(G19>=INDEX(IF(E19="x",CNTCC!$B$141:$F$251,CNTCC!$G$141:$K$251),MATCH(I19,CNTCC!$A$141:$A$251,0),0)),CNTCC!$B$140:$F$140),0)) -> bt | L19: Bt | M19: Bt | N19: Bt | O19: Bt | P19: Bt | Q19: Bt | R19: I | S19: =PROPER(B19) -> Huỳnh | T19: =DATEDIF(D19,DATE($X$4,$W$4,$V$4),"m") -> 48 | U19: =G19/(I19/100)^2 -> 16.468974
A20: 11 | B20: Nguyễn Gia | C20: Khánh | D20: 44641 | E20: x | G20: 12.8 | H20: =IF(DATEDIF(D20,DATE($X$4,$W$4,$V$4),"m")<=60,LOOKUP(2,1/(G20>=INDEX(IF(E20="x",CNTT!$B$4:$E$64,CNTT!$F$4:$I$64),MATCH(DATEDIF(D20,DATE($X$4,$W$4,$V$4),"m"),CNTT!$A$4:$A$64,0),0)),CNTT!$B$3:$E$3),LOOKUP(2,1/(G20>=INDEX(IF(E20="x",CNTT!$B$70:$E$93,CNTT!$F$70:$I$93),MATCH(DATEDIF(D20,DATE($X$4,$W$4,$V$4),"m"),CNTT!$A$70:$A$93,0),0)),CNTT!$B$69:$E$69)) -> SDDTNC | I20: 95 | J20: =IF(DATEDIF(D20,DATE($X$4,$W$4,$V$4),"m")<=60,LOOKUP(2,1/(I20>=INDEX(IF(E20="x",CCTT!$B$4:$E$64,CCTT!$F$4:$I$64),MATCH(DATEDIF(D20,DATE($X$4,$W$4,$V$4),"m"),CCTT!$A$4:$A$64,0),0)),CCTT!$B$3:$E$3),LOOKUP(2,1/(I20>=INDEX(IF(E20="x",CCTT!$B$70:$E$93,CCTT!$F$70:$I$93),MATCH(DATEDIF(D20,DATE($X$4,$W$4,$V$4),"m"),CCTT!$A$70:$A$93,0),0)),CCTT!B$69:E$69)) -> SDDTTC | K20: =IF(DATEDIF(D20,DATE($X$4,$W$4,$V$4),"m")<24,LOOKUP(2,1/(G20>=INDEX(IF(E20="x",CNTCC!$B$4:$F$134,CNTCC!$F$4),MATCH(I20,CNTCC!$A$4:$A$134,0),0)),CNTCC!$B$3:$F$3),IF(AND(DATEDIF(D20,DATE($X$4,$W$4,$V$4),"m")>=24,DATEDIF(D20,DATE($X$4,$W$4,$V$4),"m")<=60),LOOKUP(2,1/(G20>=INDEX(IF(E20="x",CNTCC!$B$141:$F$251,CNTCC!$G$141:$K$251),MATCH(I20,CNTCC!$A$141:$A$251,0),0)),CNTCC!$B$140:$F$140),0)) -> bt | L20: Bt | M20: Bt | N20: Bt | O20: Bt | P20: Bt | Q20: Bt | R20: II | S20: =PROPER(B20) -> Nguyễn Gia | T20: =DATEDIF(D20,DATE($X$4,$W$4,$V$4),"m") -> 53 | U20: =G20/(I20/100)^2 -> 14.182825
A21: 12 | B21: Ng. Vũ Thế | C21: Long | D21: 44766 | E21: x | G21: 20.5 | H21: =IF(DATEDIF(D21,DATE($X$4,$W$4,$V$4),"m")<=60,LOOKUP(2,1/(G21>=INDEX(IF(E21="x",CNTT!$B$4:$E$64,CNTT!$F$4:$I$64),MATCH(DATEDIF(D21,DATE($X$4,$W$4,$V$4),"m"),CNTT!$A$4:$A$64,0),0)),CNTT!$B$3:$E$3),LOOKUP(2,1/(G21>=INDEX(IF(E21="x",CNTT!$B$70:$E$93,CNTT!$F$70:$I$93),MATCH(DATEDIF(D21,DATE($X$4,$W$4,$V$4),"m"),CNTT!$A$70:$A$93,0),0)),CNTT!$B$69:$E$69)) -> bt | I21: 104 | J21: =IF(DATEDIF(D21,DATE($X$4,$W$4,$V$4),"m")<=60,LOOKUP(2,1/(I21>=INDEX(IF(E21="x",CCTT!$B$4:$E$64,CCTT!$F$4:$I$64),MATCH(DATEDIF(D21,DATE($X$4,$W$4,$V$4),"m"),CCTT!$A$4:$A$64,0),0)),CCTT!$B$3:$E$3),LOOKUP(2,1/(I21>=INDEX(IF(E21="x",CCTT!$B$70:$E$93,CCTT!$F$70:$I$93),MATCH(DATEDIF(D21,DATE($X$4,$W$4,$V$4),"m"),CCTT!$A$70:$A$93,0),0)),CCTT!B$69:E$69)) -> bt | K21: =IF(DATEDIF(D21,DATE($X$4,$W$4,$V$4),"m")<24,LOOKUP(2,1/(G21>=INDEX(IF(E21="x",CNTCC!$B$4:$F$134,CNTCC!$F$4),MATCH(I21,CNTCC!$A$4:$A$134,0),0)),CNTCC!$B$3:$F$3),IF(AND(DATEDIF(D21,DATE($X$4,$W$4,$V$4),"m")>=24,DATEDIF(D21,DATE($X$4,$W$4,$V$4),"m")<=60),LOOKUP(2,1/(G21>=INDEX(IF(E21="x",CNTCC!$B$141:$F$251,CNTCC!$G$141:$K$251),MATCH(I21,CNTCC!$A$141:$A$251,0),0)),CNTCC!$B$140:$F$140),0)) -> TC | L21: Bt | M21: Bt | N21: Bt | O21: Bt | P21: Sâu men | Q21: Bt | R21: II | S21: =PROPER(B21) -> Ng. Vũ Thế | T21: =DATEDIF(D21,DATE($X$4,$W$4,$V$4),"m") -> 49 | U21: =G21/(I21/100)^2 -> 18.953402
A22: 13 | B22: Phạm Hà | C22: My | D22: 44867 | F22: x | G22: 13.5 | H22: =IF(DATEDIF(D22,DATE($X$4,$W$4,$V$4),"m")<=60,LOOKUP(2,1/(G22>=INDEX(IF(E22="x",CNTT!$B$4:$E$64,CNTT!$F$4:$I$64),MATCH(DATEDIF(D22,DATE($X$4,$W$4,$V$4),"m"),CNTT!$A$4:$A$64,0),0)),CNTT!$B$3:$E$3),LOOKUP(2,1/(G22>=INDEX(IF(E22="x",CNTT!$B$70:$E$93,CNTT!$F$70:$I$93),MATCH(DATEDIF(D22,DATE($X$4,$W$4,$V$4),"m"),CNTT!$A$70:$A$93,0),0)),CNTT!$B$69:$E$69)) -> bt | I22: 97 | J22: =IF(DATEDIF(D22,DATE($X$4,$W$4,$V$4),"m")<=60,LOOKUP(2,1/(I22>=INDEX(IF(E22="x",CCTT!$B$4:$E$64,CCTT!$F$4:$I$64),MATCH(DATEDIF(D22,DATE($X$4,$W$4,$V$4),"m"),CCTT!$A$4:$A$64,0),0)),CCTT!$B$3:$E$3),LOOKUP(2,1/(I22>=INDEX(IF(E22="x",CCTT!$B$70:$E$93,CCTT!$F$70:$I$93),MATCH(DATEDIF(D22,DATE($X$4,$W$4,$V$4),"m"),CCTT!$A$70:$A$93,0),0)),CCTT!B$69:E$69)) -> bt | K22: =IF(DATEDIF(D22,DATE($X$4,$W$4,$V$4),"m")<24,LOOKUP(2,1/(G22>=INDEX(IF(E22="x",CNTCC!$B$4:$F$134,CNTCC!$F$4),MATCH(I22,CNTCC!$A$4:$A$134,0),0)),CNTCC!$B$3:$F$3),IF(AND(DATEDIF(D22,DATE($X$4,$W$4,$V$4),"m")>=24,DATEDIF(D22,DATE($X$4,$W$4,$V$4),"m")<=60),LOOKUP(2,1/(G22>=INDEX(IF(E22="x",CNTCC!$B$141:$F$251,CNTCC!$G$141:$K$251),MATCH(I22,CNTCC!$A$141:$A$251,0),0)),CNTCC!$B$140:$F$140),0)) -> bt | L22: Bt | M22: Bt | N22: Bt | O22: Bt | P22: Bt | Q22: Bt | R22: I | S22: =PROPER(B22) -> Phạm Hà | T22: =DATEDIF(D22,DATE($X$4,$W$4,$V$4),"m") -> 45 | U22: =G22/(I22/100)^2 -> 14.347965
A23: 14 | B23: Kiều Nguyễn Lam | C23: Ngọc | D23: 44626 | F23: x | G23: 17.1 | H23: =IF(DATEDIF(D23,DATE($X$4,$W$4,$V$4),"m")<=60,LOOKUP(2,1/(G23>=INDEX(IF(E23="x",CNTT!$B$4:$E$64,CNTT!$F$4:$I$64),MATCH(DATEDIF(D23,DATE($X$4,$W$4,$V$4),"m"),CNTT!$A$4:$A$64,0),0)),CNTT!$B$3:$E$3),LOOKUP(2,1/(G23>=INDEX(IF(E23="x",CNTT!$B$70:$E$93,CNTT!$F$70:$I$93),MATCH(DATEDIF(D23,DATE($X$4,$W$4,$V$4),"m"),CNTT!$A$70:$A$93,0),0)),CNTT!$B$69:$E$69)) -> bt | I23: 106 | J23: =IF(DATEDIF(D23,DATE($X$4,$W$4,$V$4),"m")<=60,LOOKUP(2,1/(I23>=INDEX(IF(E23="x",CCTT!$B$4:$E$64,CCTT!$F$4:$I$64),MATCH(DATEDIF(D23,DATE($X$4,$W$4,$V$4),"m"),CCTT!$A$4:$A$64,0),0)),CCTT!$B$3:$E$3),LOOKUP(2,1/(I23>=INDEX(IF(E23="x",CCTT!$B$70:$E$93,CCTT!$F$70:$I$93),MATCH(DATEDIF(D23,DATE($X$4,$W$4,$V$4),"m"),CCTT!$A$70:$A$93,0),0)),CCTT!B$69:E$69)) -> bt | K23: =IF(DATEDIF(D23,DATE($X$4,$W$4,$V$4),"m")<24,LOOKUP(2,1/(G23>=INDEX(IF(E23="x",CNTCC!$B$4:$F$134,CNTCC!$F$4),MATCH(I23,CNTCC!$A$4:$A$134,0),0)),CNTCC!$B$3:$F$3),IF(AND(DATEDIF(D23,DATE($X$4,$W$4,$V$4),"m")>=24,DATEDIF(D23,DATE($X$4,$W$4,$V$4),"m")<=60),LOOKUP(2,1/(G23>=INDEX(IF(E23="x",CNTCC!$B$141:$F$251,CNTCC!$G$141:$K$251),MATCH(I23,CNTCC!$A$141:$A$251,0),0)),CNTCC!$B$140:$F$140),0)) -> bt | L23: Bt | M23: Bt | N23: Bt | O23: Bt | P23: Bt | Q23: Bt | R23: I | S23: =PROPER(B23) -> Kiều Nguyễn Lam | T23: =DATEDIF(D23,DATE($X$4,$W$4,$V$4),"m") -> 53 | U23: =G23/(I23/100)^2 -> 15.218939
A24: 15 | B24: Lâm Tuệ | C24: Mẫn | D24: 44899 | F24: x | G24: 15.8 | H24: =IF(DATEDIF(D24,DATE($X$4,$W$4,$V$4),"m")<=60,LOOKUP(2,1/(G24>=INDEX(IF(E24="x",CNTT!$B$4:$E$64,CNTT!$F$4:$I$64),MATCH(DATEDIF(D24,DATE($X$4,$W$4,$V$4),"m"),CNTT!$A$4:$A$64,0),0)),CNTT!$B$3:$E$3),LOOKUP(2,1/(G24>=INDEX(IF(E24="x",CNTT!$B$70:$E$93,CNTT!$F$70:$I$93),MATCH(DATEDIF(D24,DATE($X$4,$W$4,$V$4),"m"),CNTT!$A$70:$A$93,0),0)),CNTT!$B$69:$E$69)) -> bt | I24: 99 | J24: =IF(DATEDIF(D24,DATE($X$4,$W$4,$V$4),"m")<=60,LOOKUP(2,1/(I24>=INDEX(IF(E24="x",CCTT!$B$4:$E$64,CCTT!$F$4:$I$64),MATCH(DATEDIF(D24,DATE($X$4,$W$4,$V$4),"m"),CCTT!$A$4:$A$64,0),0)),CCTT!$B$3:$E$3),LOOKUP(2,1/(I24>=INDEX(IF(E24="x",CCTT!$B$70:$E$93,CCTT!$F$70:$I$93),MATCH(DATEDIF(D24,DATE($X$4,$W$4,$V$4),"m"),CCTT!$A$70:$A$93,0),0)),CCTT!B$69:E$69)) -> bt | K24: =IF(DATEDIF(D24,DATE($X$4,$W$4,$V$4),"m")<24,LOOKUP(2,1/(G24>=INDEX(IF(E24="x",CNTCC!$B$4:$F$134,CNTCC!$F$4),MATCH(I24,CNTCC!$A$4:$A$134,0),0)),CNTCC!$B$3:$F$3),IF(AND(DATEDIF(D24,DATE($X$4,$W$4,$V$4),"m")>=24,DATEDIF(D24,DATE($X$4,$W$4,$V$4),"m")<=60),LOOKUP(2,1/(G24>=INDEX(IF(E24="x",CNTCC!$B$141:$F$251,CNTCC!$G$141:$K$251),MATCH(I24,CNTCC!$A$141:$A$251,0),0)),CNTCC!$B$140:$F$140),0)) -> bt | L24: Bt | M24: Bt | N24: Bt | O24: Bt | P24: Bt | Q24: Bt | R24: I | S24: =PROPER(B24) -> Lâm Tuệ | T24: =DATEDIF(D24,DATE($X$4,$W$4,$V$4),"m") -> 44 | U24: =G24/(I24/100)^2 -> 16.120804
A25: 16 | B25: Nguyễn Hoàng Thu | C25: Minh | D25: 44621 | F25: x | G25: 25 | H25: =IF(DATEDIF(D25,DATE($X$4,$W$4,$V$4),"m")<=60,LOOKUP(2,1/(G25>=INDEX(IF(E25="x",CNTT!$B$4:$E$64,CNTT!$F$4:$I$64),MATCH(DATEDIF(D25,DATE($X$4,$W$4,$V$4),"m"),CNTT!$A$4:$A$64,0),0)),CNTT!$B$3:$E$3),LOOKUP(2,1/(G25>=INDEX(IF(E25="x",CNTT!$B$70:$E$93,CNTT!$F$70:$I$93),MATCH(DATEDIF(D25,DATE($X$4,$W$4,$V$4),"m"),CNTT!$A$70:$A$93,0),0)),CNTT!$B$69:$E$69)) -> CNC | I25: 109 | J25: =IF(DATEDIF(D25,DATE($X$4,$W$4,$V$4),"m")<=60,LOOKUP(2,1/(I25>=INDEX(IF(E25="x",CCTT!$B$4:$E$64,CCTT!$F$4:$I$64),MATCH(DATEDIF(D25,DATE($X$4,$W$4,$V$4),"m"),CCTT!$A$4:$A$64,0),0)),CCTT!$B$3:$E$3),LOOKUP(2,1/(I25>=INDEX(IF(E25="x",CCTT!$B$70:$E$93,CCTT!$F$70:$I$93),MATCH(DATEDIF(D25,DATE($X$4,$W$4,$V$4),"m"),CCTT!$A$70:$A$93,0),0)),CCTT!B$69:E$69)) -> bt | K25: =IF(DATEDIF(D25,DATE($X$4,$W$4,$V$4),"m")<24,LOOKUP(2,1/(G25>=INDEX(IF(E25="x",CNTCC!$B$4:$F$134,CNTCC!$F$4),MATCH(I25,CNTCC!$A$4:$A$134,0),0)),CNTCC!$B$3:$F$3),IF(AND(DATEDIF(D25,DATE($X$4,$W$4,$V$4),"m")>=24,DATEDIF(D25,DATE($X$4,$W$4,$V$4),"m")<=60),LOOKUP(2,1/(G25>=INDEX(IF(E25="x",CNTCC!$B$141:$F$251,CNTCC!$G$141:$K$251),MATCH(I25,CNTCC!$A$141:$A$251,0),0)),CNTCC!$B$140:$F$140),0)) -> BP | L25: Bt | M25: Bt | N25: Bt | O25: Bt | P25: SR | Q25: Bt | R25: III | S25: =PROPER(B25) -> Nguyễn Hoàng Thu | T25: =DATEDIF(D25,DATE($X$4,$W$4,$V$4),"m") -> 53 | U25: =G25/(I25/100)^2 -> 21.042
A26: 17 | B26: Võ Ng. Khánh | C26: Phong | D26: 44862 | E26: x | G26: 14 | H26: =IF(DATEDIF(D26,DATE($X$4,$W$4,$V$4),"m")<=60,LOOKUP(2,1/(G26>=INDEX(IF(E26="x",CNTT!$B$4:$E$64,CNTT!$F$4:$I$64),MATCH(DATEDIF(D26,DATE($X$4,$W$4,$V$4),"m"),CNTT!$A$4:$A$64,0),0)),CNTT!$B$3:$E$3),LOOKUP(2,1/(G26>=INDEX(IF(E26="x",CNTT!$B$70:$E$93,CNTT!$F$70:$I$93),MATCH(DATEDIF(D26,DATE($X$4,$W$4,$V$4),"m"),CNTT!$A$70:$A$93,0),0)),CNTT!$B$69:$E$69)) -> bt | I26: 96 | J26: =IF(DATEDIF(D26,DATE($X$4,$W$4,$V$4),"m")<=60,LOOKUP(2,1/(I26>=INDEX(IF(E26="x",CCTT!$B$4:$E$64,CCTT!$F$4:$I$64),MATCH(DATEDIF(D26,DATE($X$4,$W$4,$V$4),"m"),CCTT!$A$4:$A$64,0),0)),CCTT!$B$3:$E$3),LOOKUP(2,1/(I26>=INDEX(IF(E26="x",CCTT!$B$70:$E$93,CCTT!$F$70:$I$93),MATCH(DATEDIF(D26,DATE($X$4,$W$4,$V$4),"m"),CCTT!$A$70:$A$93,0),0)),CCTT!B$69:E$69)) -> bt | K26: =IF(DATEDIF(D26,DATE($X$4,$W$4,$V$4),"m")<24,LOOKUP(2,1/(G26>=INDEX(IF(E26="x",CNTCC!$B$4:$F$134,CNTCC!$F$4),MATCH(I26,CNTCC!$A$4:$A$134,0),0)),CNTCC!$B$3:$F$3),IF(AND(DATEDIF(D26,DATE($X$4,$W$4,$V$4),"m")>=24,DATEDIF(D26,DATE($X$4,$W$4,$V$4),"m")<=60),LOOKUP(2,1/(G26>=INDEX(IF(E26="x",CNTCC!$B$141:$F$251,CNTCC!$G$141:$K$251),MATCH(I26,CNTCC!$A$141:$A$251,0),0)),CNTCC!$B$140:$F$140),0)) -> bt | L26: Bt | M26: Bt | N26: Bt | O26: Bt | P26: Bt | Q26: Bt | R26: I | S26: =PROPER(B26) -> Võ Ng. Khánh | T26: =DATEDIF(D26,DATE($X$4,$W$4,$V$4),"m") -> 46 | U26: =G26/(I26/100)^2 -> 15.190972
