Workbook

Sheet CCTT
B1: Nam | F1: Nữ
A2: Tháng tuổi | B2: SDDTTC MĐN | C2: SDDTTC | D2: bt | E2: CHT | F2: SDDTTC MĐN | G2: SDDTTC | H2: bt | I2: CHT
A3: 61 | B3: 0 | C3: 96.5 | D3: 101.1 | E3: 119.4 | F3: 0 | G3: 95.3 | H3: 100.1 | I3: 119.1
A4: 62 | B4: 0 | C4: 96.9 | D4: 101.6 | E4: 120 | F4: 0 | G4: 95.7 | H4: 100.5 | I4: 119.7
A5: 63 | B5: 0 | C5: 97.4 | D5: 102 | E5: 120.6 | F5: 0 | G5: 96.1 | H5: 101 | I5: 120.3
A6: 64 | B6: 0 | C6: 97.8 | D6: 102.5 | E6: 121.2 | F6: 0 | G6: 96.5 | H6: 101.4 | I6: 120.9
A7: 65 | B7: 0 | C7: 98.2 | D7: 103 | E7: 121.8 | F7: 0 | G7: 97 | H7: 101.9 | I7: 121.5
A8: 66 | B8: 0 | C8: 98.7 | D8: 103.4 | E8: 122.4 | F8: 0 | G8: 97.4 | H8: 102.3 | I8: 122
A9: 67 | B9: 0 | C9: 99.1 | D9: 103.9 | E9: 123 | F9: 0 | G9: 97.8 | H9: 102.7 | I9: 122.6
A10: 68 | B10: 0 | C10: 99.5 | D10: 104.3 | E10: 123.6 | F10: 0 | G10: 98.2 | H10: 103.2 | I10: 123.2
A11: 69 | B11: 0 | C11: 99.9 | D11: 104.8 | E11: 124.1 | F11: 0 | G11: 98.6 | H11: 103.6 | I11: 123.7
A12: 70 | B12: 0 | C12: 100.4 | D12: 105.2 | E12: 124.7 | F12: 0 | G12: 99 | H12: 104 | I12: 124.3
A13: 71 | B13: 0 | C13: 100.8 | D13: 105.7 | E13: 125.2 | F13: 0 | G13: 99.4 | H13: 104.5 | I13: 124.8
A14: 72 | B14: 0 | C14: 101.2 | D14: 106.1 | E14: 125.8 | F14: 0 | G14: 99.8 | H14: 104.9 | I14: 125.4
... A170: 228 | B170: 0 | C170: 154.6 | D170: 161.9 | E170: 191.1 | F170: 0 | G170: 143.5 | H170: 150.1 | I170: 176.2

Sheet BMI
B1: Nam | G1: Nữ
A2: Tháng tuổi | B2: SDDTGC MĐN | C2: SDDTGC | D2: bt | E2: TC | F2: BP | G2: SDDTGC MĐN | H2: SDDTGC | I2: bt | J2: TC | K2: BP
A3: 61 | B3: 0 | C3: 12.1 | D3: 13 | E3: 16.6 | F3: 18.3 | G3: 0 | H3: 11.8 | I3: 12.7 | J3: 16.9 | K3: 18.9
A4: 62 | B4: 0 | C4: 12.1 | D4: 13 | E4: 16.6 | F4: 18.3 | G4: 0 | H4: 11.8 | I4: 12.7 | J4: 16.9 | K4: 18.9
A5: 63 | B5: 0 | C5: 12.1 | D5: 13 | E5: 16.7 | F5: 18.3 | G5: 0 | H5: 11.8 | I5: 12.7 | J5: 16.9 | K5: 18.9
A6: 64 | B6: 0 | C6: 12.1 | D6: 13 | E6: 16.7 | F6: 18.3 | G6: 0 | H6: 11.8 | I6: 12.7 | J6: 16.9 | K6: 18.9
A7: 65 | B7: 0 | C7: 12.1 | D7: 13 | E7: 16.7 | F7: 18.3 | G7: 0 | H7: 11.7 | I7: 12.7 | J7: 16.9 | K7: 19
A8: 66 | B8: 0 | C8: 12.1 | D8: 13 | E8: 16.7 | F8: 18.4 | G8: 0 | H8: 11.7 | I8: 12.7 | J8: 16.9 | K8: 19
A9: 67 | B9: 0 | C9: 12.1 | D9: 13 | E9: 16.7 | F9: 18.4 | G9: 0 | H9: 11.7 | I9: 12.7 | J9: 16.9 | K9: 19
A10: 68 | B10: 0 | C10: 12.1 | D10: 13 | E10: 16.7 | F10: 18.4 | G10: 0 | H10: 11.7 | I10: 12.7 | J10: 17 | K10: 19.1
A11: 69 | B11: 0 | C11: 12.1 | D11: 13 | E11: 16.7 | F11: 18.4 | G11: 0 | H11: 11.7 | I11: 12.7 | J11: 17 | K11: 19.1
A12: 70 | B12: 0 | C12: 12.1 | D12: 13 | E12: 16.7 | F12: 18.5 | G12: 0 | H12: 11.7 | I12: 12.7 | J12: 17 | K12: 19.1
A13: 71 | B13: 0 | C13: 12.1 | D13: 13 | E13: 16.7 | F13: 18.5 | G13: 0 | H13: 11.7 | I13: 12.7 | J13: 17 | K13: 19.2
A14: 72 | B14: 0 | C14: 12.1 | D14: 13 | E14: 16.8 | F14: 18.5 | G14: 0 | H14: 11.7 | I14: 12.7 | J14: 17 | K14: 19.2
... A170: 228 | B170: 0 | C170: 15.9 | D170: 17.6 | E170: 25.4 | F170: 29.7 | G170: 0 | H170: 14.7 | I170: 16.5 | J170: 25 | K170: 29.7

Sheet mau chuan
A1: BẢNG TỔNG HỢP KHÁM SỨC KHỎE HỌC SINH
A2: (Khám sức khỏe học sinh năm học 2021 - 2022 ngày 03 tháng 03 năm 2022)
A4: TÊN ĐƠN VỊ | C4: : TRƯỜNG THCS CAO THẮNG – LỚP
A5: ĐỊA CHỈ | C5: : Số 429 Lương Định Của – xã Vĩnh Ngọc – thành phố Nha Trang, tỉnh Khánh Hòa
A7: STT | B7: HỌ VÀ TÊN | D7: NGÀY SINH | E7: Giới tính | G7: Lớp | H7: Ngày tháng phát hiện | I7: TÌNH TRẠNG DINH DƯỠNG | N7: Huyết áp (mmHg) | O7: Nhịp tim (l/p) | P7: Thị lực | V7: KHÁM CHUYÊN KHOA | W7: PHÂN LOẠI SỨC KHỎE | Z7: Tình trạng dinh dưỡng | AI7: Khám chuyên khoa | AM7: Phân loại sức khỏe
E8: Nam | F8: Nữ | I8: Cân nặng (kg) | J8: Chiều cao (cm) | K8: Kết quả CCTT | L8: BMI | M8: Kết quả BMI | Q8: Mắt | R8: TMH | S8: RHM | T8: Khác | Z8: SDDTTC MĐN | AA8: SDDTTC | AB8: bt | AC8: CHT | AD8: SDDTGC MĐN | AE8: SDDTGC | AF8: bt | AG8: TC | AH8: BP | AI8: MẮT | AJ8: TAI MŨI HỌNG | AK8: RĂNG HÀM MẶT | AL8: KHÁC | AM8: I | AN8: II | AO8: III
C9: =COUNTA(C10:C56) -> 0 | D9: =COUNTA(D10:D56) -> 0 | I9: =COUNTA(I10:I56) -> 0 | J9: =COUNTA(J10:J56) -> 0 | K9: =LOOKUP(2,1/(J9>=INDEX(IF(F9="x",CCTT!$F$3:$I$170,CCTT!$B$3:$E$170),MATCH(DATEDIF(D9,DATE(2022,1,3),"m"),CCTT!$A$3:$A$170,0),0)),CCTT!$F$2:$I$2) -> #N/A | L9: =(I9/J9^2)*10^4 -> #DIV/0! | M9: =LOOKUP(2,1/(L9>=INDEX(IF(F9="x",BMI!$G$3:$K$170,BMI!$B$3:$F$170),MATCH(DATEDIF(D9,DATE(2022,1,3),"m"),BMI!$A$3:$A$170,0),0)),BMI!$G$2:$K$2) -> #DIV/0! | N9: =COUNTA(N10:N56) -> 0 | O9: =COUNTA(O10:O56) -> 0 | P9: =COUNTA(P10:P56) -> 0 | Q9: =$C9-COUNTIF(Q10:Q56,"bt") -> 0 | R9: =$C9-COUNTIF(R10:R56,"bt") -> 0 | S9: =$C9-COUNTIF(S10:S56,"bt") -> 0 | T9: =$C9-COUNTIF(T10:T56,"bt") -> 0 | U9: =Q9&"; "&R9&"; "&S9&"; "&T9 -> 0; 0; 0; 0 | W9: =ROMAN(MAX(IF(OR(K9=$Z$8,M9=$AD$8,M9=$AH$8),3,IF(OR(K9=$AA$8,M9=$AE$8,M9=$AG$8),2,1)),IF(V9="bt",1,2)),0) -> #N/A
A10: 1 | K10: =LOOKUP(2,1/(J10>=INDEX(IF(F10="x",CCTT!$F$3:$I$170,CCTT!$B$3:$E$170),MATCH(DATEDIF(D10,DATE(2022,1,3),"m"),CCTT!$A$3:$A$170,0),0)),CCTT!$F$2:$I$2) -> #N/A | L10: =(I10/J10^2)*10^4 -> #DIV/0! | M10: =LOOKUP(2,1/(L10>=INDEX(IF(F10="x",BMI!$G$3:$K$170,BMI!$B$3:$F$170),MATCH(DATEDIF(D10,DATE(2022,1,3),"m"),BMI!$A$3:$A$170,0),0)),BMI!$G$2:$K$2) -> #DIV/0! | U10: =Q10&"; "&R10&"; "&S10&"; "&T10 -> ; ; ; | Y10: Số lượng | Z10: =COUNTIF($K$10:$K$56,Z8) -> 0 | AA10: =COUNTIF($K$10:$K$56,AA8) -> 0 | AB10: =COUNTIF($K$10:$K$56,AB8) -> 0 | AC10: =COUNTIF($K$10:$K$56,AC8) -> 0 | AD10: =COUNTIF($M$10:$M$56,AD8) -> 0 | AE10: =COUNTIF($M$10:$M$56,AE8) -> 0 | AF10: =COUNTIF($M$10:$M$56,AF8) -> 0 | AG10: =COUNTIF($M$10:$M$56,AG8) -> 0 | AH10: =COUNTIF($M$10:$M$56,AH8) -> 0 | AI10: =Q9 -> 0 | AJ10: =R9 -> 0 | AK10: =S9 -> 0 | AL10: =T9 -> 0 | AM10: =COUNTIF($W$10:$W$56,AM8) -> 0 | AN10: =COUNTIF($W$10:$W$56,AN8) -> 0 | AO10: =COUNTIF($W$10:$W$56,AO8) -> 0
A11: 2 | Y11: Tổng: | Z11: =SUM(Z10:AC10) -> 0
A12: 3 | Y12: Tổng: | Z12: =SUM(AD10:AH10) -> 0
A13: 4 | Y13: Tổng: | Z13: =SUM(AM10:AO10) -> 0
A14: 5
A15: 6
A16: 7
A17: 8
A18: 9
A19: 10
A20: 11
A21: 12
A22: 13
A23: 14
A24: 15
A25: 16
... A56: 47

Sheet TỔNG DS
A2: TÊN ĐƠN VỊ | C2: : TRƯỜNG THCS MAI XUÂN THƯỞNG
A3: ĐỊA CHỈ | C3: :
A5: STT | B5: HỌ VÀ TÊN | D5: NGÀY SINH | E5: Giới tính | G5: Lớp | J5: NGÀY SINH | K5: NGÀY SINH | M5: TÌNH TRẠNG DINH DƯỠNG | R5: Huyết áp (mmHg) | S5: Nhịp tim (l/p) | W5: Thị lực
E6: Nam | F6: Nữ | M6: Cân nặng (kg) | O6: Chiều cao (cm) | P6: BMI | Q6: Kết quả BMI
C7: =COUNTA(C8:C2022) -> 2015 | J7: =COUNTA(J8:J586) -> 579 | K7: =COUNTA(K8:K586) -> 579 | M7: =COUNTA(M8:M586) -> 578 | O7: =COUNTA(O8:O586) -> 578 | P7: =(M7/O7^2)*10^4 -> 17.301038 | Q7: =LOOKUP(2,1/(P7>=INDEX(IF(#REF!="x",BMI!$G$3:$K$170,BMI!$B$3:$F$170),MATCH(DATEDIF(J7,DATE(2022,2,28),"m"),BMI!$A$3:$A$170,0),0)),BMI!$G$2:$K$2) -> #REF! | R7: =COUNTA(R8:R586) -> 579 | S7: =COUNTA(S8:S586) -> 579 | W7: =COUNTA(W8:W586) -> 579
A8: 1 | B8: =LEFT(H8,LEN(H8)-LEN(C8)) -> #VALUE! | C8: =RIGHT(H8,LEN(H8)-FIND("@",SUBSTITUTE(H8," ","@",LEN(H8)-LEN(SUBSTITUTE(H8," ",""))))) -> #VALUE! | D8: =TEXT(J8,"DD/MM/YYYY") -> 17/10/2013 | E8: =IF(TRIM(L8)="Nam","X","") | F8: =IF(TRIM(L8)="Nữ","X","") | I8: 17/10/2013 | J8: 41564 | K8: 41564 | M8: 24 | N8: =O8*100 -> 138 | O8: 1.38 | P8: 12.602394 | Q8: Gầy | R8: 110/60 | S8: 80 | T8: 10;10 | U8: =REPLACE(T8,FIND(";",T8),1,"/") -> 10/10 | V8: =IF(U8="10/10",U8,"MPT "&U8) -> 10/10 | W8: 10/10;10/10
A9: 2 | B9: =LEFT(H9,LEN(H9)-LEN(C9)) -> #VALUE! | C9: =RIGHT(H9,LEN(H9)-FIND("@",SUBSTITUTE(H9," ","@",LEN(H9)-LEN(SUBSTITUTE(H9," ",""))))) -> #VALUE! | D9: =TEXT(J9,"DD/MM/YYYY") -> 27/07/2013 | E9: =IF(TRIM(L9)="Nam","X","") | F9: =IF(TRIM(L9)="Nữ","X","") | I9: 27/07/2013 | J9: 41482 | K9: 41482 | M9: 60 | N9: =O9*100 -> 159 | O9: 1.59 | P9: 23.733238 | Q9: Thừa cân | R9: 110/60 | S9: 78 | T9: 10;10 | U9: =REPLACE(T9,FIND(";",T9),1,"/") -> 10/10 | V9: =IF(U9="10/10",U9,"MPT "&U9) -> 10/10 | W9: 10/10;10/10
A10: 3 | B10: =LEFT(H10,LEN(H10)-LEN(C10)) -> #VALUE! | C10: =RIGHT(H10,LEN(H10)-FIND("@",SUBSTITUTE(H10," ","@",LEN(H10)-LEN(SUBSTITUTE(H10," ",""))))) -> #VALUE! | D10: =TEXT(J10,"DD/MM/YYYY") -> 03/01/2013 | E10: =IF(TRIM(L10)="Nam","X","") | F10: =IF(TRIM(L10)="Nữ","X","") | I10: 03/01/2013 | J10: 03/01/2013 | K10: 03/01/2013 | M10: 37 | N10: =O10*100 -> 157 | O10: 1.57 | P10: 15.010751 | Q10: B.thường | R10: 100/60 | S10: 78 | T10: 8;7 | U10: =REPLACE(T10,FIND(";",T10),1,"/") -> 8/7 | V10: =IF(U10="10/10",U10,"MPT "&U10) -> MPT 8/7 | W10: 8/10;7/10
A11: 4 | B11: =LEFT(H11,LEN(H11)-LEN(C11)) -> #VALUE! | C11: =RIGHT(H11,LEN(H11)-FIND("@",SUBSTITUTE(H11," ","@",LEN(H11)-LEN(SUBSTITUTE(H11," ",""))))) -> #VALUE! | D11: =TEXT(J11,"DD/MM/YYYY") -> 11/03/2013 | E11: =IF(TRIM(L11)="Nam","X","") | F11: =IF(TRIM(L11)="Nữ","X","") | I11: 11/03/2013 | J11: 11/03/2013 | K11: 11/03/2013 | M11: 41 | N11: =O11*100 -> 148 | O11: 1.48 | P11: 18.718042 | Q11: B.thường | R11: 110/60 | S11: 80 | T11: 10;10 | U11: =REPLACE(T11,FIND(";",T11),1,"/") -> 10/10 | V11: =IF(U11="10/10",U11,"MPT "&U11) -> 10/10 | W11: 10/10;10/10
A12: 5 | B12: =LEFT(H12,LEN(H12)-LEN(C12)) -> #VALUE! | C12: =RIGHT(H12,LEN(H12)-FIND("@",SUBSTITUTE(H12," ","@",LEN(H12)-LEN(SUBSTITUTE(H12," ",""))))) -> #VALUE! | D12: =TEXT(J12,"DD/MM/YYYY") -> 27/06/2013 | E12: =IF(TRIM(L12)="Nam","X","") | F12: =IF(TRIM(L12)="Nữ","X","") | I12: 27/06/2013 | J12: 41452 | K12: 41452 | M12: 42 | N12: =O12*100 -> 142 | O12: 1.42 | P12: 20.829201 | Q12: B.thường | R12: 110/70 | S12: 82 | T12: 5;5 | U12: =REPLACE(T12,FIND(";",T12),1,"/") -> 5/5 | V12: =IF(U12="10/10",U12,"MPT "&U12) -> MPT 5/5 | W12: 5/10;5/10
A13: 6 | B13: =LEFT(H13,LEN(H13)-LEN(C13)) -> #VALUE! | C13: =RIGHT(H13,LEN(H13)-FIND("@",SUBSTITUTE(H13," ","@",LEN(H13)-LEN(SUBSTITUTE(H13," ",""))))) -> #VALUE! | D13: =TEXT(J13,"DD/MM/YYYY") -> 15/11/2013 | E13: =IF(TRIM(L13)="Nam","X","") | F13: =IF(TRIM(L13)="Nữ","X","") | I13: 15/11/2013 | J13: 41593 | K13: 41593 | M13: 36 | N13: =O13*100 -> 135 | O13: 1.35 | P13: 19.753086 | Q13: B.thường | R13: 100/60 | S13: 84 | T13: 10;10 | U13: =REPLACE(T13,FIND(";",T13),1,"/") -> 10/10 | V13: =IF(U13="10/10",U13,"MPT "&U13) -> 10/10 | W13: 10/10;10/10
A14: 7 | B14: =LEFT(H14,LEN(H14)-LEN(C14)) -> #VALUE! | C14: =RIGHT(H14,LEN(H14)-FIND("@",SUBSTITUTE(H14," ","@",LEN(H14)-LEN(SUBSTITUTE(H14," ",""))))) -> #VALUE! | D14: =TEXT(J14,"DD/MM/YYYY") -> 31/07/2013 | E14: =IF(TRIM(L14)="Nam","X","") | F14: =IF(TRIM(L14)="Nữ","X","") | I14: 31/07/2013 | J14: 41486 | K14: 41486 | M14: 48 | N14: =O14*100 -> 150 | O14: 1.5 | P14: 21.333333 | Q14: Thừa cân | R14: 100/60 | S14: 81 | T14: 10;10 | U14: =REPLACE(T14,FIND(";",T14),1,"/") -> 10/10 | V14: =IF(U14="10/10",U14,"MPT "&U14) -> 10/10 | W14: 10/10;10/10
A15: 8 | B15: =LEFT(H15,LEN(H15)-LEN(C15)) -> #VALUE! | C15: =RIGHT(H15,LEN(H15)-FIND("@",SUBSTITUTE(H15," ","@",LEN(H15)-LEN(SUBSTITUTE(H15," ",""))))) -> #VALUE! | D15: =TEXT(J15,"DD/MM/YYYY") -> 31/01/2013 | E15: =IF(TRIM(L15)="Nam","X","") | F15: =IF(TRIM(L15)="Nữ","X","") | I15: 31/01/2013 | J15: 41305 | K15: 41305 | M15: 56 | N15: =O15*100 -> 151 | O15: 1.51 | P15: 24.560326 | Q15: Béo | R15: 110/60 | S15: 83 | T15: 10;10 | U15: =REPLACE(T15,FIND(";",T15),1,"/") -> 10/10 | V15: =IF(U15="10/10",U15,"MPT "&U15) -> 10/10 | W15: 10/10;10/10
A16: 9 | B16: =LEFT(H16,LEN(H16)-LEN(C16)) -> #VALUE! | C16: =RIGHT(H16,LEN(H16)-FIND("@",SUBSTITUTE(H16," ","@",LEN(H16)-LEN(SUBSTITUTE(H16," ",""))))) -> #VALUE! | D16: =TEXT(J16,"DD/MM/YYYY") -> 23/04/2013 | E16: =IF(TRIM(L16)="Nam","X","") | F16: =IF(TRIM(L16)="Nữ","X","") | I16: 23/04/2013 | J16: 41387 | K16: 41387 | M16: 53 | N16: =O16*100 -> 156 | O16: 1.56 | P16: 21.778435 | Q16: Thừa cân | R16: 110/60 | S16: 80 | T16: 10;10 | U16: =REPLACE(T16,FIND(";",T16),1,"/") -> 10/10 | V16: =IF(U16="10/10",U16,"MPT "&U16) -> 10/10 | W16: 10/10;10/10
A17: 10 | B17: =LEFT(H17,LEN(H17)-LEN(C17)) -> #VALUE! | C17: =RIGHT(H17,LEN(H17)-FIND("@",SUBSTITUTE(H17," ","@",LEN(H17)-LEN(SUBSTITUTE(H17," ",""))))) -> #VALUE! | D17: =TEXT(J17,"DD/MM/YYYY") -> 23/05/2013 | E17: =IF(TRIM(L17)="Nam","X","") | F17: =IF(TRIM(L17)="Nữ","X","") | I17: 23/05/2013 | J17: 41417 | K17: 41417 | M17: 49 | N17: =O17*100 -> 159 | O17: 1.59 | P17: 19.382145 | Q17: B.thường | R17: 110/60 | S17: 76 | T17: 10;10 | U17: =REPLACE(T17,FIND(";",T17),1,"/") -> 10/10 | V17: =IF(U17="10/10",U17,"MPT "&U17) -> 10/10 | W17: 10/10;10/10
A18: 11 | B18: =LEFT(H18,LEN(H18)-LEN(C18)) -> #VALUE! | C18: =RIGHT(H18,LEN(H18)-FIND("@",SUBSTITUTE(H18," ","@",LEN(H18)-LEN(SUBSTITUTE(H18," ",""))))) -> #VALUE! | D18: =TEXT(J18,"DD/MM/YYYY") -> 14/10/2013 | E18: =IF(TRIM(L18)="Nam","X","") | F18: =IF(TRIM(L18)="Nữ","X","") | I18: 14/10/2013 | J18: 41561 | K18: 41561 | M18: 45 | N18: =O18*100 -> 153 | O18: 1.53 | P18: 19.223376 | Q18: B.thường | R18: 110/60 | S18: 80 | T18: 10;10 | U18: =REPLACE(T18,FIND(";",T18),1,"/") -> 10/10 | V18: =IF(U18="10/10",U18,"MPT "&U18) -> 10/10 | W18: 10/10;10/10
A19: 12 | B19: =LEFT(H19,LEN(H19)-LEN(C19)) -> #VALUE! | C19: =RIGHT(H19,LEN(H19)-FIND("@",SUBSTITUTE(H19," ","@",LEN(H19)-LEN(SUBSTITUTE(H19," ",""))))) -> #VALUE! | D19: =TEXT(J19,"DD/MM/YYYY") -> 07/06/2013 | E19: =IF(TRIM(L19)="Nam","X","") | F19: =IF(TRIM(L19)="Nữ","X","") | I19: 07/06/2013 | J19: 07/06/2013 | K19: 07/06/2013 | M19: 47 | N19: =O19*100 -> 145 | O19: 1.45 | P19: 22.35434 | Q19: Thừa cân | R19: 110/70 | S19: 81 | T19: 10;10 | U19: =REPLACE(T19,FIND(";",T19),1,"/") -> 10/10 | V19: =IF(U19="10/10",U19,"MPT "&U19) -> 10/10 | W19: 10/10;10/10
A20: 13 | B20: =LEFT(H20,LEN(H20)-LEN(C20)) -> #VALUE! | C20: =RIGHT(H20,LEN(H20)-FIND("@",SUBSTITUTE(H20," ","@",LEN(H20)-LEN(SUBSTITUTE(H20," ",""))))) -> #VALUE! | D20: =TEXT(J20,"DD/MM/YYYY") -> 16/06/2013 | E20: =IF(TRIM(L20)="Nam","X","") | F20: =IF(TRIM(L20)="Nữ","X","") | I20: 16/06/2013 | J20: 41441 | K20: 16/06/2013 | M20: 41 | N20: =O20*100 -> 155 | O20: 1.55 | P20: 17.065557 | Q20: B.thường | R20: 120/70 | S20: 84 | T20: 10;10 | U20: =REPLACE(T20,FIND(";",T20),1,"/") -> 10/10 | V20: =IF(U20="10/10",U20,"MPT "&U20) -> 10/10 | W20: 10/10;10/10
A21: 14 | B21: =LEFT(H21,LEN(H21)-LEN(C21)) -> #VALUE! | C21: =RIGHT(H21,LEN(H21)-FIND("@",SUBSTITUTE(H21," ","@",LEN(H21)-LEN(SUBSTITUTE(H21," ",""))))) -> #VALUE! | D21: =TEXT(J21,"DD/MM/YYYY") -> 24/06/2013 | E21: =IF(TRIM(L21)="Nam","X","") | F21: =IF(TRIM(L21)="Nữ","X","") | I21: 24/06/2013 | J21: 24/06/2013 | K21: 24/06/2013 | M21: 35 | N21: =O21*100 -> 145 | O21: 1.45 | P21: 16.646849 | Q21: B.thường | R21: 110/70 | S21: 86 | T21: 10;10 | U21: =REPLACE(T21,FIND(";",T21),1,"/") -> 10/10 | V21: =IF(U21="10/10",U21,"MPT "&U21) -> 10/10 | W21: 10/10;10/10
A22: 15 | B22: =LEFT(H22,LEN(H22)-LEN(C22)) -> #VALUE! | C22: =RIGHT(H22,LEN(H22)-FIND("@",SUBSTITUTE(H22," ","@",LEN(H22)-LEN(SUBSTITUTE(H22," ",""))))) -> #VALUE! | D22: =TEXT(J22,"DD/MM/YYYY") -> 11/03/2013 | E22: =IF(TRIM(L22)="Nam","X","") | F22: =IF(TRIM(L22)="Nữ","X","") | I22: 11/03/2013 | J22: 11/03/2013 | K22: 11/03/2013 | M22: 46 | N22: =O22*100 -> 150 | O22: 1.5 | P22: 20.444444 | Q22: B.thường | R22: 120/70 | S22: 84 | T22: 10;10 | U22: =REPLACE(T22,FIND(";",T22),1,"/") -> 10/10 | V22: =IF(U22="10/10",U22,"MPT "&U22) -> 10/10 | W22: 10/10;10/10
A23: 16 | B23: =LEFT(H23,LEN(H23)-LEN(C23)) -> #VALUE! | C23: =RIGHT(H23,LEN(H23)-FIND("@",SUBSTITUTE(H23," ","@",LEN(H23)-LEN(SUBSTITUTE(H23," ",""))))) -> #VALUE! | D23: =TEXT(J23,"DD/MM/YYYY") -> 11/05/2013 | E23: =IF(TRIM(L23)="Nam","X","") | F23: =IF(TRIM(L23)="Nữ","X","") | I23: 11/05/2013 | J23: 11/05/2013 | K23: 11/05/2013 | M23: 67 | N23: =O23*100 -> 160 | O23: 1.6 | P23: 26.171875 | Q23: Béo | R23: 120/70 | S23: 83 | T23: 5;6 | U23: =REPLACE(T23,FIND(";",T23),1,"/") -> 5/6 | V23: =IF(U23="10/10",U23,"MPT "&U23) -> MPT 5/6 | W23: 5/10;6/10
A24: 17 | B24: =LEFT(H24,LEN(H24)-LEN(C24)) -> #VALUE! | C24: =RIGHT(H24,LEN(H24)-FIND("@",SUBSTITUTE(H24," ","@",LEN(H24)-LEN(SUBSTITUTE(H24," ",""))))) -> #VALUE! | D24: =TEXT(J24,"DD/MM/YYYY") -> 01/11/2013 | E24: =IF(TRIM(L24)="Nam","X","") | F24: =IF(TRIM(L24)="Nữ","X","") | I24: 01/11/2013 | J24: 01/11/2013 | K24: 01/11/2013 | M24: 28 | N24: =O24*100 -> 143 | O24: 1.43 | P24: 13.692601 | Q24: Gầy | R24: 110/70 | S24: 86 | T24: 10;10 | U24: =REPLACE(T24,FIND(";",T24),1,"/") -> 10/10 | V24: =IF(U24="10/10",U24,"MPT "&U24) -> 10/10 | W24: 10/10;10/10
A25: 18 | B25: =LEFT(H25,LEN(H25)-LEN(C25)) -> #VALUE! | C25: =RIGHT(H25,LEN(H25)-FIND("@",SUBSTITUTE(H25," ","@",LEN(H25)-LEN(SUBSTITUTE(H25," ",""))))) -> #VALUE! | D25: =TEXT(J25,"DD/MM/YYYY") -> 28/01/2013 | E25: =IF(TRIM(L25)="Nam","X","") | F25: =IF(TRIM(L25)="Nữ","X","") | I25: 28/01/2013 | J25: 28/01/2013 | K25: 28/01/2013 | M25: 30 | N25: =O25*100 -> 143 | O25: 1.43 | P25: 14.670644 | Q25: Gầy | R25: 110/70 | S25: 85 | T25: 10;10 | U25: =REPLACE(T25,FIND(";",T25),1,"/") -> 10/10 | V25: =IF(U25="10/10",U25,"MPT "&U25) -> 10/10 | W25: 10/10;10/10
A26: 19 | B26: =LEFT(H26,LEN(H26)-LEN(C26)) -> #VALUE! | C26: =RIGHT(H26,LEN(H26)-FIND("@",SUBSTITUTE(H26," ","@",LEN(H26)-LEN(SUBSTITUTE(H26," ",""))))) -> #VALUE! | D26: =TEXT(J26,"DD/MM/YYYY") -> 01/07/2013 | E26: =IF(TRIM(L26)="Nam","X","") | F26: =IF(TRIM(L26)="Nữ","X","") | I26: 01/07/2013 | J26: 01/07/2013 | K26: 01/07/2013 | M26: 65 | N26: =O26*100 -> 157 | O26: 1.57 | P26: 26.370238 | Q26: Béo | R26: 110/70 | S26: 83 | T26: 10;10 | U26: =REPLACE(T26,FIND(";",T26),1,"/") -> 10/10 | V26: =IF(U26="10/10",U26,"MPT "&U26) -> 10/10 | W26: 10/10;10/10
A27: 20 | B27: =LEFT(H27,LEN(H27)-LEN(C27)) -> #VALUE! | C27: =RIGHT(H27,LEN(H27)-FIND("@",SUBSTITUTE(H27," ","@",LEN(H27)-LEN(SUBSTITUTE(H27," ",""))))) -> #VALUE! | D27: =TEXT(J27,"DD/MM/YYYY") -> 13/07/2013 | E27: =IF(TRIM(L27)="Nam","X","") | F27: =IF(TRIM(L27)="Nữ","X","") | I27: 13/07/2013 | J27: 13/07/2013 | K27: 13/07/2013 | M27: 45 | N27: =O27*100 -> 152 | O27: 1.52 | P27: 19.477147 | Q27: B.thường | R27: 110/70 | S27: 81 | T27: 10;10 | U27: =REPLACE(T27,FIND(";",T27),1,"/") -> 10/10 | V27: =IF(U27="10/10",U27,"MPT "&U27) -> 10/10 | W27: 10/10;10/10
A28: 21 | B28: =LEFT(H28,LEN(H28)-LEN(C28)) -> #VALUE! | C28: =RIGHT(H28,LEN(H28)-FIND("@",SUBSTITUTE(H28," ","@",LEN(H28)-LEN(SUBSTITUTE(H28," ",""))))) -> #VALUE! | D28: =TEXT(J28,"DD/MM/YYYY") -> 01/07/2013 | E28: =IF(TRIM(L28)="Nam","X","") | F28: =IF(TRIM(L28)="Nữ","X","") | I28: 01/07/2013 | J28: 01/07/2013 | K28: 01/07/2013 | N28: =O28*100 -> 0 | P28: 0 | Q28: B.thường | R28: 110/70 | S28: 76 | T28: 10;10 | U28: =REPLACE(T28,FIND(";",T28),1,"/") -> 10/10 | V28: =IF(U28="10/10",U28,"MPT "&U28) -> 10/10 | W28: 10/10;10/10
A29: 22 | B29: =LEFT(H29,LEN(H29)-LEN(C29)) -> #VALUE! | C29: =RIGHT(H29,LEN(H29)-FIND("@",SUBSTITUTE(H29," ","@",LEN(H29)-LEN(SUBSTITUTE(H29," ",""))))) -> #VALUE! | D29: =TEXT(J29,"DD/MM/YYYY") -> 15/11/2013 | E29: =IF(TRIM(L29)="Nam","X","") | F29: =IF(TRIM(L29)="Nữ","X","") | I29: 15/11/2013 | J29: 15/11/2013 | K29: 15/11/2013 | M29: 32 | N29: =O29*100 -> 145 | O29: 1.45 | P29: 15.219976 | Q29: B.thường | R29: 110/60 | S29: 80 | T29: 10;10 | U29: =REPLACE(T29,FIND(";",T29),1,"/") -> 10/10 | V29: =IF(U29="10/10",U29,"MPT "&U29) -> 10/10 | W29: 10/10;10/10
A30: 23 | B30: =LEFT(H30,LEN(H30)-LEN(C30)) -> #VALUE! | C30: =RIGHT(H30,LEN(H30)-FIND("@",SUBSTITUTE(H30," ","@",LEN(H30)-LEN(SUBSTITUTE(H30," ",""))))) -> #VALUE! | D30: =TEXT(J30,"DD/MM/YYYY") -> 25/06/2013 | E30: =IF(TRIM(L30)="Nam","X","") | F30: =IF(TRIM(L30)="Nữ","X","") | I30: 25/06/2013 | J30: 25/06/2013 | K30: 25/06/2013 | M30: 56 | N30: =O30*100 -> 150 | O30: 1.5 | P30: 24.888889 | Q30: Béo | R30: 120/70 | S30: 82 | T30: 10;10 | U30: =REPLACE(T30,FIND(";",T30),1,"/") -> 10/10 | V30: =IF(U30="10/10",U30,"MPT "&U30) -> 10/10 | W30: 10/10;10/10
A31: 24 | B31: =LEFT(H31,LEN(H31)-LEN(C31)) -> #VALUE! | C31: =RIGHT(H31,LEN(H31)-FIND("@",SUBSTITUTE(H31," ","@",LEN(H31)-LEN(SUBSTITUTE(H31," ",""))))) -> #VALUE! | D31: =TEXT(J31,"DD/MM/YYYY") -> 02/01/2013 | E31: =IF(TRIM(L31)="Nam","X","") | F31: =IF(TRIM(L31)="Nữ","X","") | I31: 02/01/2013 | J31: 02/01/2013 | K31: 02/01/2013 | M31: 45 | N31: =O31*100 -> 148 | O31: 1.48 | P31: 20.544193 | Q31: B.thường | R31: 100/60 | S31: 85 | T31: 10;10 | U31: =REPLACE(T31,FIND(";",T31),1,"/") -> 10/10 | V31: =IF(U31="10/10",U31,"MPT "&U31) -> 10/10 | W31: 10/10;10/10
A32: 25 | B32: =LEFT(H32,LEN(H32)-LEN(C32)) -> #VALUE! | C32: =RIGHT(H32,LEN(H32)-FIND("@",SUBSTITUTE(H32," ","@",LEN(H32)-LEN(SUBSTITUTE(H32," ",""))))) -> #VALUE! | D32: =TEXT(J32,"DD/MM/YYYY") -> 13/09/2013 | E32: =IF(TRIM(L32)="Nam","X","") | F32: =IF(TRIM(L32)="Nữ","X","") | I32: 13/09/2013 | J32: 13/09/2013 | K32: 13/09/2013 | M32: 30 | N32: =O32*100 -> 145 | O32: 1.45 | P32: 14.268728 | Q32: Gầy | R32: 110/60 | S32: 82 | T32: 8;8 | U32: =REPLACE(T32,FIND(";",T32),1,"/") -> 8/8 | V32: =IF(U32="10/10",U32,"MPT "&U32) -> MPT 8/8 | W32: 8/10;8/10
A33: 26 | B33: =LEFT(H33,LEN(H33)-LEN(C33)) -> #VALUE! | C33: =RIGHT(H33,LEN(H33)-FIND("@",SUBSTITUTE(H33," ","@",LEN(H33)-LEN(SUBSTITUTE(H33," ",""))))) -> #VALUE! | D33: =TEXT(J33,"DD/MM/YYYY") -> 18/02/2013 | E33: =IF(TRIM(L33)="Nam","X","") | F33: =IF(TRIM(L33)="Nữ","X","") | I33: 18/02/2013 | J33: 18/02/2013 | K33: 18/02/2013 | M33: 29 | N33: =O33*100 -> 140 | O33: 1.4 | P33: 14.795918 | Q33: B.thường | R33: 110/70 | S33: 80 | T33: 10;10 | U33: =REPLACE(T33,FIND(";",T33),1,"/") -> 10/10 | V33: =IF(U33="10/10",U33,"MPT "&U33) -> 10/10 | W33: 10/10;10/10
A34: 27 | B34: =LEFT(H34,LEN(H34)-LEN(C34)) -> #VALUE! | C34: =RIGHT(H34,LEN(H34)-FIND("@",SUBSTITUTE(H34," ","@",LEN(H34)-LEN(SUBSTITUTE(H34," ",""))))) -> #VALUE! | D34: =TEXT(J34,"DD/MM/YYYY") -> 26/10/2013 | E34: =IF(TRIM(L34)="Nam","X","") | F34: =IF(TRIM(L34)="Nữ","X","") | I34: 26/10/2013 | J34: 26/10/2013 | K34: 26/10/2013 | M34: 30 | N34: =O34*100 -> 143 | O34: 1.43 | P34: 14.670644 | Q34: B.thường | R34: 120/70 | S34: 68 | T34: 10;10 | U34: =REPLACE(T34,FIND(";",T34),1,"/") -> 10/10 | V34: =IF(U34="10/10",U34,"MPT "&U34) -> 10/10 | W34: 10/10;10/10
A35: 28 | B35: =LEFT(H35,LEN(H35)-LEN(C35)) -> #VALUE! | C35: =RIGHT(H35,LEN(H35)-FIND("@",SUBSTITUTE(H35," ","@",LEN(H35)-LEN(SUBSTITUTE(H35," ",""))))) -> #VALUE! | D35: =TEXT(J35,"DD/MM/YYYY") -> 26/10/2013 | E35: =IF(TRIM(L35)="Nam","X","") | F35: =IF(TRIM(L35)="Nữ","X","") | I35: 26/10/2013 | J35: 26/10/2013 | K35: 26/10/2013 | M35: 42 | N35: =O35*100 -> 155 | O35: 1.55 | P35: 17.48179 | Q35: B.thường | R35: 100/60 | S35: 72 | T35: 10;10 | U35: =REPLACE(T35,FIND(";",T35),1,"/") -> 10/10 | V35: =IF(U35="10/10",U35,"MPT "&U35) -> 10/10 | W35: 10/10;10/10
A36: 29 | B36: =LEFT(H36,LEN(H36)-LEN(C36)) -> #VALUE! | C36: =RIGHT(H36,LEN(H36)-FIND("@",SUBSTITUTE(H36," ","@",LEN(H36)-LEN(SUBSTITUTE(H36," ",""))))) -> #VALUE! | D36: =TEXT(J36,"DD/MM/YYYY") -> 04/05/2013 | E36: =IF(TRIM(L36)="Nam","X","") | F36: =IF(TRIM(L36)="Nữ","X","") | I36: 04/05/2013 | J36: 04/05/2013 | K36: 04/05/2013 | M36: 38 | N36: =O36*100 -> 140 | O36: 1.4 | P36: 19.387755 | Q36: B.thường | R36: 100/60 | S36: 79 | T36: 7;5 | U36: =REPLACE(T36,FIND(";",T36),1,"/") -> 7/5 | V36: =IF(U36="10/10",U36,"MPT "&U36) -> MPT 7/5 | W36: 7/10;5/10
A37: 30 | B37: =LEFT(H37,LEN(H37)-LEN(C37)) -> #VALUE! | C37: =RIGHT(H37,LEN(H37)-FIND("@",SUBSTITUTE(H37," ","@",LEN(H37)-LEN(SUBSTITUTE(H37," ",""))))) -> #VALUE! | D37: =TEXT(J37,"DD/MM/YYYY") -> 13/12/2013 | E37: =IF(TRIM(L37)="Nam","X","") | F37: =IF(TRIM(L37)="Nữ","X","") | I37: 13/12/2013 | J37: 13/12/2013 | K37: 13/12/2013 | M37: 37 | N37: =O37*100 -> 157 | O37: 1.57 | P37: 15.010751 | Q37: B.thường | R37: 110/70 | S37: 82 | T37: 8;8 | U37: =REPLACE(T37,FIND(";",T37),1,"/") -> 8/8 | V37: =IF(U37="10/10",U37,"MPT "&U37) -> MPT 8/8 | W37: 8/10;8/10
A38: 31 | B38: =LEFT(H38,LEN(H38)-LEN(C38)) -> #VALUE! | C38: =RIGHT(H38,LEN(H38)-FIND("@",SUBSTITUTE(H38," ","@",LEN(H38)-LEN(SUBSTITUTE(H38," ",""))))) -> #VALUE! | D38: =TEXT(J38,"DD/MM/YYYY") -> 05/07/2013 | E38: =IF(TRIM(L38)="Nam","X","") | F38: =IF(TRIM(L38)="Nữ","X","") | I38: 05/07/2013 | J38: 05/07/2013 | K38: 05/07/2013 | M38: 29 | N38: =O38*100 -> 130 | O38: 1.3 | P38: 17.159763 | Q38: B.thường | R38: 110/70 | S38: 84 | T38: 7;7 | U38: =REPLACE(T38,FIND(";",T38),1,"/") -> 7/7 | V38: =IF(U38="10/10",U38,"MPT "&U38) -> MPT 7/7 | W38: 7/10;7/10
A39: 32 | B39: =LEFT(H39,LEN(H39)-LEN(C39)) -> #VALUE! | C39: =RIGHT(H39,LEN(H39)-FIND("@",SUBSTITUTE(H39," ","@",LEN(H39)-LEN(SUBSTITUTE(H39," ",""))))) -> #VALUE! | D39: =TEXT(J39,"DD/MM/YYYY") -> 02/10/2013 | E39: =IF(TRIM(L39)="Nam","X","") | F39: =IF(TRIM(L39)="Nữ","X","") | I39: 02/10/2013 | J39: 02/10/2013 | K39: 02/10/2013 | M39: 62 | N39: =O39*100 -> 145 | O39: 1.45 | P39: 29.488704 | Q39: Béo | R39: 110/60 | S39: 78 | T39: 10;10 | U39: =REPLACE(T39,FIND(";",T39),1,"/") -> 10/10 | V39: =IF(U39="10/10",U39,"MPT "&U39) -> 10/10 | W39: 10/10;10/10
A40: 33 | B40: =LEFT(H40,LEN(H40)-LEN(C40)) -> #VALUE! | C40: =RIGHT(H40,LEN(H40)-FIND("@",SUBSTITUTE(H40," ","@",LEN(H40)-LEN(SUBSTITUTE(H40," ",""))))) -> #VALUE! | D40: =TEXT(J40,"DD/MM/YYYY") -> 12/11/2009 | E40: =IF(TRIM(L40)="Nam","X","") | F40: =IF(TRIM(L40)="Nữ","X","") | I40: 12/11/2009 | J40: 12/11/2009 | K40: 12/11/2009 | M40: 36 | N40: =O40*100 -> 150 | O40: 1.5 | P40: 16 | Q40: B.thường | R40: 110/70 | S40: 78 | T40: 10;10 | U40: =REPLACE(T40,FIND(";",T40),1,"/") -> 10/10 | V40: =IF(U40="10/10",U40,"MPT "&U40) -> 10/10 | W40: 10/10;10/10
... A46: 39 | B46: =LEFT(H46,LEN(H46)-LEN(C46)) -> #VALUE! | C46: =RIGHT(H46,LEN(H46)-FIND("@",SUBSTITUTE(H46," ","@",LEN(H46)-LEN(SUBSTITUTE(H46," ",""))))) -> #VALUE! | D46: =TEXT(J46,"DD/MM/YYYY") -> 27/11/2013 | E46: =IF(TRIM(L46)="Nam","X","") | F46: =IF(TRIM(L46)="Nữ","X","") | I46: 27/11/2013 | J46: 27/11/2013 | K46: 27/11/2013 | M46: 34 | N46: =O46*100 -> 143 | O46: 1.43 | P46: 16.62673 | Q46: B.thường | R46: 100/60 | S46: 80 | T46: 10;10 | U46: =REPLACE(T46,FIND(";",T46),1,"/") -> 10/10 | V46: =IF(U46="10/10",U46,"MPT "&U46) -> 10/10 | W46: 10/10;10/10
A47: 40 | B47: =LEFT(H47,LEN(H47)-LEN(C47)) -> #VALUE! | C47: =RIGHT(H47,LEN(H47)-FIND("@",SUBSTITUTE(H47," ","@",LEN(H47)-LEN(SUBSTITUTE(H47," ",""))))) -> #VALUE! | D47: =TEXT(J47,"DD/MM/YYYY") -> 01/04/2013 | F47: =IF(TRIM(L47)="Nữ","X","") | I47: 01/04/2013 | J47: 01/04/2013 | K47: 01/04/2013 | M47: 48 | N47: =O47*100 -> 153 | O47: 1.53 | P47: 20.504934 | Q47: B.thường | R47: 100/60 | S47: 79 | T47: 10;10 | U47: =REPLACE(T47,FIND(";",T47),1,"/") -> 10/10 | V47: =IF(U47="10/10",U47,"MPT "&U47) -> 10/10 | W47: 10/10;10/10
A48: 41 | B48: =LEFT(H48,LEN(H48)-LEN(C48)) -> #VALUE! | C48: =RIGHT(H48,LEN(H48)-FIND("@",SUBSTITUTE(H48," ","@",LEN(H48)-LEN(SUBSTITUTE(H48," ",""))))) -> #VALUE! | D48: =TEXT(J48,"DD/MM/YYYY") -> 12/02/2013 | E48: =IF(TRIM(L48)="Nam","X","") | F48: =IF(TRIM(L48)="Nữ","X","") | I48: 12/02/2013 | J48: 12/02/2013 | K48: 12/02/2013 | M48: 40 | N48: =O48*100 -> 135 | O48: 1.35 | P48: 21.947874 | Q48: B.thường | R48: 120/70 | S48: 82 | T48: 10;10 | U48: =REPLACE(T48,FIND(";",T48),1,"/") -> 10/10 | V48: =IF(U48="10/10",U48,"MPT "&U48) -> 10/10 | W48: 10/10;10/10
A49: 42 | B49: =LEFT(H49,LEN(H49)-LEN(C49)) -> #VALUE! | C49: =RIGHT(H49,LEN(H49)-FIND("@",SUBSTITUTE(H49," ","@",LEN(H49)-LEN(SUBSTITUTE(H49," ",""))))) -> #VALUE! | D49: =TEXT(J49,"DD/MM/YYYY") -> 26/05/2013 | E49: =IF(TRIM(L49)="Nam","X","") | F49: =IF(TRIM(L49)="Nữ","X","") | I49: 26/05/2013 | J49: 26/05/2013 | K49: 26/05/2013 | M49: 46 | N49: =O49*100 -> 152 | O49: 1.52 | P49: 19.909972 | Q49: B.thường | R49: 110/60 | S49: 81 | T49: 9;8 | U49: =REPLACE(T49,FIND(";",T49),1,"/") -> 9/8 | V49: =IF(U49="10/10",U49,"MPT "&U49) -> MPT 9/8 | W49: 9/10;8/10
A50: 43 | B50: =LEFT(H50,LEN(H50)-LEN(C50)) -> #VALUE! | C50: =RIGHT(H50,LEN(H50)-FIND("@",SUBSTITUTE(H50," ","@",LEN(H50)-LEN(SUBSTITUTE(H50," ",""))))) -> #VALUE! | D50: =TEXT(J50,"DD/MM/YYYY") -> 19/12/2013 | E50: =IF(TRIM(L50)="Nam","X","") | F50: =IF(TRIM(L50)="Nữ","X","") | I50: 19/12/2013 | J50: 19/12/2013 | K50: 19/12/2013 | M50: 46 | N50: =O50*100 -> 151 | O50: 1.51 | P50: 20.174554 | Q50: B.thường | R50: 110/70 | S50: 83 | T50: 10;10 | U50: =REPLACE(T50,FIND(";",T50),1,"/") -> 10/10 | V50: =IF(U50="10/10",U50,"MPT "&U50) -> 10/10 | W50: 10/10;10/10
A51: 44 | B51: =LEFT(H51,LEN(H51)-LEN(C51)) -> #VALUE! | C51: =RIGHT(H51,LEN(H51)-FIND("@",SUBSTITUTE(H51," ","@",LEN(H51)-LEN(SUBSTITUTE(H51," ",""))))) -> #VALUE! | D51: =TEXT(J51,"DD/MM/YYYY") -> 25/07/2013 | E51: =IF(TRIM(L51)="Nam","X","") | F51: =IF(TRIM(L51)="Nữ","X","") | I51: 25/07/2013 | J51: 25/07/2013 | K51: 25/07/2013 | M51: 40 | N51: =O51*100 -> 142 | O51: 1.42 | P51: 19.837334 | Q51: B.thường | R51: 100/60 | S51: 84 | T51: 10;10 | U51: =REPLACE(T51,FIND(";",T51),1,"/") -> 10/10 | V51: =IF(U51="10/10",U51,"MPT "&U51) -> 10/10 | W51: 10/10;10/10
A52: 45 | B52: =LEFT(H52,LEN(H52)-LEN(C52)) -> #VALUE! | C52: =RIGHT(H52,LEN(H52)-FIND("@",SUBSTITUTE(H52," ","@",LEN(H52)-LEN(SUBSTITUTE(H52," ",""))))) -> #VALUE! | D52: =TEXT(J52,"DD/MM/YYYY") -> 27/12/2013 | E52: =IF(TRIM(L52)="Nam","X","") | F52: =IF(TRIM(L52)="Nữ","X","") | I52: 27/12/2013 | J52: 27/12/2013 | K52: 27/12/2013 | M52: 56 | N52: =O52*100 -> 153 | O52: 1.53 | P52: 23.922423 | Q52: Thừa cân | R52: 100/60 | S52: 81 | T52: 10;10 | U52: =REPLACE(T52,FIND(";",T52),1,"/") -> 10/10 | V52: =IF(U52="10/10",U52,"MPT "&U52) -> 10/10 | W52: 10/10;10/10
A53: 46 | B53: =LEFT(H53,LEN(H53)-LEN(C53)) -> #VALUE! | C53: =RIGHT(H53,LEN(H53)-FIND("@",SUBSTITUTE(H53," ","@",LEN(H53)-LEN(SUBSTITUTE(H53," ",""))))) -> #VALUE! | D53: =TEXT(J53,"DD/MM/YYYY") -> 17/11/2013 | E53: =IF(TRIM(L53)="Nam","X","") | F53: =IF(TRIM(L53)="Nữ","X","") | I53: 17/11/2013 | J53: 17/11/2013 | K53: 17/11/2013 | M53: 33 | N53: =O53*100 -> 146 | O53: 1.46 | P53: 15.481329 | Q53: B.thường | R53: 110/60 | S53: 79 | T53: 10;10 | U53: =REPLACE(T53,FIND(";",T53),1,"/") -> 10/10 | V53: =IF(U53="10/10",U53,"MPT "&U53) -> 10/10 | W53: 10/10;10/10
A54: 47 | B54: =LEFT(H54,LEN(H54)-LEN(C54)) -> #VALUE! | C54: =RIGHT(H54,LEN(H54)-FIND("@",SUBSTITUTE(H54," ","@",LEN(H54)-LEN(SUBSTITUTE(H54," ",""))))) -> #VALUE! | D54: =TEXT(J54,"DD/MM/YYYY") -> 13/10/2013 | E54: =IF(TRIM(L54)="Nam","X","") | F54: =IF(TRIM(L54)="Nữ","X","") | I54: 13/10/2013 | J54: 13/10/2013 | K54: 13/10/2013 | M54: 25 | N54: =O54*100 -> 142 | O54: 1.42 | P54: 12.398334 | Q54: Gầy | R54: 110/60 | S54: 85 | T54: 10;10 | U54: =REPLACE(T54,FIND(";",T54),1,"/") -> 10/10 | V54: =IF(U54="10/10",U54,"MPT "&U54) -> 10/10 | W54: 10/10;10/10
A55: 48 | B55: =LEFT(H55,LEN(H55)-LEN(C55)) -> #VALUE! | C55: =RIGHT(H55,LEN(H55)-FIND("@",SUBSTITUTE(H55," ","@",LEN(H55)-LEN(SUBSTITUTE(H55," ",""))))) -> #VALUE! | D55: =TEXT(J55,"DD/MM/YYYY") -> 15/07/2013 | E55: =IF(TRIM(L55)="Nam","X","") | F55: =IF(TRIM(L55)="Nữ","X","") | I55: 15/07/2013 | J55: 15/07/2013 | K55: 15/07/2013 | M55: 40 | N55: =O55*100 -> 151 | O55: 1.51 | P55: 17.54309 | Q55: B.thường | R55: 110/60 | S55: 79 | T55: 8;7 | U55: =REPLACE(T55,FIND(";",T55),1,"/") -> 8/7 | V55: =IF(U55="10/10",U55,"MPT "&U55) -> MPT 8/7 | W55: 8/10;7/10
A56: 49 | B56: =LEFT(H56,LEN(H56)-LEN(C56)) -> #VALUE! | C56: =RIGHT(H56,LEN(H56)-FIND("@",SUBSTITUTE(H56," ","@",LEN(H56)-LEN(SUBSTITUTE(H56," ",""))))) -> #VALUE! | D56: =TEXT(J56,"DD/MM/YYYY") -> 22/02/2013 | E56: =IF(TRIM(L56)="Nam","X","") | F56: =IF(TRIM(L56)="Nữ","X","") | I56: 22/02/2013 | J56: 22/02/2013 | K56: 22/02/2013 | M56: 39 | N56: =O56*100 -> 150 | O56: 1.5 | P56: 17.333333 | Q56: B.thường | R56: 110/60 | S56: 78 | T56: 10;10 | U56: =REPLACE(T56,FIND(";",T56),1,"/") -> 10/10 | V56: =IF(U56="10/10",U56,"MPT "&U56) -> 10/10 | W56: 10/10;10/10
A57: 50 | B57: =LEFT(H57,LEN(H57)-LEN(C57)) -> #VALUE! | C57: =RIGHT(H57,LEN(H57)-FIND("@",SUBSTITUTE(H57," ","@",LEN(H57)-LEN(SUBSTITUTE(H57," ",""))))) -> #VALUE! | D57: =TEXT(J57,"DD/MM/YYYY") -> 19/09/2013 | E57: =IF(TRIM(L57)="Nam","X","") | F57: =IF(TRIM(L57)="Nữ","X","") | I57: 19/09/2013 | J57: 19/09/2013 | K57: 19/09/2013 | M57: 45 | N57: =O57*100 -> 149 | O57: 1.49 | P57: 20.269357 | Q57: B.thường | R57: 110/60 | S57: 83 | T57: 10;10 | U57: =REPLACE(T57,FIND(";",T57),1,"/") -> 10/10 | V57: =IF(U57="10/10",U57,"MPT "&U57) -> 10/10 | W57: 10/10;10/10
A58: 51 | B58: =LEFT(H58,LEN(H58)-LEN(C58)) -> #VALUE! | C58: =RIGHT(H58,LEN(H58)-FIND("@",SUBSTITUTE(H58," ","@",LEN(H58)-LEN(SUBSTITUTE(H58," ",""))))) -> #VALUE! | D58: =TEXT(J58,"DD/MM/YYYY") -> 08/11/2013 | E58: =IF(TRIM(L58)="Nam","X","") | F58: =IF(TRIM(L58)="Nữ","X","") | I58: 08/11/2013 | J58: 08/11/2013 | K58: 08/11/2013 | M58: 45 | N58: =O58*100 -> 150 | O58: 1.5 | P58: 20 | Q58: B.thường | R58: 100/60 | S58: 81 | T58: 10;10 | U58: =REPLACE(T58,FIND(";",T58),1,"/") -> 10/10 | V58: =IF(U58="10/10",U58,"MPT "&U58) -> 10/10 | W58: 10/10;10/10
A59: 52 | B59: =LEFT(H59,LEN(H59)-LEN(C59)) -> #VALUE! | C59: =RIGHT(H59,LEN(H59)-FIND("@",SUBSTITUTE(H59," ","@",LEN(H59)-LEN(SUBSTITUTE(H59," ",""))))) -> #VALUE! | D59: =TEXT(J59,"DD/MM/YYYY") -> 14/12/2013 | E59: =IF(TRIM(L59)="Nam","X","") | F59: =IF(TRIM(L59)="Nữ","X","") | I59: 14/12/2013 | J59: 14/12/2013 | K59: 14/12/2013 | M59: 45 | N59: =O59*100 -> 142 | O59: 1.42 | P59: 22.317001 | Q59: B.thường | R59: 120/70 | S59: 79 | T59: 10;10 | U59: =REPLACE(T59,FIND(";",T59),1,"/") -> 10/10 | V59: =IF(U59="10/10",U59,"MPT "&U59) -> 10/10 | W59: 10/10;10/10
... A554: 547 | B554: =LEFT(H554,LEN(H554)-LEN(C554)) -> #VALUE! | C554: =RIGHT(H554,LEN(H554)-FIND("@",SUBSTITUTE(H554," ","@",LEN(H554)-LEN(SUBSTITUTE(H554," ",""))))) -> #VALUE! | D554: =TEXT(J554,"DD/MM/YYYY") -> 20/08/2013 | E554: =IF(TRIM(L554)="Nam","X","") | F554: =IF(TRIM(L554)="Nữ","X","") | I554: 20/08/2013 | J554: 20/08/2013 | K554: 20/08/2013 | M554: 46 | N554: =O554*100 -> 162 | O554: 1.62 | P554: 17.527816 | Q554: B.thường | R554: 110/70 | S554: 79 | T554: 10;10 | U554: =REPLACE(T554,FIND(";",T554),1,"/") -> 10/10 | V554: =IF(U554="10/10",U554,"MPT "&U554) -> 10/10 | W554: 10/10;10/10
A555: 548 | B555: =LEFT(H555,LEN(H555)-LEN(C555)) -> #VALUE! | C555: =RIGHT(H555,LEN(H555)-FIND("@",SUBSTITUTE(H555," ","@",LEN(H555)-LEN(SUBSTITUTE(H555," ",""))))) -> #VALUE! | D555: =TEXT(J555,"DD/MM/YYYY") -> 31/05/2013 | E555: =IF(TRIM(L555)="Nam","X","") | F555: =IF(TRIM(L555)="Nữ","X","") | I555: 31/05/2013 | J555: 31/05/2013 | K555: 31/05/2013 | M555: 57 | N555: =O555*100 -> 162 | O555: 1.62 | P555: =M555/(O555*O555) -> 21.71925 | Q555: B.thường | R555: 110/70 | S555: 80 | T555: 10;10 | U555: =REPLACE(T555,FIND(";",T555),1,"/") -> 10/10 | V555: =IF(U555="10/10",U555,"MPT "&U555) -> 10/10 | W555: 10/10;10/10
A556: 549 | B556: =LEFT(H556,LEN(H556)-LEN(C556)) -> #VALUE! | C556: =RIGHT(H556,LEN(H556)-FIND("@",SUBSTITUTE(H556," ","@",LEN(H556)-LEN(SUBSTITUTE(H556," ",""))))) -> #VALUE! | D556: =TEXT(J556,"DD/MM/YYYY") -> 22/11/2013 | E556: =IF(TRIM(L556)="Nam","X","") | F556: =IF(TRIM(L556)="Nữ","X","") | I556: 22/11/2013 | J556: 22/11/2013 | K556: 22/11/2013 | M556: 47 | N556: =O556*100 -> 152 | O556: 1.52 | P556: =M556/(O556*O556) -> 20.342798 | Q556: B.thường | R556: 110/60 | S556: 81 | T556: 10;10 | U556: =REPLACE(T556,FIND(";",T556),1,"/") -> 10/10 | V556: =IF(U556="10/10",U556,"MPT "&U556) -> 10/10 | W556: 10/10;10/10
A557: 550 | B557: =LEFT(H557,LEN(H557)-LEN(C557)) -> #VALUE! | C557: =RIGHT(H557,LEN(H557)-FIND("@",SUBSTITUTE(H557," ","@",LEN(H557)-LEN(SUBSTITUTE(H557," ",""))))) -> #VALUE! | D557: =TEXT(J557,"DD/MM/YYYY") -> 11/08/2013 | E557: =IF(TRIM(L557)="Nam","X","") | F557: =IF(TRIM(L557)="Nữ","X","") | I557: 11/08/2013 | J557: 11/08/2013 | K557: 11/08/2013 | M557: 56 | N557: =O557*100 -> 152 | O557: 1.52 | P557: =M557/(O557*O557) -> 24.238227 | Q557: Thừa cân | R557: 100/60 | S557: 83 | T557: 10;10 | U557: =REPLACE(T557,FIND(";",T557),1,"/") -> 10/10 | V557: =IF(U557="10/10",U557,"MPT "&U557) -> 10/10 | W557: 10/10;10/10
A558: 551 | B558: =LEFT(H558,LEN(H558)-LEN(C558)) -> #VALUE! | C558: =RIGHT(H558,LEN(H558)-FIND("@",SUBSTITUTE(H558," ","@",LEN(H558)-LEN(SUBSTITUTE(H558," ",""))))) -> #VALUE! | D558: =TEXT(J558,"DD/MM/YYYY") -> 17/01/2013 | E558: =IF(TRIM(L558)="Nam","X","") | F558: =IF(TRIM(L558)="Nữ","X","") | I558: 17/01/2013 | J558: 17/01/2013 | K558: 17/01/2013 | M558: 56 | N558: =O558*100 -> 156 | O558: 1.56 | P558: =M558/(O558*O558) -> 23.011177 | Q558: B.thường | R558: 100/60 | S558: 84 | T558: 10;10 | U558: =REPLACE(T558,FIND(";",T558),1,"/") -> 10/10 | V558: =IF(U558="10/10",U558,"MPT "&U558) -> 10/10 | W558: 10/10;10/10
A559: 552 | B559: =LEFT(H559,LEN(H559)-LEN(C559)) -> #VALUE! | C559: =RIGHT(H559,LEN(H559)-FIND("@",SUBSTITUTE(H559," ","@",LEN(H559)-LEN(SUBSTITUTE(H559," ",""))))) -> #VALUE! | D559: =TEXT(J559,"DD/MM/YYYY") -> 31/03/2013 | E559: =IF(TRIM(L559)="Nam","X","") | F559: =IF(TRIM(L559)="Nữ","X","") | I559: 31/03/2013 | J559: 31/03/2013 | K559: 31/03/2013 | M559: 45 | N559: =O559*100 -> 160 | O559: 1.6 | P559: =M559/(O559*O559) -> 17.578125 | Q559: B.thường | R559: 110/70 | S559: 85 | T559: 10;10 | U559: =REPLACE(T559,FIND(";",T559),1,"/") -> 10/10 | V559: =IF(U559="10/10",U559,"MPT "&U559) -> 10/10 | W559: 10/10;10/10
A560: 553 | B560: =LEFT(H560,LEN(H560)-LEN(C560)) -> #VALUE! | C560: =RIGHT(H560,LEN(H560)-FIND("@",SUBSTITUTE(H560," ","@",LEN(H560)-LEN(SUBSTITUTE(H560," ",""))))) -> #VALUE! | D560: =TEXT(J560,"DD/MM/YYYY") -> 17/12/2013 | E560: =IF(TRIM(L560)="Nam","X","") | F560: =IF(TRIM(L560)="Nữ","X","") | I560: 17/12/2013 | J560: 17/12/2013 | K560: 17/12/2013 | M560: 50 | N560: =O560*100 -> 152 | O560: 1.52 | P560: =M560/(O560*O560) -> 21.641274 | Q560: B.thường | R560: 110/60 | S560: 82 | T560: 10;6 | U560: =REPLACE(T560,FIND(";",T560),1,"/") -> 10/6 | V560: =IF(U560="10/10",U560,"MPT "&U560) -> MPT 10/6 | W560: 10/10;6/10
A561: 554 | B561: =LEFT(H561,LEN(H561)-LEN(C561)) -> #VALUE! | C561: =RIGHT(H561,LEN(H561)-FIND("@",SUBSTITUTE(H561," ","@",LEN(H561)-LEN(SUBSTITUTE(H561," ",""))))) -> #VALUE! | D561: =TEXT(J561,"DD/MM/YYYY") -> 17/12/2013 | E561: =IF(TRIM(L561)="Nam","X","") | F561: =IF(TRIM(L561)="Nữ","X","") | I561: 17/12/2013 | J561: 17/12/2013 | K561: 17/12/2013 | M561: 66 | N561: =O561*100 -> 164 | O561: 1.64 | P561: =M561/(O561*O561) -> 24.538965 | Q561: Thừa cân | R561: 110/70 | S561: 79 | T561: 10;10 | U561: =REPLACE(T561,FIND(";",T561),1,"/") -> 10/10 | V561: =IF(U561="10/10",U561,"MPT "&U561) -> 10/10 | W561: 10/10;10/10
A562: 555 | B562: =LEFT(H562,LEN(H562)-LEN(C562)) -> #VALUE! | C562: =RIGHT(H562,LEN(H562)-FIND("@",SUBSTITUTE(H562," ","@",LEN(H562)-LEN(SUBSTITUTE(H562," ",""))))) -> #VALUE! | D562: =TEXT(J562,"DD/MM/YYYY") -> 10/02/2013 | E562: =IF(TRIM(L562)="Nam","X","") | F562: =IF(TRIM(L562)="Nữ","X","") | I562: 10/02/2013 | J562: 10/02/2013 | K562: 10/02/2013 | M562: 43 | N562: =O562*100 -> 154 | O562: 1.54 | P562: =M562/(O562*O562) -> 18.131219 | Q562: B.thường | R562: 100/60 | S562: 83 | T562: 10;10 | U562: =REPLACE(T562,FIND(";",T562),1,"/") -> 10/10 | V562: =IF(U562="10/10",U562,"MPT "&U562) -> 10/10 | W562: 10/10;10/10
A563: 556 | B563: =LEFT(H563,LEN(H563)-LEN(C563)) -> #VALUE! | C563: =RIGHT(H563,LEN(H563)-FIND("@",SUBSTITUTE(H563," ","@",LEN(H563)-LEN(SUBSTITUTE(H563," ",""))))) -> #VALUE! | D563: =TEXT(J563,"DD/MM/YYYY") -> 26/02/2013 | E563: =IF(TRIM(L563)="Nam","X","") | F563: =IF(TRIM(L563)="Nữ","X","") | I563: 26/02/2013 | J563: 26/02/2013 | K563: 26/02/2013 | M563: 50 | N563: =O563*100 -> 157 | O563: 1.57 | P563: =M563/(O563*O563) -> 20.284799 | Q563: B.thường | R563: 100/60 | S563: 79 | T563: 10;9 | U563: =REPLACE(T563,FIND(";",T563),1,"/") -> 10/9 | V563: =IF(U563="10/10",U563,"MPT "&U563) -> MPT 10/9 | W563: 10/10;9/10
A564: 557 | B564: =LEFT(H564,LEN(H564)-LEN(C564)) -> #VALUE! | C564: =RIGHT(H564,LEN(H564)-FIND("@",SUBSTITUTE(H564," ","@",LEN(H564)-LEN(SUBSTITUTE(H564," ",""))))) -> #VALUE! | D564: =TEXT(J564,"DD/MM/YYYY") -> 27/01/2013 | E564: =IF(TRIM(L564)="Nam","X","") | F564: =IF(TRIM(L564)="Nữ","X","") | I564: 27/01/2013 | J564: 27/01/2013 | K564: 27/01/2013 | M564: 39 | N564: =O564*100 -> 152 | O564: 1.52 | P564: =M564/(O564*O564) -> 16.880194 | Q564: B.thường | R564: 100/60 | S564: 79 | T564: 10;10 | U564: =REPLACE(T564,FIND(";",T564),1,"/") -> 10/10 | V564: =IF(U564="10/10",U564,"MPT "&U564) -> 10/10 | W564: 10/10;10/10
A565: 558 | B565: =LEFT(H565,LEN(H565)-LEN(C565)) -> #VALUE! | C565: =RIGHT(H565,LEN(H565)-FIND("@",SUBSTITUTE(H565," ","@",LEN(H565)-LEN(SUBSTITUTE(H565," ",""))))) -> #VALUE! | D565: =TEXT(J565,"DD/MM/YYYY") -> 25/08/2013 | E565: =IF(TRIM(L565)="Nam","X","") | F565: =IF(TRIM(L565)="Nữ","X","") | I565: 25/08/2013 | J565: 25/08/2013 | K565: 25/08/2013 | M565: 59 | N565: =O565*100 -> 163 | O565: 1.63 | P565: =M565/(O565*O565) -> 22.206331 | Q565: B.thường | R565: 110/60 | S565: 84 | T565: 5;4 | U565: =REPLACE(T565,FIND(";",T565),1,"/") -> 5/4 | V565: =IF(U565="10/10",U565,"MPT "&U565) -> MPT 5/4 | W565: 5/10;4/10
A566: 559 | B566: =LEFT(H566,LEN(H566)-LEN(C566)) -> #VALUE! | C566: =RIGHT(H566,LEN(H566)-FIND("@",SUBSTITUTE(H566," ","@",LEN(H566)-LEN(SUBSTITUTE(H566," ",""))))) -> #VALUE! | D566: =TEXT(J566,"DD/MM/YYYY") -> 23/11/2012 | E566: =IF(TRIM(L566)="Nam","X","") | F566: =IF(TRIM(L566)="Nữ","X","") | I566: 23/11/2012 | J566: 23/11/2012 | K566: 23/11/2012 | M566: 43 | N566: =O566*100 -> 157 | O566: 1.57 | P566: =M566/(O566*O566) -> 17.444927 | Q566: B.thường | R566: 110/60 | S566: 82 | T566: 4;5 | U566: =REPLACE(T566,FIND(";",T566),1,"/") -> 4/5 | V566: =IF(U566="10/10",U566,"MPT "&U566) -> MPT 4/5 | W566: 4/10;5/10
... A586: 579 | B586: =LEFT(H586,LEN(H586)-LEN(C586)) -> #VALUE! | C586: =RIGHT(H586,LEN(H586)-FIND("@",SUBSTITUTE(H586," ","@",LEN(H586)-LEN(SUBSTITUTE(H586," ",""))))) -> #VALUE! | D586: =TEXT(J586,"DD/MM/YYYY") -> 20/08/2012 | E586: =IF(TRIM(L586)="Nam","X","") | F586: =IF(TRIM(L586)="Nữ","X","") | I586: 20/08/2012 | J586: 20/08/2012 | K586: 20/08/2012 | M586: 44 | N586: =O586*100 -> 159 | O586: 1.59 | P586: =M586/(O586*O586) -> 17.404375 | Q586: B.thường | R586: 100/60 | S586: 82 | T586: 10;10 | U586: =REPLACE(T586,FIND(";",T586),1,"/") -> 10/10 | V586: =IF(U586="10/10",U586,"MPT "&U586) -> 10/10 | W586: 10/10;10/10
A587: 580 | B587: =LEFT(H587,LEN(H587)-LEN(C587)) -> #VALUE! | C587: =RIGHT(H587,LEN(H587)-FIND("@",SUBSTITUTE(H587," ","@",LEN(H587)-LEN(SUBSTITUTE(H587," ",""))))) -> #VALUE! | D587: =TEXT(J587,"DD/MM/YYYY") -> 28/09/2012 | E587: =IF(TRIM(L587)="Nam","X","") | F587: =IF(TRIM(L587)="Nữ","X","") | I587: 28/09/2012 | J587: 28/09/2012 | K587: 28/09/2012
A588: 581 | B588: =LEFT(H588,LEN(H588)-LEN(C588)) -> #VALUE! | C588: =RIGHT(H588,LEN(H588)-FIND("@",SUBSTITUTE(H588," ","@",LEN(H588)-LEN(SUBSTITUTE(H588," ",""))))) -> #VALUE! | D588: =TEXT(J588,"DD/MM/YYYY") -> 03/02/2012 | E588: =IF(TRIM(L588)="Nam","X","") | F588: =IF(TRIM(L588)="Nữ","X","") | I588: 03/02/2012 | J588: 03/02/2012 | K588: 03/02/2012
A589: 582 | B589: =LEFT(H589,LEN(H589)-LEN(C589)) -> #VALUE! | C589: =RIGHT(H589,LEN(H589)-FIND("@",SUBSTITUTE(H589," ","@",LEN(H589)-LEN(SUBSTITUTE(H589," ",""))))) -> #VALUE! | D589: =TEXT(J589,"DD/MM/YYYY") -> 14/12/2012 | E589: =IF(TRIM(L589)="Nam","X","") | F589: =IF(TRIM(L589)="Nữ","X","") | I589: 14/12/2012 | J589: 14/12/2012 | K589: 14/12/2012
A590: 583 | B590: =LEFT(H590,LEN(H590)-LEN(C590)) -> #VALUE! | C590: =RIGHT(H590,LEN(H590)-FIND("@",SUBSTITUTE(H590," ","@",LEN(H590)-LEN(SUBSTITUTE(H590," ",""))))) -> #VALUE! | D590: =TEXT(J590,"DD/MM/YYYY") -> 03/03/2012 | E590: =IF(TRIM(L590)="Nam","X","") | F590: =IF(TRIM(L590)="Nữ","X","") | I590: 03/03/2012 | J590: 03/03/2012 | K590: 03/03/2012
A591: 584 | B591: =LEFT(H591,LEN(H591)-LEN(C591)) -> #VALUE! | C591: =RIGHT(H591,LEN(H591)-FIND("@",SUBSTITUTE(H591," ","@",LEN(H591)-LEN(SUBSTITUTE(H591," ",""))))) -> #VALUE! | D591: =TEXT(J591,"DD/MM/YYYY") -> 23/11/2012 | E591: =IF(TRIM(L591)="Nam","X","") | F591: =IF(TRIM(L591)="Nữ","X","") | I591: 23/11/2012 | J591: 23/11/2012 | K591: 23/11/2012
A592: 585 | B592: =LEFT(H592,LEN(H592)-LEN(C592)) -> #VALUE! | C592: =RIGHT(H592,LEN(H592)-FIND("@",SUBSTITUTE(H592," ","@",LEN(H592)-LEN(SUBSTITUTE(H592," ",""))))) -> #VALUE! | D592: =TEXT(J592,"DD/MM/YYYY") -> 11/04/2012 | E592: =IF(TRIM(L592)="Nam","X","") | F592: =IF(TRIM(L592)="Nữ","X","") | I592: 11/04/2012 | J592: 11/04/2012 | K592: 11/04/2012
A593: 586 | B593: =LEFT(H593,LEN(H593)-LEN(C593)) -> #VALUE! | C593: =RIGHT(H593,LEN(H593)-FIND("@",SUBSTITUTE(H593," ","@",LEN(H593)-LEN(SUBSTITUTE(H593," ",""))))) -> #VALUE! | D593: =TEXT(J593,"DD/MM/YYYY") -> 05/12/2012 | E593: =IF(TRIM(L593)="Nam","X","") | F593: =IF(TRIM(L593)="Nữ","X","") | I593: 05/12/2012 | J593: 05/12/2012 | K593: 05/12/2012
A594: 587 | B594: =LEFT(H594,LEN(H594)-LEN(C594)) -> #VALUE! | C594: =RIGHT(H594,LEN(H594)-FIND("@",SUBSTITUTE(H594," ","@",LEN(H594)-LEN(SUBSTITUTE(H594," ",""))))) -> #VALUE! | D594: =TEXT(J594,"DD/MM/YYYY") -> 20/06/2012 | E594: =IF(TRIM(L594)="Nam","X","") | F594: =IF(TRIM(L594)="Nữ","X","") | I594: 20/06/2012 | J594: 20/06/2012 | K594: 20/06/2012
A595: 588 | B595: =LEFT(H595,LEN(H595)-LEN(C595)) -> #VALUE! | C595: =RIGHT(H595,LEN(H595)-FIND("@",SUBSTITUTE(H595," ","@",LEN(H595)-LEN(SUBSTITUTE(H595," ",""))))) -> #VALUE! | D595: =TEXT(J595,"DD/MM/YYYY") -> 30/05/2012 | E595: =IF(TRIM(L595)="Nam","X","") | F595: =IF(TRIM(L595)="Nữ","X","") | I595: 30/05/2012 | J595: 30/05/2012 | K595: 30/05/2012
A596: 589 | B596: =LEFT(H596,LEN(H596)-LEN(C596)) -> #VALUE! | C596: =RIGHT(H596,LEN(H596)-FIND("@",SUBSTITUTE(H596," ","@",LEN(H596)-LEN(SUBSTITUTE(H596," ",""))))) -> #VALUE! | D596: =TEXT(J596,"DD/MM/YYYY") -> 13/03/2012 | E596: =IF(TRIM(L596)="Nam","X","") | F596: =IF(TRIM(L596)="Nữ","X","") | I596: 13/03/2012 | J596: 13/03/2012 | K596: 13/03/2012
A597: 590 | B597: =LEFT(H597,LEN(H597)-LEN(C597)) -> #VALUE! | C597: =RIGHT(H597,LEN(H597)-FIND("@",SUBSTITUTE(H597," ","@",LEN(H597)-LEN(SUBSTITUTE(H597," ",""))))) -> #VALUE! | D597: =TEXT(J597,"DD/MM/YYYY") -> 27/11/2012 | E597: =IF(TRIM(L597)="Nam","X","") | F597: =IF(TRIM(L597)="Nữ","X","") | I597: 27/11/2012 | J597: 27/11/2012 | K597: 27/11/2012
A598: 591 | B598: =LEFT(H598,LEN(H598)-LEN(C598)) -> #VALUE! | C598: =RIGHT(H598,LEN(H598)-FIND("@",SUBSTITUTE(H598," ","@",LEN(H598)-LEN(SUBSTITUTE(H598," ",""))))) -> #VALUE! | D598: =TEXT(J598,"DD/MM/YYYY") -> 30/12/2012 | E598: =IF(TRIM(L598)="Nam","X","") | F598: =IF(TRIM(L598)="Nữ","X","") | I598: 30/12/2012 | J598: 30/12/2012 | K598: 30/12/2012
... A1278: 1271 | B1278: =LEFT(H1278,LEN(H1278)-LEN(C1278)) -> #VALUE! | C1278: =RIGHT(H1278,LEN(H1278)-FIND("@",SUBSTITUTE(H1278," ","@",LEN(H1278)-LEN(SUBSTITUTE(H1278," ",""))))) -> #VALUE! | D1278: =TEXT(J1278,"DD/MM/YYYY") -> 06/05/2011 | E1278: =IF(TRIM(L1278)="Nam","X","") | F1278: =IF(TRIM(L1278)="Nữ","X","") | I1278: 06/05/2011 | J1278: 06/05/2011 | K1278: 06/05/2011
A1279: 1272 | B1279: =LEFT(H1279,LEN(H1279)-LEN(C1279)) -> #VALUE! | C1279: =RIGHT(H1279,LEN(H1279)-FIND("@",SUBSTITUTE(H1279," ","@",LEN(H1279)-LEN(SUBSTITUTE(H1279," ",""))))) -> #VALUE! | D1279: =TEXT(J1279,"DD/MM/YYYY") -> 23/03/2011 | E1279: =IF(TRIM(L1279)="Nam","X","") | F1279: =IF(TRIM(L1279)="Nữ","X","") | I1279: 23/03/2011 | J1279: 23/03/2011 | K1279: 23/03/2011 | M1279: 56 | O1279: 1.58 | R1279: 600/100 | S1279: 68
A1280: 1273 | B1280: =LEFT(H1280,LEN(H1280)-LEN(C1280)) -> #VALUE! | C1280: =RIGHT(H1280,LEN(H1280)-FIND("@",SUBSTITUTE(H1280," ","@",LEN(H1280)-LEN(SUBSTITUTE(H1280," ",""))))) -> #VALUE! | D1280: =TEXT(J1280,"DD/MM/YYYY") -> 29/08/2011 | E1280: =IF(TRIM(L1280)="Nam","X","") | F1280: =IF(TRIM(L1280)="Nữ","X","") | I1280: 29/08/2011 | J1280: 29/08/2011 | K1280: 29/08/2011
A1281: 1274 | B1281: =LEFT(H1281,LEN(H1281)-LEN(C1281)) -> #VALUE! | C1281: =RIGHT(H1281,LEN(H1281)-FIND("@",SUBSTITUTE(H1281," ","@",LEN(H1281)-LEN(SUBSTITUTE(H1281," ",""))))) -> #VALUE! | D1281: =TEXT(J1281,"DD/MM/YYYY") -> 07/10/2011 | E1281: =IF(TRIM(L1281)="Nam","X","") | F1281: =IF(TRIM(L1281)="Nữ","X","") | I1281: 07/10/2011 | J1281: 07/10/2011 | K1281: 07/10/2011
A1282: 1275 | B1282: =LEFT(H1282,LEN(H1282)-LEN(C1282)) -> #VALUE! | C1282: =RIGHT(H1282,LEN(H1282)-FIND("@",SUBSTITUTE(H1282," ","@",LEN(H1282)-LEN(SUBSTITUTE(H1282," ",""))))) -> #VALUE! | D1282: =TEXT(J1282,"DD/MM/YYYY") -> 28/12/2010 | E1282: =IF(TRIM(L1282)="Nam","X","") | F1282: =IF(TRIM(L1282)="Nữ","X","") | I1282: 28/12/2010 | J1282: 28/12/2010 | K1282: 28/12/2010
A1283: 1276 | B1283: =LEFT(H1283,LEN(H1283)-LEN(C1283)) -> #VALUE! | C1283: =RIGHT(H1283,LEN(H1283)-FIND("@",SUBSTITUTE(H1283," ","@",LEN(H1283)-LEN(SUBSTITUTE(H1283," ",""))))) -> #VALUE! | D1283: =TEXT(J1283,"DD/MM/YYYY") -> 10/05/2011 | E1283: =IF(TRIM(L1283)="Nam","X","") | F1283: =IF(TRIM(L1283)="Nữ","X","") | I1283: 10/05/2011 | J1283: 10/05/2011 | K1283: 10/05/2011
A1284: 1277 | B1284: =LEFT(H1284,LEN(H1284)-LEN(C1284)) -> #VALUE! | C1284: =RIGHT(H1284,LEN(H1284)-FIND("@",SUBSTITUTE(H1284," ","@",LEN(H1284)-LEN(SUBSTITUTE(H1284," ",""))))) -> #VALUE! | D1284: =TEXT(J1284,"DD/MM/YYYY") -> 18/07/2011 | E1284: =IF(TRIM(L1284)="Nam","X","") | F1284: =IF(TRIM(L1284)="Nữ","X","") | I1284: 18/07/2011 | J1284: 18/07/2011 | K1284: 18/07/2011
A1285: 1278 | B1285: =LEFT(H1285,LEN(H1285)-LEN(C1285)) -> #VALUE! | C1285: =RIGHT(H1285,LEN(H1285)-FIND("@",SUBSTITUTE(H1285," ","@",LEN(H1285)-LEN(SUBSTITUTE(H1285," ",""))))) -> #VALUE! | D1285: =TEXT(J1285,"DD/MM/YYYY") -> 28/10/2011 | E1285: =IF(TRIM(L1285)="Nam","X","") | F1285: =IF(TRIM(L1285)="Nữ","X","") | I1285: 28/10/2011 | J1285: 28/10/2011 | K1285: 28/10/2011
A1286: 1279 | B1286: =LEFT(H1286,LEN(H1286)-LEN(C1286)) -> #VALUE! | C1286: =RIGHT(H1286,LEN(H1286)-FIND("@",SUBSTITUTE(H1286," ","@",LEN(H1286)-LEN(SUBSTITUTE(H1286," ",""))))) -> #VALUE! | D1286: =TEXT(J1286,"DD/MM/YYYY") -> 24/05/2011 | E1286: =IF(TRIM(L1286)="Nam","X","") | F1286: =IF(TRIM(L1286)="Nữ","X","") | I1286: 24/05/2011 | J1286: 24/05/2011 | K1286: 24/05/2011
A1287: 1280 | B1287: =LEFT(H1287,LEN(H1287)-LEN(C1287)) -> #VALUE! | C1287: =RIGHT(H1287,LEN(H1287)-FIND("@",SUBSTITUTE(H1287," ","@",LEN(H1287)-LEN(SUBSTITUTE(H1287," ",""))))) -> #VALUE! | D1287: =TEXT(J1287,"DD/MM/YYYY") -> 05/06/2011 | E1287: =IF(TRIM(L1287)="Nam","X","") | F1287: =IF(TRIM(L1287)="Nữ","X","") | I1287: 05/06/2011 | J1287: 05/06/2011 | K1287: 05/06/2011
A1288: 1281 | B1288: =LEFT(H1288,LEN(H1288)-LEN(C1288)) -> #VALUE! | C1288: =RIGHT(H1288,LEN(H1288)-FIND("@",SUBSTITUTE(H1288," ","@",LEN(H1288)-LEN(SUBSTITUTE(H1288," ",""))))) -> #VALUE! | D1288: =TEXT(J1288,"DD/MM/YYYY") -> 20/07/2011 | E1288: =IF(TRIM(L1288)="Nam","X","") | F1288: =IF(TRIM(L1288)="Nữ","X","") | I1288: 20/07/2011 | J1288: 20/07/2011 | K1288: 20/07/2011
A1289: 1282 | B1289: =LEFT(H1289,LEN(H1289)-LEN(C1289)) -> #VALUE! | C1289: =RIGHT(H1289,LEN(H1289)-FIND("@",SUBSTITUTE(H1289," ","@",LEN(H1289)-LEN(SUBSTITUTE(H1289," ",""))))) -> #VALUE! | D1289: =TEXT(J1289,"DD/MM/YYYY") -> 02/08/2011 | E1289: =IF(TRIM(L1289)="Nam","X","") | F1289: =IF(TRIM(L1289)="Nữ","X","") | I1289: 02/08/2011 | J1289: 02/08/2011 | K1289: 02/08/2011
A1290: 1283 | B1290: =LEFT(H1290,LEN(H1290)-LEN(C1290)) -> #VALUE! | C1290: =RIGHT(H1290,LEN(H1290)-FIND("@",SUBSTITUTE(H1290," ","@",LEN(H1290)-LEN(SUBSTITUTE(H1290," ",""))))) -> #VALUE! | D1290: =TEXT(J1290,"DD/MM/YYYY") -> 06/05/2011 | E1290: =IF(TRIM(L1290)="Nam","X","") | F1290: =IF(TRIM(L1290)="Nữ","X","") | I1290: 06/05/2011 | J1290: 06/05/2011 | K1290: 06/05/2011
A1291: 1284 | B1291: =LEFT(H1291,LEN(H1291)-LEN(C1291)) -> #VALUE! | C1291: =RIGHT(H1291,LEN(H1291)-FIND("@",SUBSTITUTE(H1291," ","@",LEN(H1291)-LEN(SUBSTITUTE(H1291," ",""))))) -> #VALUE! | D1291: =TEXT(J1291,"DD/MM/YYYY") -> 14/11/2011 | E1291: =IF(TRIM(L1291)="Nam","X","") | F1291: =IF(TRIM(L1291)="Nữ","X","") | I1291: 14/11/2011 | J1291: 14/11/2011 | K1291: 14/11/2011
... A2022: 2015 | B2022: =LEFT(H2022,LEN(H2022)-LEN(C2022)) -> #VALUE! | C2022: =RIGHT(H2022,LEN(H2022)-FIND("@",SUBSTITUTE(H2022," ","@",LEN(H2022)-LEN(SUBSTITUTE(H2022," ",""))))) -> #VALUE! | D2022: =TEXT(J2022,"DD/MM/YYYY") -> 16/01/2010 | E2022: =IF(TRIM(L2022)="Nam","X","") | F2022: =IF(TRIM(L2022)="Nữ","X","") | I2022: 16/01/2010 | J2022: 16/01/2010 | K2022: 16/01/2010

Sheet TỔNG
A1: BẢNG TỔNG HỢP KHÁM SỨC KHỎE HỌC SINH
A2: 22
A4: TÊN ĐƠN VỊ | C4: : TRƯỜNG THCS NGUYỄN ĐÌNH CHIỂU | K4: 1
A5: ĐỊA CHỈ | C5: : xã Vĩnh Trung – thành phố Nha Trang, tỉnh Khánh Hòa
A7: STT | B7: HỌ VÀ TÊN | D7: NGÀY SINH | E7: Giới tính | G7: Lớp | H7: Ngày tháng phát hiện | I7: TÌNH TRẠNG DINH DƯỠNG | N7: Huyết áp (mmHg) | O7: Nhịp tim (l/p) | P7: Thị lực | V7: KHÁM CHUYÊN KHOA | W7: PHÂN LOẠI SỨC KHỎE | Z7: Tình trạng dinh dưỡng | AI7: Khám chuyên khoa | AM7: Phân loại sức khỏe
E8: Nam | F8: Nữ | I8: Cân nặng (kg) | J8: Chiều cao (cm) | K8: Kết quả CCTT | L8: BMI | M8: Kết quả BMI | Q8: Mắt | R8: TMH | S8: RHM | T8: Khác | Z8: SDDTTC MĐN | AA8: SDDTTC | AB8: bt | AC8: CHT | AD8: SDDTGC MĐN | AE8: SDDTGC | AF8: bt | AG8: TC | AH8: BP | AI8: MẮT | AJ8: TAI MŨI HỌNG | AK8: RĂNG HÀM MẶT | AL8: KHÁC | AM8: I | AN8: II | AO8: III
C9: =COUNTA(C10:C495) -> 486 | D9: =COUNTA(D10:D495) -> 476 | E9: =COUNTA(E10:E495) -> 267 | F9: =COUNTA(F10:F495) -> 218 | I9: =COUNTA(I10:I495) -> 411 | J9: =COUNTA(J10:J495) -> 411 | K9: =COUNTA(K10:K495) -> 486 | L9: =COUNTA(L10:L495) -> 486 | M9: =COUNTA(M10:M495) -> 486 | N9: =COUNTA(N10:N495) -> 486 | O9: =COUNTA(O10:O495) -> 486 | P9: =COUNTA(P10:P495) -> 486 | ... T9: =COUNTA(T10:T495) -> 486 | U9: =Q9&"; "&R9&"; "&S9&"; "&T9 -> 486; 486; 486; 486 | W9: =ROMAN(MAX(IF(OR(K9=$Z$8,M9=$AD$8,M9=$AH$8),3,IF(OR(K9=$AA$8,M9=$AE$8,M9=$AG$8),2,1)),IF(V9="bt",1,2)),0) -> II
A10: 1 | B10: Nguyễn Ngọc Bảo | C10: An | D10: 21/04/2018 | F10: x | G10: 1/1 | H10: 45720 | I10: 22 | J10: 126 | K10: {=LOOKUP(2,1/(J10>=INDEX(IF(F10="x",CCTT!$F$3:$I$170,CCTT!$B$3:$E$170),MATCH(DATEDIF(D10,DATE(2024,7,11),"m"),CCTT!$A$3:$A$170,0),0)),CCTT!$F$2:$I$2)} -> bt | L10: =(I10/J10^2)*10^4 -> 13.857395 | M10: {=LOOKUP(2,1/(L10>=INDEX(IF(F10="x",BMI!$G$3:$K$170,BMI!$B$3:$F$170),MATCH(DATEDIF(D10,DATE(2024,7,11),"m"),BMI!$A$3:$A$170,0),0)),BMI!$G$2:$K$2)} -> bt | N10: 80/50 | O10: 83 | P10: 10/10 | Q10: bt | R10: bt | S10: bt | T10: bt | U10: =Q10&"; "&R10&"; "&S10&"; "&T10 -> bt; bt; bt; bt | V10: bt | W10: =ROMAN(MAX(IF(OR(K10=$Z$8,M10=$AD$8,M10=$AH$8),3,IF(OR(K10=$AA$8,M10=$AE$8,M10=$AG$8),2,1)),IF(V10="bt",1,2)),0) -> I | Y10: Số lượng | Z10: =COUNTIF($K$10:$K$495,Z8) -> 72 | AA10: =COUNTIF($K$10:$K$495,AA8) -> 3 | AB10: =COUNTIF($K$10:$K$495,AB8) -> 370 | AC10: =COUNTIF($K$10:$K$495,AC8) -> 31 | AD10: =COUNTIF($M$10:$M$495,AD8) -> 13 | AE10: =COUNTIF($M$10:$M$495,AE8) -> 38 | AF10: =COUNTIF($M$10:$M$495,AF8) -> 234 | AG10: =COUNTIF($M$10:$M$495,AG8) -> 63 | AH10: =COUNTIF($M$10:$M$495,AH8) -> 56 | AI10: =Q9 -> 486 | AJ10: =R9 -> 486 | AK10: =S9 -> 486 | AL10: =T9 -> 486 | AM10: =COUNTIF($W$10:$W$495,AM8) -> 105 | AN10: =COUNTIF($W$10:$W$495,AN8) -> 228 | AO10: =COUNTIF($W$10:$W$495,AO8) -> 69
A11: =A10+1 -> 2 | B11: Phạm Thị Vân | C11: Anh | D11: 10/12/2018 | F11: x | G11: 1/1 | H11: 45720 | I11: 18 | J11: 116 | K11: {=LOOKUP(2,1/(J11>=INDEX(IF(F11="x",CCTT!$F$3:$I$170,CCTT!$B$3:$E$170),MATCH(DATEDIF(D11,DATE(2024,7,11),"m"),CCTT!$A$3:$A$170,0),0)),CCTT!$F$2:$I$2)} -> bt | L11: =(I11/J11^2)*10^4 -> 13.376932 | M11: {=LOOKUP(2,1/(L11>=INDEX(IF(F11="x",BMI!$G$3:$K$170,BMI!$B$3:$F$170),MATCH(DATEDIF(D11,DATE(2024,7,11),"m"),BMI!$A$3:$A$170,0),0)),BMI!$G$2:$K$2)} -> bt | N11: 80/40 | O11: 83 | P11: 10/10 | Q11: bt | R11: bt | S11: Đa sâu răng | T11: bt | U11: =Q11&"; "&R11&"; "&S11&"; "&T11 -> bt; bt; Đa sâu răng; bt | V11: Đa sâu răng | W11: =ROMAN(MAX(IF(OR(K11=$Z$8,M11=$AD$8,M11=$AH$8),3,IF(OR(K11=$AA$8,M11=$AE$8,M11=$AG$8),2,1)),IF(V11="bt",1,2)),0) -> II | Y11: Tổng: | Z11: =SUM(Z10:AC10) -> 476
A12: =A11+1 -> 3 | B12: Nguyễn Hà Ngọc | C12: Ánh | D12: 07/01/2018 | F12: x | G12: 1/1 | H12: 45720 | I12: 25 | J12: 126 | K12: {=LOOKUP(2,1/(J12>=INDEX(IF(F12="x",CCTT!$F$3:$I$170,CCTT!$B$3:$E$170),MATCH(DATEDIF(D12,DATE(2024,7,11),"m"),CCTT!$A$3:$A$170,0),0)),CCTT!$F$2:$I$2)} -> bt | L12: =(I12/J12^2)*10^4 -> 15.74704 | M12: {=LOOKUP(2,1/(L12>=INDEX(IF(F12="x",BMI!$G$3:$K$170,BMI!$B$3:$F$170),MATCH(DATEDIF(D12,DATE(2024,7,11),"m"),BMI!$A$3:$A$170,0),0)),BMI!$G$2:$K$2)} -> bt | N12: 80/50 | O12: 83 | P12: 10/10 | Q12: bt | R12: bt | S12: bt | T12: bt | U12: =Q12&"; "&R12&"; "&S12&"; "&T12 -> bt; bt; bt; bt | V12: bt | W12: =ROMAN(MAX(IF(OR(K12=$Z$8,M12=$AD$8,M12=$AH$8),3,IF(OR(K12=$AA$8,M12=$AE$8,M12=$AG$8),2,1)),IF(V12="bt",1,2)),0) -> I | Y12: Tổng: | Z12: =SUM(AD10:AH10) -> 404
A13: =A12+1 -> 4 | B13: Trần Nguyễn Quốc | C13: Bảo | D13: 22/03/2018 | E13: x | G13: 1/1 | H13: 45720 | I13: 23 | J13: 128 | K13: {=LOOKUP(2,1/(J13>=INDEX(IF(F13="x",CCTT!$F$3:$I$170,CCTT!$B$3:$E$170),MATCH(DATEDIF(D13,DATE(2024,7,11),"m"),CCTT!$A$3:$A$170,0),0)),CCTT!$F$2:$I$2)} -> CHT | L13: =(I13/J13^2)*10^4 -> 14.038086 | M13: {=LOOKUP(2,1/(L13>=INDEX(IF(F13="x",BMI!$G$3:$K$170,BMI!$B$3:$F$170),MATCH(DATEDIF(D13,DATE(2024,7,11),"m"),BMI!$A$3:$A$170,0),0)),BMI!$G$2:$K$2)} -> bt | N13: 85/55 | O13: 80 | P13: 10/10 | Q13: bt | R13: bt | S13: Đa sâu răng | T13: bt | U13: =Q13&"; "&R13&"; "&S13&"; "&T13 -> bt; bt; Đa sâu răng; bt | V13: Đa sâu răng | W13: =ROMAN(MAX(IF(OR(K13=$Z$8,M13=$AD$8,M13=$AH$8),3,IF(OR(K13=$AA$8,M13=$AE$8,M13=$AG$8),2,1)),IF(V13="bt",1,2)),0) -> II | Y13: Tổng: | Z13: =SUM(AM10:AO10) -> 402
A14: =A13+1 -> 5 | B14: Nguyễn Quang | C14: Châu | D14: 25/10/2018 | E14: x | G14: 1/1 | H14: 45720 | I14: 34 | J14: 124 | K14: {=LOOKUP(2,1/(J14>=INDEX(IF(F14="x",CCTT!$F$3:$I$170,CCTT!$B$3:$E$170),MATCH(DATEDIF(D14,DATE(2024,7,11),"m"),CCTT!$A$3:$A$170,0),0)),CCTT!$F$2:$I$2)} -> CHT | L14: =(I14/J14^2)*10^4 -> 22.112383 | M14: {=LOOKUP(2,1/(L14>=INDEX(IF(F14="x",BMI!$G$3:$K$170,BMI!$B$3:$F$170),MATCH(DATEDIF(D14,DATE(2024,7,11),"m"),BMI!$A$3:$A$170,0),0)),BMI!$G$2:$K$2)} -> BP | N14: 85/55 | O14: 87 | P14: MPT 6/10 | Q14: 2 mắt giảm thị lực | R14: bt | S14: bt | T14: bt | U14: =Q14&"; "&R14&"; "&S14&"; "&T14 -> 2 mắt giảm thị lực; bt; bt; bt | V14: 2 mắt giảm thị lực | W14: =ROMAN(MAX(IF(OR(K14=$Z$8,M14=$AD$8,M14=$AH$8),3,IF(OR(K14=$AA$8,M14=$AE$8,M14=$AG$8),2,1)),IF(V14="bt",1,2)),0) -> III
A15: =A14+1 -> 6 | B15: Nguyễn Hoàng Linh | C15: Đan | D15: 13/05/2018 | F15: x | G15: 1/1 | H15: 45720 | I15: 22 | J15: 126 | K15: {=LOOKUP(2,1/(J15>=INDEX(IF(F15="x",CCTT!$F$3:$I$170,CCTT!$B$3:$E$170),MATCH(DATEDIF(D15,DATE(2024,7,11),"m"),CCTT!$A$3:$A$170,0),0)),CCTT!$F$2:$I$2)} -> CHT | L15: =(I15/J15^2)*10^4 -> 13.857395 | M15: {=LOOKUP(2,1/(L15>=INDEX(IF(F15="x",BMI!$G$3:$K$170,BMI!$B$3:$F$170),MATCH(DATEDIF(D15,DATE(2024,7,11),"m"),BMI!$A$3:$A$170,0),0)),BMI!$G$2:$K$2)} -> bt | N15: 80/55 | O15: 81 | P15: 10/10 | Q15: bt | R15: bt | S15: bt | T15: bt | U15: =Q15&"; "&R15&"; "&S15&"; "&T15 -> bt; bt; bt; bt | V15: bt | W15: =ROMAN(MAX(IF(OR(K15=$Z$8,M15=$AD$8,M15=$AH$8),3,IF(OR(K15=$AA$8,M15=$AE$8,M15=$AG$8),2,1)),IF(V15="bt",1,2)),0) -> I | Z15: 50
A16: =A15+1 -> 7 | B16: Nguyễn Thị Thiên | C16: Di | D16: 04/05/2018 | F16: x | G16: 1/1 | H16: 45720 | I16: 20 | J16: 121 | K16: {=LOOKUP(2,1/(J16>=INDEX(IF(F16="x",CCTT!$F$3:$I$170,CCTT!$B$3:$E$170),MATCH(DATEDIF(D16,DATE(2024,7,11),"m"),CCTT!$A$3:$A$170,0),0)),CCTT!$F$2:$I$2)} -> bt | L16: =(I16/J16^2)*10^4 -> 13.660269 | M16: {=LOOKUP(2,1/(L16>=INDEX(IF(F16="x",BMI!$G$3:$K$170,BMI!$B$3:$F$170),MATCH(DATEDIF(D16,DATE(2024,7,11),"m"),BMI!$A$3:$A$170,0),0)),BMI!$G$2:$K$2)} -> bt | N16: 80/50 | O16: 83 | P16: 10/10 | Q16: bt | R16: bt | S16: Đa sâu răng | T16: bt | U16: =Q16&"; "&R16&"; "&S16&"; "&T16 -> bt; bt; Đa sâu răng; bt | V16: Đa sâu răng | W16: =ROMAN(MAX(IF(OR(K16=$Z$8,M16=$AD$8,M16=$AH$8),3,IF(OR(K16=$AA$8,M16=$AE$8,M16=$AG$8),2,1)),IF(V16="bt",1,2)),0) -> II | Z16: 42
A17: =A16+1 -> 8 | B17: Nguyễn Phạm Gia | C17: Hân | D17: 25/04/2018 | F17: x | G17: 1/1 | H17: 45720 | I17: 20 | J17: 120 | K17: {=LOOKUP(2,1/(J17>=INDEX(IF(F17="x",CCTT!$F$3:$I$170,CCTT!$B$3:$E$170),MATCH(DATEDIF(D17,DATE(2024,7,11),"m"),CCTT!$A$3:$A$170,0),0)),CCTT!$F$2:$I$2)} -> bt | L17: =(I17/J17^2)*10^4 -> 13.888889 | M17: {=LOOKUP(2,1/(L17>=INDEX(IF(F17="x",BMI!$G$3:$K$170,BMI!$B$3:$F$170),MATCH(DATEDIF(D17,DATE(2024,7,11),"m"),BMI!$A$3:$A$170,0),0)),BMI!$G$2:$K$2)} -> bt | N17: 80/40 | O17: 83 | P17: 10/10 | Q17: bt | R17: bt | S17: Đa sâu răng | T17: bt | U17: =Q17&"; "&R17&"; "&S17&"; "&T17 -> bt; bt; Đa sâu răng; bt | V17: Đa sâu răng | W17: =ROMAN(MAX(IF(OR(K17=$Z$8,M17=$AD$8,M17=$AH$8),3,IF(OR(K17=$AA$8,M17=$AE$8,M17=$AG$8),2,1)),IF(V17="bt",1,2)),0) -> II | Z17: 42
A18: =A17+1 -> 9 | B18: Trần Việt | C18: Hoàng | D18: 20/04/2018 | E18: x | G18: 1/1 | H18: 45720 | I18: 23 | J18: 120 | K18: {=LOOKUP(2,1/(J18>=INDEX(IF(F18="x",CCTT!$F$3:$I$170,CCTT!$B$3:$E$170),MATCH(DATEDIF(D18,DATE(2024,7,11),"m"),CCTT!$A$3:$A$170,0),0)),CCTT!$F$2:$I$2)} -> bt | L18: =(I18/J18^2)*10^4 -> 15.972222 | M18: {=LOOKUP(2,1/(L18>=INDEX(IF(F18="x",BMI!$G$3:$K$170,BMI!$B$3:$F$170),MATCH(DATEDIF(D18,DATE(2024,7,11),"m"),BMI!$A$3:$A$170,0),0)),BMI!$G$2:$K$2)} -> bt | N18: 85/45 | O18: 83 | P18: 10/10 | Q18: bt | R18: bt | S18: Đa sâu răng | T18: bt | U18: =Q18&"; "&R18&"; "&S18&"; "&T18 -> bt; bt; Đa sâu răng; bt | V18: Đa sâu răng | W18: =ROMAN(MAX(IF(OR(K18=$Z$8,M18=$AD$8,M18=$AH$8),3,IF(OR(K18=$AA$8,M18=$AE$8,M18=$AG$8),2,1)),IF(V18="bt",1,2)),0) -> II | Z18: 45
A19: =A18+1 -> 10 | B19: Nguyễn Gia | C19: Huy | D19: 17/11/2018 | E19: x | G19: 1/1 | H19: 45720 | I19: 16 | J19: 110 | K19: {=LOOKUP(2,1/(J19>=INDEX(IF(F19="x",CCTT!$F$3:$I$170,CCTT!$B$3:$E$170),MATCH(DATEDIF(D19,DATE(2024,7,11),"m"),CCTT!$A$3:$A$170,0),0)),CCTT!$F$2:$I$2)} -> bt | L19: =(I19/J19^2)*10^4 -> 13.22314 | M19: {=LOOKUP(2,1/(L19>=INDEX(IF(F19="x",BMI!$G$3:$K$170,BMI!$B$3:$F$170),MATCH(DATEDIF(D19,DATE(2024,7,11),"m"),BMI!$A$3:$A$170,0),0)),BMI!$G$2:$K$2)} -> bt | N19: 80/40 | O19: 83 | P19: MPT 5/10 | Q19: 2 mắt giảm thị lực | R19: bt | S19: Đa sâu răng | T19: bt | U19: =Q19&"; "&R19&"; "&S19&"; "&T19 -> 2 mắt giảm thị lực; bt; Đa sâu răng; bt | V19: 2 mắt giảm thị lực; Đa sâu răng | W19: =ROMAN(MAX(IF(OR(K19=$Z$8,M19=$AD$8,M19=$AH$8),3,IF(OR(K19=$AA$8,M19=$AE$8,M19=$AG$8),2,1)),IF(V19="bt",1,2)),0) -> II | Z19: 41
A20: =A19+1 -> 11 | B20: Nguyễn Minh | C20: Khang | D20: 23/12/2018 | E20: x | G20: 1/1 | H20: 45720 | I20: 20 | J20: 120 | K20: {=LOOKUP(2,1/(J20>=INDEX(IF(F20="x",CCTT!$F$3:$I$170,CCTT!$B$3:$E$170),MATCH(DATEDIF(D20,DATE(2024,7,11),"m"),CCTT!$A$3:$A$170,0),0)),CCTT!$F$2:$I$2)} -> bt | L20: =(I20/J20^2)*10^4 -> 13.888889 | M20: {=LOOKUP(2,1/(L20>=INDEX(IF(F20="x",BMI!$G$3:$K$170,BMI!$B$3:$F$170),MATCH(DATEDIF(D20,DATE(2024,7,11),"m"),BMI!$A$3:$A$170,0),0)),BMI!$G$2:$K$2)} -> bt | N20: 80/45 | O20: 79 | P20: 10/10 | Q20: bt | R20: bt | S20: bt | T20: bt | U20: =Q20&"; "&R20&"; "&S20&"; "&T20 -> bt; bt; bt; bt | V20: bt | W20: =ROMAN(MAX(IF(OR(K20=$Z$8,M20=$AD$8,M20=$AH$8),3,IF(OR(K20=$AA$8,M20=$AE$8,M20=$AG$8),2,1)),IF(V20="bt",1,2)),0) -> I | Z20: 44
A21: =A20+1 -> 12 | B21: Mai Hoàng Phúc | C21: Khang | D21: 08/10/2018 | E21: x | G21: 1/1 | H21: 45720 | I21: 21 | J21: 119 | K21: {=LOOKUP(2,1/(J21>=INDEX(IF(F21="x",CCTT!$F$3:$I$170,CCTT!$B$3:$E$170),MATCH(DATEDIF(D21,DATE(2024,7,11),"m"),CCTT!$A$3:$A$170,0),0)),CCTT!$F$2:$I$2)} -> bt | L21: =(I21/J21^2)*10^4 -> 14.829461 | M21: {=LOOKUP(2,1/(L21>=INDEX(IF(F21="x",BMI!$G$3:$K$170,BMI!$B$3:$F$170),MATCH(DATEDIF(D21,DATE(2024,7,11),"m"),BMI!$A$3:$A$170,0),0)),BMI!$G$2:$K$2)} -> bt | N21: 80/50 | O21: 82 | P21: 10/10 | Q21: bt | R21: bt | S21: Đa sâu răng | T21: bt | U21: =Q21&"; "&R21&"; "&S21&"; "&T21 -> bt; bt; Đa sâu răng; bt | V21: Đa sâu răng | W21: =ROMAN(MAX(IF(OR(K21=$Z$8,M21=$AD$8,M21=$AH$8),3,IF(OR(K21=$AA$8,M21=$AE$8,M21=$AG$8),2,1)),IF(V21="bt",1,2)),0) -> II | Z21: 51
A22: =A21+1 -> 13 | B22: Huỳnh Nhã | C22: Khiêm | D22: 03/10/2018 | F22: x | G22: 1/1 | H22: 45720 | I22: 16 | J22: 113 | K22: {=LOOKUP(2,1/(J22>=INDEX(IF(F22="x",CCTT!$F$3:$I$170,CCTT!$B$3:$E$170),MATCH(DATEDIF(D22,DATE(2024,7,11),"m"),CCTT!$A$3:$A$170,0),0)),CCTT!$F$2:$I$2)} -> bt | L22: =(I22/J22^2)*10^4 -> 12.530347 | M22: {=LOOKUP(2,1/(L22>=INDEX(IF(F22="x",BMI!$G$3:$K$170,BMI!$B$3:$F$170),MATCH(DATEDIF(D22,DATE(2024,7,11),"m"),BMI!$A$3:$A$170,0),0)),BMI!$G$2:$K$2)} -> SDDTGC | N22: 80/50 | O22: 83 | P22: 10/10 | Q22: bt | R22: bt | S22: Đa sâu răng | T22: bt | U22: =Q22&"; "&R22&"; "&S22&"; "&T22 -> bt; bt; Đa sâu răng; bt | V22: Đa sâu răng | W22: =ROMAN(MAX(IF(OR(K22=$Z$8,M22=$AD$8,M22=$AH$8),3,IF(OR(K22=$AA$8,M22=$AE$8,M22=$AG$8),2,1)),IF(V22="bt",1,2)),0) -> II | Z22: 49
A23: =A22+1 -> 14 | B23: Trần Dương Đăng | C23: Khoa | D23: 07/11/2018 | E23: x | G23: 1/1 | H23: 45720 | I23: 16 | J23: 106 | K23: {=LOOKUP(2,1/(J23>=INDEX(IF(F23="x",CCTT!$F$3:$I$170,CCTT!$B$3:$E$170),MATCH(DATEDIF(D23,DATE(2024,7,11),"m"),CCTT!$A$3:$A$170,0),0)),CCTT!$F$2:$I$2)} -> bt | L23: =(I23/J23^2)*10^4 -> 14.239943 | M23: {=LOOKUP(2,1/(L23>=INDEX(IF(F23="x",BMI!$G$3:$K$170,BMI!$B$3:$F$170),MATCH(DATEDIF(D23,DATE(2024,7,11),"m"),BMI!$A$3:$A$170,0),0)),BMI!$G$2:$K$2)} -> bt | N23: 80/50 | O23: 79 | P23: 10/10 | Q23: bt | R23: bt | S23: Đa sâu răng | T23: bt | U23: =Q23&"; "&R23&"; "&S23&"; "&T23 -> bt; bt; Đa sâu răng; bt | V23: Đa sâu răng | W23: =ROMAN(MAX(IF(OR(K23=$Z$8,M23=$AD$8,M23=$AH$8),3,IF(OR(K23=$AA$8,M23=$AE$8,M23=$AG$8),2,1)),IF(V23="bt",1,2)),0) -> II | Z23: 40
A24: =A23+1 -> 15 | B24: Nguyễn Ngọc Tường | C24: Lam | D24: 15/07/2018 | F24: x | G24: 1/1 | H24: 45720 | I24: 17 | J24: 116 | K24: {=LOOKUP(2,1/(J24>=INDEX(IF(F24="x",CCTT!$F$3:$I$170,CCTT!$B$3:$E$170),MATCH(DATEDIF(D24,DATE(2024,7,11),"m"),CCTT!$A$3:$A$170,0),0)),CCTT!$F$2:$I$2)} -> bt | L24: =(I24/J24^2)*10^4 -> 12.633769 | M24: {=LOOKUP(2,1/(L24>=INDEX(IF(F24="x",BMI!$G$3:$K$170,BMI!$B$3:$F$170),MATCH(DATEDIF(D24,DATE(2024,7,11),"m"),BMI!$A$3:$A$170,0),0)),BMI!$G$2:$K$2)} -> SDDTGC | N24: 80/50 | O24: 83 | P24: MPT 8/10 | Q24: 2 mắt giảm thị lực | R24: bt | S24: Đa sâu răng | T24: bt | U24: =Q24&"; "&R24&"; "&S24&"; "&T24 -> 2 mắt giảm thị lực; bt; Đa sâu răng; bt | V24: 2 mắt giảm thị lực; Đa sâu răng | W24: =ROMAN(MAX(IF(OR(K24=$Z$8,M24=$AD$8,M24=$AH$8),3,IF(OR(K24=$AA$8,M24=$AE$8,M24=$AG$8),2,1)),IF(V24="bt",1,2)),0) -> II | Z24: 43
A25: =A24+1 -> 16 | B25: Lê Ngọc Tuệ | C25: Lâm | D25: 12/09/2018 | F25: x | G25: 1/1 | H25: 45720 | I25: 19 | J25: 113 | K25: {=LOOKUP(2,1/(J25>=INDEX(IF(F25="x",CCTT!$F$3:$I$170,CCTT!$B$3:$E$170),MATCH(DATEDIF(D25,DATE(2024,7,11),"m"),CCTT!$A$3:$A$170,0),0)),CCTT!$F$2:$I$2)} -> bt | L25: =(I25/J25^2)*10^4 -> 14.879787 | M25: {=LOOKUP(2,1/(L25>=INDEX(IF(F25="x",BMI!$G$3:$K$170,BMI!$B$3:$F$170),MATCH(DATEDIF(D25,DATE(2024,7,11),"m"),BMI!$A$3:$A$170,0),0)),BMI!$G$2:$K$2)} -> bt | N25: 80/40 | O25: 82 | P25: 10/10 | Q25: bt | R25: bt | S25: Đa sâu răng | T25: bt | U25: =Q25&"; "&R25&"; "&S25&"; "&T25 -> bt; bt; Đa sâu răng; bt | V25: Đa sâu răng | W25: =ROMAN(MAX(IF(OR(K25=$Z$8,M25=$AD$8,M25=$AH$8),3,IF(OR(K25=$AA$8,M25=$AE$8,M25=$AG$8),2,1)),IF(V25="bt",1,2)),0) -> II | Z25: 49
A26: =A25+1 -> 17 | B26: Dương Hồ Thu | C26: Ngân | D26: 31/03/2018 | F26: x | G26: 1/1 | H26: 45720 | I26: 21 | J26: 118 | K26: {=LOOKUP(2,1/(J26>=INDEX(IF(F26="x",CCTT!$F$3:$I$170,CCTT!$B$3:$E$170),MATCH(DATEDIF(D26,DATE(2024,7,11),"m"),CCTT!$A$3:$A$170,0),0)),CCTT!$F$2:$I$2)} -> bt | L26: =(I26/J26^2)*10^4 -> 15.081873 | M26: {=LOOKUP(2,1/(L26>=INDEX(IF(F26="x",BMI!$G$3:$K$170,BMI!$B$3:$F$170),MATCH(DATEDIF(D26,DATE(2024,7,11),"m"),BMI!$A$3:$A$170,0),0)),BMI!$G$2:$K$2)} -> bt | N26: 80/50 | O26: 84 | P26: 10/10 | Q26: bt | R26: bt | S26: Đa sâu răng | T26: bt | U26: =Q26&"; "&R26&"; "&S26&"; "&T26 -> bt; bt; Đa sâu răng; bt | V26: Đa sâu răng | W26: =ROMAN(MAX(IF(OR(K26=$Z$8,M26=$AD$8,M26=$AH$8),3,IF(OR(K26=$AA$8,M26=$AE$8,M26=$AG$8),2,1)),IF(V26="bt",1,2)),0) -> II | Z26: 49
A27: =A26+1 -> 18 | B27: Ly Khả | C27: Ngân | D27: 11/02/2018 | F27: x | G27: 1/1 | H27: 45720 | I27: 22 | J27: 128 | K27: {=LOOKUP(2,1/(J27>=INDEX(IF(F27="x",CCTT!$F$3:$I$170,CCTT!$B$3:$E$170),MATCH(DATEDIF(D27,DATE(2024,7,11),"m"),CCTT!$A$3:$A$170,0),0)),CCTT!$F$2:$I$2)} -> CHT | L27: =(I27/J27^2)*10^4 -> 13.427734 | M27: {=LOOKUP(2,1/(L27>=INDEX(IF(F27="x",BMI!$G$3:$K$170,BMI!$B$3:$F$170),MATCH(DATEDIF(D27,DATE(2024,7,11),"m"),BMI!$A$3:$A$170,0),0)),BMI!$G$2:$K$2)} -> bt | N27: 80/55 | O27: 83 | P27: 10/10 | Q27: bt | R27: bt | S27: Đa sâu răng | T27: bt | U27: =Q27&"; "&R27&"; "&S27&"; "&T27 -> bt; bt; Đa sâu răng; bt | V27: Đa sâu răng | W27: =ROMAN(MAX(IF(OR(K27=$Z$8,M27=$AD$8,M27=$AH$8),3,IF(OR(K27=$AA$8,M27=$AE$8,M27=$AG$8),2,1)),IF(V27="bt",1,2)),0) -> II | Z27: 47
A28: =A27+1 -> 19 | B28: Mai Hoàng Yến | C28: Nhi | D28: 11/03/2018 | F28: x | G28: 1/1 | H28: 45720 | I28: 22 | J28: 115 | K28: {=LOOKUP(2,1/(J28>=INDEX(IF(F28="x",CCTT!$F$3:$I$170,CCTT!$B$3:$E$170),MATCH(DATEDIF(D28,DATE(2024,7,11),"m"),CCTT!$A$3:$A$170,0),0)),CCTT!$F$2:$I$2)} -> bt | L28: =(I28/J28^2)*10^4 -> 16.635161 | M28: {=LOOKUP(2,1/(L28>=INDEX(IF(F28="x",BMI!$G$3:$K$170,BMI!$B$3:$F$170),MATCH(DATEDIF(D28,DATE(2024,7,11),"m"),BMI!$A$3:$A$170,0),0)),BMI!$G$2:$K$2)} -> bt | N28: 90/60 | O28: 87 | P28: 10/10 | Q28: bt | R28: bt | S28: Đa sâu răng | T28: bt | U28: =Q28&"; "&R28&"; "&S28&"; "&T28 -> bt; bt; Đa sâu răng; bt | V28: Đa sâu răng | W28: =ROMAN(MAX(IF(OR(K28=$Z$8,M28=$AD$8,M28=$AH$8),3,IF(OR(K28=$AA$8,M28=$AE$8,M28=$AG$8),2,1)),IF(V28="bt",1,2)),0) -> II | Z28: 49
A29: =A28+1 -> 20 | B29: Trần Mai Đình | C29: Phát | D29: 13/09/2018 | E29: x | G29: 1/1 | H29: 45720 | I29: 22 | J29: 124 | K29: {=LOOKUP(2,1/(J29>=INDEX(IF(F29="x",CCTT!$F$3:$I$170,CCTT!$B$3:$E$170),MATCH(DATEDIF(D29,DATE(2024,7,11),"m"),CCTT!$A$3:$A$170,0),0)),CCTT!$F$2:$I$2)} -> bt | L29: =(I29/J29^2)*10^4 -> 14.308012 | M29: {=LOOKUP(2,1/(L29>=INDEX(IF(F29="x",BMI!$G$3:$K$170,BMI!$B$3:$F$170),MATCH(DATEDIF(D29,DATE(2024,7,11),"m"),BMI!$A$3:$A$170,0),0)),BMI!$G$2:$K$2)} -> bt | N29: 85/50 | O29: 83 | P29: 10/10 | Q29: bt | R29: Viêm mũi họng | S29: Đa sâu răng | T29: bt | U29: =Q29&"; "&R29&"; "&S29&"; "&T29 -> bt; Viêm mũi họng; Đa sâu răng; bt | V29: Viêm mũi họng; Đa sâu răng | W29: =ROMAN(MAX(IF(OR(K29=$Z$8,M29=$AD$8,M29=$AH$8),3,IF(OR(K29=$AA$8,M29=$AE$8,M29=$AG$8),2,1)),IF(V29="bt",1,2)),0) -> II | Z29: 47
A30: =A29+1 -> 21 | B30: Huỳnh Nguyễn Long | C30: Phi | D30: 06/08/2018 | E30: x | G30: 1/1 | H30: 45720 | I30: 24 | J30: 124 | K30: {=LOOKUP(2,1/(J30>=INDEX(IF(F30="x",CCTT!$F$3:$I$170,CCTT!$B$3:$E$170),MATCH(DATEDIF(D30,DATE(2024,7,11),"m"),CCTT!$A$3:$A$170,0),0)),CCTT!$F$2:$I$2)} -> bt | L30: =(I30/J30^2)*10^4 -> 15.608741 | M30: {=LOOKUP(2,1/(L30>=INDEX(IF(F30="x",BMI!$G$3:$K$170,BMI!$B$3:$F$170),MATCH(DATEDIF(D30,DATE(2024,7,11),"m"),BMI!$A$3:$A$170,0),0)),BMI!$G$2:$K$2)} -> bt | N30: 85/55 | O30: 83 | P30: MPT 7/10 | Q30: 2 mắt giảm thị lực | R30: bt | S30: bt | T30: bt | U30: =Q30&"; "&R30&"; "&S30&"; "&T30 -> 2 mắt giảm thị lực; bt; bt; bt | V30: 2 mắt giảm thị lực | W30: =ROMAN(MAX(IF(OR(K30=$Z$8,M30=$AD$8,M30=$AH$8),3,IF(OR(K30=$AA$8,M30=$AE$8,M30=$AG$8),2,1)),IF(V30="bt",1,2)),0) -> II | Z30: 40
A31: =A30+1 -> 22 | B31: Nguyễn Hà | C31: Phương | D31: 06/05/2018 | F31: x | G31: 1/1 | H31: 45720 | I31: 24 | J31: 127 | K31: {=LOOKUP(2,1/(J31>=INDEX(IF(F31="x",CCTT!$F$3:$I$170,CCTT!$B$3:$E$170),MATCH(DATEDIF(D31,DATE(2024,7,11),"m"),CCTT!$A$3:$A$170,0),0)),CCTT!$F$2:$I$2)} -> CHT | L31: =(I31/J31^2)*10^4 -> 14.88003 | M31: {=LOOKUP(2,1/(L31>=INDEX(IF(F31="x",BMI!$G$3:$K$170,BMI!$B$3:$F$170),MATCH(DATEDIF(D31,DATE(2024,7,11),"m"),BMI!$A$3:$A$170,0),0)),BMI!$G$2:$K$2)} -> bt | N31: 80/50 | O31: 83 | P31: 10/10 | Q31: bt | R31: bt | S31: bt | T31: bt | U31: =Q31&"; "&R31&"; "&S31&"; "&T31 -> bt; bt; bt; bt | V31: bt | W31: =ROMAN(MAX(IF(OR(K31=$Z$8,M31=$AD$8,M31=$AH$8),3,IF(OR(K31=$AA$8,M31=$AE$8,M31=$AG$8),2,1)),IF(V31="bt",1,2)),0) -> I | Z31: 1095
A32: =A31+1 -> 23 | B32: Mai Ngọc Như | C32: Quỳnh | D32: 07/12/2018 | F32: x | G32: 1/1 | H32: 45720 | I32: 17 | J32: 118 | K32: {=LOOKUP(2,1/(J32>=INDEX(IF(F32="x",CCTT!$F$3:$I$170,CCTT!$B$3:$E$170),MATCH(DATEDIF(D32,DATE(2024,7,11),"m"),CCTT!$A$3:$A$170,0),0)),CCTT!$F$2:$I$2)} -> bt | L32: =(I32/J32^2)*10^4 -> 12.209135 | M32: {=LOOKUP(2,1/(L32>=INDEX(IF(F32="x",BMI!$G$3:$K$170,BMI!$B$3:$F$170),MATCH(DATEDIF(D32,DATE(2024,7,11),"m"),BMI!$A$3:$A$170,0),0)),BMI!$G$2:$K$2)} -> SDDTGC | N32: 80/40 | O32: 84 | P32: 10/10 | Q32: bt | R32: bt | S32: Đa sâu răng | T32: bt | U32: =Q32&"; "&R32&"; "&S32&"; "&T32 -> bt; bt; Đa sâu răng; bt | V32: Đa sâu răng | W32: =ROMAN(MAX(IF(OR(K32=$Z$8,M32=$AD$8,M32=$AH$8),3,IF(OR(K32=$AA$8,M32=$AE$8,M32=$AG$8),2,1)),IF(V32="bt",1,2)),0) -> II | Z32: =SUM(Z15:Z31) -> 1823
A33: =A32+1 -> 24 | B33: Lê Trịnh Khánh | C33: Quỳnh | D33: 20/04/2017 | F33: x | G33: 1/1 | H33: 45720 | I33: 24 | J33: 130 | K33: {=LOOKUP(2,1/(J33>=INDEX(IF(F33="x",CCTT!$F$3:$I$170,CCTT!$B$3:$E$170),MATCH(DATEDIF(D33,DATE(2024,7,11),"m"),CCTT!$A$3:$A$170,0),0)),CCTT!$F$2:$I$2)} -> bt | L33: =(I33/J33^2)*10^4 -> 14.201183 | M33: {=LOOKUP(2,1/(L33>=INDEX(IF(F33="x",BMI!$G$3:$K$170,BMI!$B$3:$F$170),MATCH(DATEDIF(D33,DATE(2024,7,11),"m"),BMI!$A$3:$A$170,0),0)),BMI!$G$2:$K$2)} -> bt | N33: 85/55 | O33: 87 | P33: 10/10 ck | Q33: 2 mắt tật khúc xạ | R33: bt | S33: bt | T33: bt | U33: =Q33&"; "&R33&"; "&S33&"; "&T33 -> 2 mắt tật khúc xạ; bt; bt; bt | V33: 2 mắt tật khúc xạ | W33: =ROMAN(MAX(IF(OR(K33=$Z$8,M33=$AD$8,M33=$AH$8),3,IF(OR(K33=$AA$8,M33=$AE$8,M33=$AG$8),2,1)),IF(V33="bt",1,2)),0) -> II
A34: =A33+1 -> 25 | B34: Đinh Quốc | C34: Thiên | D34: 03/07/2018 | E34: x | G34: 1/1 | H34: 45720 | I34: 17 | J34: 119 | K34: {=LOOKUP(2,1/(J34>=INDEX(IF(F34="x",CCTT!$F$3:$I$170,CCTT!$B$3:$E$170),MATCH(DATEDIF(D34,DATE(2024,7,11),"m"),CCTT!$A$3:$A$170,0),0)),CCTT!$F$2:$I$2)} -> bt | L34: =(I34/J34^2)*10^4 -> 12.004802 | M34: {=LOOKUP(2,1/(L34>=INDEX(IF(F34="x",BMI!$G$3:$K$170,BMI!$B$3:$F$170),MATCH(DATEDIF(D34,DATE(2024,7,11),"m"),BMI!$A$3:$A$170,0),0)),BMI!$G$2:$K$2)} -> SDDTGC MĐN | N34: 80/55 | O34: 85 | P34: 10/10 | Q34: bt | R34: bt | S34: bt | T34: bt | U34: =Q34&"; "&R34&"; "&S34&"; "&T34 -> bt; bt; bt; bt | V34: bt | W34: =ROMAN(MAX(IF(OR(K34=$Z$8,M34=$AD$8,M34=$AH$8),3,IF(OR(K34=$AA$8,M34=$AE$8,M34=$AG$8),2,1)),IF(V34="bt",1,2)),0) -> III
A35: =A34+1 -> 26 | B35: Nguyễn Cao | C35: Tiến | D35: 22/10/2018 | E35: x | G35: 1/1 | H35: 45720 | I35: 18 | J35: 118 | K35: {=LOOKUP(2,1/(J35>=INDEX(IF(F35="x",CCTT!$F$3:$I$170,CCTT!$B$3:$E$170),MATCH(DATEDIF(D35,DATE(2024,7,11),"m"),CCTT!$A$3:$A$170,0),0)),CCTT!$F$2:$I$2)} -> bt | L35: =(I35/J35^2)*10^4 -> 12.92732 | M35: {=LOOKUP(2,1/(L35>=INDEX(IF(F35="x",BMI!$G$3:$K$170,BMI!$B$3:$F$170),MATCH(DATEDIF(D35,DATE(2024,7,11),"m"),BMI!$A$3:$A$170,0),0)),BMI!$G$2:$K$2)} -> SDDTGC | N35: 80/50 | O35: 83 | P35: 10/10 | Q35: bt | R35: bt | S35: bt | T35: bt | U35: =Q35&"; "&R35&"; "&S35&"; "&T35 -> bt; bt; bt; bt | V35: bt | W35: =ROMAN(MAX(IF(OR(K35=$Z$8,M35=$AD$8,M35=$AH$8),3,IF(OR(K35=$AA$8,M35=$AE$8,M35=$AG$8),2,1)),IF(V35="bt",1,2)),0) -> II
A36: =A35+1 -> 27 | B36: Võ Nhật Quỳnh | C36: Trâm | D36: 14/09/2018 | F36: x | G36: 1/1 | H36: 45720 | I36: 18 | J36: 117 | K36: {=LOOKUP(2,1/(J36>=INDEX(IF(F36="x",CCTT!$F$3:$I$170,CCTT!$B$3:$E$170),MATCH(DATEDIF(D36,DATE(2024,7,11),"m"),CCTT!$A$3:$A$170,0),0)),CCTT!$F$2:$I$2)} -> bt | L36: =(I36/J36^2)*10^4 -> 13.149244 | M36: {=LOOKUP(2,1/(L36>=INDEX(IF(F36="x",BMI!$G$3:$K$170,BMI!$B$3:$F$170),MATCH(DATEDIF(D36,DATE(2024,7,11),"m"),BMI!$A$3:$A$170,0),0)),BMI!$G$2:$K$2)} -> bt | N36: 80/45 | O36: 83 | P36: MPT 7/10 | Q36: 2 mắt giảm thị lực | R36: bt | S36: Đa sâu răng | T36: bt | U36: =Q36&"; "&R36&"; "&S36&"; "&T36 -> 2 mắt giảm thị lực; bt; Đa sâu răng; bt | V36: 2 mắt giảm thị lực; Đa sâu răng | W36: =ROMAN(MAX(IF(OR(K36=$Z$8,M36=$AD$8,M36=$AH$8),3,IF(OR(K36=$AA$8,M36=$AE$8,M36=$AG$8),2,1)),IF(V36="bt",1,2)),0) -> II
A37: =A36+1 -> 28 | B37: Nguyễn Gia Bảo | C37: Trân | D37: 43437 | F37: x | G37: 1/1 | H37: 45720 | K37: {=LOOKUP(2,1/(J37>=INDEX(IF(F37="x",CCTT!$F$3:$I$170,CCTT!$B$3:$E$170),MATCH(DATEDIF(D37,DATE(2024,7,11),"m"),CCTT!$A$3:$A$170,0),0)),CCTT!$F$2:$I$2)} -> SDDTTC MĐN | L37: =(I37/J37^2)*10^4 -> #DIV/0! | M37: {=LOOKUP(2,1/(L37>=INDEX(IF(F37="x",BMI!$G$3:$K$170,BMI!$B$3:$F$170),MATCH(DATEDIF(D37,DATE(2024,7,11),"m"),BMI!$A$3:$A$170,0),0)),BMI!$G$2:$K$2)} -> #N/A | N37: 90/60 | O37: 83 | P37: 10/10 | Q37: bt | R37: bt | S37: Đa sâu răng | T37: bt | U37: =Q37&"; "&R37&"; "&S37&"; "&T37 -> bt; bt; Đa sâu răng; bt | V37: Đa sâu răng | W37: =ROMAN(MAX(IF(OR(K37=$Z$8,M37=$AD$8,M37=$AH$8),3,IF(OR(K37=$AA$8,M37=$AE$8,M37=$AG$8),2,1)),IF(V37="bt",1,2)),0) -> #N/A
A38: =A37+1 -> 29 | B38: Nguyễn Đức | C38: Trí | D38: 28/10/2018 | E38: x | G38: 1/1 | H38: 45720 | K38: {=LOOKUP(2,1/(J38>=INDEX(IF(F38="x",CCTT!$F$3:$I$170,CCTT!$B$3:$E$170),MATCH(DATEDIF(D38,DATE(2024,7,11),"m"),CCTT!$A$3:$A$170,0),0)),CCTT!$F$2:$I$2)} -> SDDTTC MĐN | L38: =(I38/J38^2)*10^4 -> #DIV/0! | M38: {=LOOKUP(2,1/(L38>=INDEX(IF(F38="x",BMI!$G$3:$K$170,BMI!$B$3:$F$170),MATCH(DATEDIF(D38,DATE(2024,7,11),"m"),BMI!$A$3:$A$170,0),0)),BMI!$G$2:$K$2)} -> #N/A | N38: 100/60 | O38: 80 | P38: 10/10 | Q38: bt | R38: bt | S38: Đa sâu răng | T38: bt | U38: =Q38&"; "&R38&"; "&S38&"; "&T38 -> bt; bt; Đa sâu răng; bt | V38: Đa sâu răng | W38: =ROMAN(MAX(IF(OR(K38=$Z$8,M38=$AD$8,M38=$AH$8),3,IF(OR(K38=$AA$8,M38=$AE$8,M38=$AG$8),2,1)),IF(V38="bt",1,2)),0) -> #N/A
A39: =A38+1 -> 30 | B39: Đổng Quốc | C39: Trí | D39: 19/02/2018 | E39: x | G39: 1/1 | H39: 45720 | I39: 18 | J39: 114 | K39: {=LOOKUP(2,1/(J39>=INDEX(IF(F39="x",CCTT!$F$3:$I$170,CCTT!$B$3:$E$170),MATCH(DATEDIF(D39,DATE(2024,7,11),"m"),CCTT!$A$3:$A$170,0),0)),CCTT!$F$2:$I$2)} -> bt | L39: =(I39/J39^2)*10^4 -> 13.850416 | M39: {=LOOKUP(2,1/(L39>=INDEX(IF(F39="x",BMI!$G$3:$K$170,BMI!$B$3:$F$170),MATCH(DATEDIF(D39,DATE(2024,7,11),"m"),BMI!$A$3:$A$170,0),0)),BMI!$G$2:$K$2)} -> bt | N39: 80/55 | O39: 78 | P39: 10/10 | Q39: bt | R39: bt | S39: bt | T39: bt | U39: =Q39&"; "&R39&"; "&S39&"; "&T39 -> bt; bt; bt; bt | V39: bt | W39: =ROMAN(MAX(IF(OR(K39=$Z$8,M39=$AD$8,M39=$AH$8),3,IF(OR(K39=$AA$8,M39=$AE$8,M39=$AG$8),2,1)),IF(V39="bt",1,2)),0) -> I
A40: =A39+1 -> 31 | B40: Mai Hoàng Nhã | C40: Uyên | D40: 01/06/2018 | F40: x | G40: 1/1 | H40: 45720 | I40: 21 | J40: 123 | K40: {=LOOKUP(2,1/(J40>=INDEX(IF(F40="x",CCTT!$F$3:$I$170,CCTT!$B$3:$E$170),MATCH(DATEDIF(D40,DATE(2024,7,11),"m"),CCTT!$A$3:$A$170,0),0)),CCTT!$F$2:$I$2)} -> bt | L40: =(I40/J40^2)*10^4 -> 13.880627 | M40: {=LOOKUP(2,1/(L40>=INDEX(IF(F40="x",BMI!$G$3:$K$170,BMI!$B$3:$F$170),MATCH(DATEDIF(D40,DATE(2024,7,11),"m"),BMI!$A$3:$A$170,0),0)),BMI!$G$2:$K$2)} -> bt | N40: 85/45 | O40: 87 | P40: MPT9/10 | Q40: bt | R40: bt | S40: Đa sâu răng | T40: bt | U40: =Q40&"; "&R40&"; "&S40&"; "&T40 -> bt; bt; Đa sâu răng; bt | V40: Đa sâu răng | W40: =ROMAN(MAX(IF(OR(K40=$Z$8,M40=$AD$8,M40=$AH$8),3,IF(OR(K40=$AA$8,M40=$AE$8,M40=$AG$8),2,1)),IF(V40="bt",1,2)),0) -> II
A41: =A40+1 -> 32 | B41: Phạm Đăng Quốc | C41: Việt | D41: 17/06/2018 | E41: x | G41: 1/1 | H41: 45720 | I41: 18 | J41: 117 | K41: {=LOOKUP(2,1/(J41>=INDEX(IF(F41="x",CCTT!$F$3:$I$170,CCTT!$B$3:$E$170),MATCH(DATEDIF(D41,DATE(2024,7,11),"m"),CCTT!$A$3:$A$170,0),0)),CCTT!$F$2:$I$2)} -> bt | L41: =(I41/J41^2)*10^4 -> 13.149244 | M41: {=LOOKUP(2,1/(L41>=INDEX(IF(F41="x",BMI!$G$3:$K$170,BMI!$B$3:$F$170),MATCH(DATEDIF(D41,DATE(2024,7,11),"m"),BMI!$A$3:$A$170,0),0)),BMI!$G$2:$K$2)} -> bt | N41: 85/55 | O41: 82 | P41: 10/10 | Q41: bt | R41: bt | S41: Đa sâu răng | T41: bt | U41: =Q41&"; "&R41&"; "&S41&"; "&T41 -> bt; bt; Đa sâu răng; bt | V41: Đa sâu răng | W41: =ROMAN(MAX(IF(OR(K41=$Z$8,M41=$AD$8,M41=$AH$8),3,IF(OR(K41=$AA$8,M41=$AE$8,M41=$AG$8),2,1)),IF(V41="bt",1,2)),0) -> II
A42: =A41+1 -> 33 | B42: Nguyễn Tuấn | C42: Kiệt | D42: 42942 | E42: x | G42: 1/1 | H42: 45720 | I42: 20 | J42: 119 | K42: {=LOOKUP(2,1/(J42>=INDEX(IF(F42="x",CCTT!$F$3:$I$170,CCTT!$B$3:$E$170),MATCH(DATEDIF(D42,DATE(2024,7,11),"m"),CCTT!$A$3:$A$170,0),0)),CCTT!$F$2:$I$2)} -> bt | L42: =(I42/J42^2)*10^4 -> 14.123296 | M42: {=LOOKUP(2,1/(L42>=INDEX(IF(F42="x",BMI!$G$3:$K$170,BMI!$B$3:$F$170),MATCH(DATEDIF(D42,DATE(2024,7,11),"m"),BMI!$A$3:$A$170,0),0)),BMI!$G$2:$K$2)} -> bt | N42: 80/50 | O42: 82 | P42: MPT 7/10 | Q42: 2 mắt giảm thị lực | R42: Viêm tai giữa | S42: Đa sâu răng | T42: bt | U42: =Q42&"; "&R42&"; "&S42&"; "&T42 -> 2 mắt giảm thị lực; Viêm tai giữa; Đa sâu răng; bt | V42: 2 mắt giảm thị lực; Viêm tai giữa; Đa sâu răng | W42: =ROMAN(MAX(IF(OR(K42=$Z$8,M42=$AD$8,M42=$AH$8),3,IF(OR(K42=$AA$8,M42=$AE$8,M42=$AG$8),2,1)),IF(V42="bt",1,2)),0) -> II
A43: =A42+1 -> 34 | B43: Đặng Ngọc Thiên | C43: Kim | D43: 10/12/2018 | F43: x | G43: 1/1 | H43: 45720 | I43: 17 | J43: 123 | K43: {=LOOKUP(2,1/(J43>=INDEX(IF(F43="x",CCTT!$F$3:$I$170,CCTT!$B$3:$E$170),MATCH(DATEDIF(D43,DATE(2024,7,11),"m"),CCTT!$A$3:$A$170,0),0)),CCTT!$F$2:$I$2)} -> CHT | L43: =(I43/J43^2)*10^4 -> 11.236698 | M43: {=LOOKUP(2,1/(L43>=INDEX(IF(F43="x",BMI!$G$3:$K$170,BMI!$B$3:$F$170),MATCH(DATEDIF(D43,DATE(2024,7,11),"m"),BMI!$A$3:$A$170,0),0)),BMI!$G$2:$K$2)} -> SDDTGC MĐN | N43: 85/50 | O43: 82 | P43: 10/10 | Q43: bt | R43: bt | S43: bt | T43: bt | U43: =Q43&"; "&R43&"; "&S43&"; "&T43 -> bt; bt; bt; bt | V43: bt | W43: =ROMAN(MAX(IF(OR(K43=$Z$8,M43=$AD$8,M43=$AH$8),3,IF(OR(K43=$AA$8,M43=$AE$8,M43=$AG$8),2,1)),IF(V43="bt",1,2)),0) -> III
A44: =A43+1 -> 35 | B44: Nguyễn Ngọc Đan | C44: Thư | D44: 07/08/2018 | F44: x | G44: 1/1 | H44: 45720 | I44: 17 | J44: 114 | K44: {=LOOKUP(2,1/(J44>=INDEX(IF(F44="x",CCTT!$F$3:$I$170,CCTT!$B$3:$E$170),MATCH(DATEDIF(D44,DATE(2024,7,11),"m"),CCTT!$A$3:$A$170,0),0)),CCTT!$F$2:$I$2)} -> bt | L44: =(I44/J44^2)*10^4 -> 13.080948 | M44: {=LOOKUP(2,1/(L44>=INDEX(IF(F44="x",BMI!$G$3:$K$170,BMI!$B$3:$F$170),MATCH(DATEDIF(D44,DATE(2024,7,11),"m"),BMI!$A$3:$A$170,0),0)),BMI!$G$2:$K$2)} -> bt | N44: 80/50 | O44: 82 | P44: 10/10 | Q44: bt | R44: bt | S44: bt | T44: bt | U44: =Q44&"; "&R44&"; "&S44&"; "&T44 -> bt; bt; bt; bt | V44: bt | W44: =ROMAN(MAX(IF(OR(K44=$Z$8,M44=$AD$8,M44=$AH$8),3,IF(OR(K44=$AA$8,M44=$AE$8,M44=$AG$8),2,1)),IF(V44="bt",1,2)),0) -> I
A45: =A44+1 -> 36 | B45: Nguyễn Trần Bảo | C45: An | D45: 19/12/2018 | F45: x | G45: 1/2 | H45: 45720 | I45: 17 | J45: 116 | K45: {=LOOKUP(2,1/(J45>=INDEX(IF(F45="x",CCTT!$F$3:$I$170,CCTT!$B$3:$E$170),MATCH(DATEDIF(D45,DATE(2024,7,11),"m"),CCTT!$A$3:$A$170,0),0)),CCTT!$F$2:$I$2)} -> bt | L45: =(I45/J45^2)*10^4 -> 12.633769 | M45: {=LOOKUP(2,1/(L45>=INDEX(IF(F45="x",BMI!$G$3:$K$170,BMI!$B$3:$F$170),MATCH(DATEDIF(D45,DATE(2024,7,11),"m"),BMI!$A$3:$A$170,0),0)),BMI!$G$2:$K$2)} -> SDDTGC | N45: 85/40 | O45: 86 | P45: 10/10 | Q45: bt | R45: bt | S45: bt | T45: bt | U45: =Q45&"; "&R45&"; "&S45&"; "&T45 -> bt; bt; bt; bt | V45: bt | W45: =ROMAN(MAX(IF(OR(K45=$Z$8,M45=$AD$8,M45=$AH$8),3,IF(OR(K45=$AA$8,M45=$AE$8,M45=$AG$8),2,1)),IF(V45="bt",1,2)),0) -> II
A46: =A45+1 -> 37 | B46: Lê Đức Quốc | C46: Anh | D46: 26/10/2018 | E46: x | G46: 1/2 | H46: 45720 | I46: 20 | J46: 117 | K46: {=LOOKUP(2,1/(J46>=INDEX(IF(F46="x",CCTT!$F$3:$I$170,CCTT!$B$3:$E$170),MATCH(DATEDIF(D46,DATE(2024,7,11),"m"),CCTT!$A$3:$A$170,0),0)),CCTT!$F$2:$I$2)} -> bt | L46: =(I46/J46^2)*10^4 -> 14.610271 | M46: {=LOOKUP(2,1/(L46>=INDEX(IF(F46="x",BMI!$G$3:$K$170,BMI!$B$3:$F$170),MATCH(DATEDIF(D46,DATE(2024,7,11),"m"),BMI!$A$3:$A$170,0),0)),BMI!$G$2:$K$2)} -> bt | N46: 85/40 | O46: 86 | P46: 10/10 | Q46: bt | R46: bt | S46: bt | T46: bt | U46: =Q46&"; "&R46&"; "&S46&"; "&T46 -> bt; bt; bt; bt | V46: bt | W46: =ROMAN(MAX(IF(OR(K46=$Z$8,M46=$AD$8,M46=$AH$8),3,IF(OR(K46=$AA$8,M46=$AE$8,M46=$AG$8),2,1)),IF(V46="bt",1,2)),0) -> I
A47: =A46+1 -> 38 | B47: Phạm Đức Tùng | C47: Bách | D47: 15/02/2018 | E47: x | G47: 1/2 | H47: 45720 | I47: 20 | J47: 116 | K47: {=LOOKUP(2,1/(J47>=INDEX(IF(F47="x",CCTT!$F$3:$I$170,CCTT!$B$3:$E$170),MATCH(DATEDIF(D47,DATE(2024,7,11),"m"),CCTT!$A$3:$A$170,0),0)),CCTT!$F$2:$I$2)} -> bt | L47: =(I47/J47^2)*10^4 -> 14.863258 | M47: {=LOOKUP(2,1/(L47>=INDEX(IF(F47="x",BMI!$G$3:$K$170,BMI!$B$3:$F$170),MATCH(DATEDIF(D47,DATE(2024,7,11),"m"),BMI!$A$3:$A$170,0),0)),BMI!$G$2:$K$2)} -> bt | N47: 85/45 | O47: 85 | P47: 10/10 | Q47: bt | R47: bt | S47: bt | T47: bt | U47: =Q47&"; "&R47&"; "&S47&"; "&T47 -> bt; bt; bt; bt | V47: bt | W47: =ROMAN(MAX(IF(OR(K47=$Z$8,M47=$AD$8,M47=$AH$8),3,IF(OR(K47=$AA$8,M47=$AE$8,M47=$AG$8),2,1)),IF(V47="bt",1,2)),0) -> I
A48: =A47+1 -> 39 | B48: Võ Thiên | C48: Đăng | D48: 31/08/2018 | E48: x | G48: 1/2 | H48: 45720 | I48: 21 | J48: 121 | K48: {=LOOKUP(2,1/(J48>=INDEX(IF(F48="x",CCTT!$F$3:$I$170,CCTT!$B$3:$E$170),MATCH(DATEDIF(D48,DATE(2024,7,11),"m"),CCTT!$A$3:$A$170,0),0)),CCTT!$F$2:$I$2)} -> bt | L48: =(I48/J48^2)*10^4 -> 14.343283 | M48: {=LOOKUP(2,1/(L48>=INDEX(IF(F48="x",BMI!$G$3:$K$170,BMI!$B$3:$F$170),MATCH(DATEDIF(D48,DATE(2024,7,11),"m"),BMI!$A$3:$A$170,0),0)),BMI!$G$2:$K$2)} -> bt | N48: 85/45 | O48: 82 | P48: 10/10 | Q48: bt | R48: bt | S48: Đa sâu răng | T48: bt | U48: =Q48&"; "&R48&"; "&S48&"; "&T48 -> bt; bt; Đa sâu răng; bt | V48: Đa sâu răng | W48: =ROMAN(MAX(IF(OR(K48=$Z$8,M48=$AD$8,M48=$AH$8),3,IF(OR(K48=$AA$8,M48=$AE$8,M48=$AG$8),2,1)),IF(V48="bt",1,2)),0) -> II
A49: =A48+1 -> 40 | B49: Nguyễn Thị Mỹ | C49: Hạnh | D49: 08/11/2018 | F49: x | G49: 1/2 | H49: 45720 | I49: 22 | J49: 115 | K49: {=LOOKUP(2,1/(J49>=INDEX(IF(F49="x",CCTT!$F$3:$I$170,CCTT!$B$3:$E$170),MATCH(DATEDIF(D49,DATE(2024,7,11),"m"),CCTT!$A$3:$A$170,0),0)),CCTT!$F$2:$I$2)} -> bt | L49: =(I49/J49^2)*10^4 -> 16.635161 | M49: {=LOOKUP(2,1/(L49>=INDEX(IF(F49="x",BMI!$G$3:$K$170,BMI!$B$3:$F$170),MATCH(DATEDIF(D49,DATE(2024,7,11),"m"),BMI!$A$3:$A$170,0),0)),BMI!$G$2:$K$2)} -> bt | N49: 80/40 | O49: 83 | P49: 10/10 | Q49: bt | R49: bt | S49: Đa sâu răng | T49: bt | U49: =Q49&"; "&R49&"; "&S49&"; "&T49 -> bt; bt; Đa sâu răng; bt | V49: Đa sâu răng | W49: =ROMAN(MAX(IF(OR(K49=$Z$8,M49=$AD$8,M49=$AH$8),3,IF(OR(K49=$AA$8,M49=$AE$8,M49=$AG$8),2,1)),IF(V49="bt",1,2)),0) -> II
A50: =A49+1 -> 41 | B50: Hàn Thị Thanh | C50: Hậu | D50: 03/01/2018 | F50: x | G50: 1/2 | H50: 45720 | I50: 22 | J50: 122 | K50: {=LOOKUP(2,1/(J50>=INDEX(IF(F50="x",CCTT!$F$3:$I$170,CCTT!$B$3:$E$170),MATCH(DATEDIF(D50,DATE(2024,7,11),"m"),CCTT!$A$3:$A$170,0),0)),CCTT!$F$2:$I$2)} -> bt | L50: =(I50/J50^2)*10^4 -> 14.780973 | M50: {=LOOKUP(2,1/(L50>=INDEX(IF(F50="x",BMI!$G$3:$K$170,BMI!$B$3:$F$170),MATCH(DATEDIF(D50,DATE(2024,7,11),"m"),BMI!$A$3:$A$170,0),0)),BMI!$G$2:$K$2)} -> bt | N50: 85/45 | O50: 83 | P50: 10/10 | Q50: bt | R50: bt | S50: bt | T50: bt | U50: =Q50&"; "&R50&"; "&S50&"; "&T50 -> bt; bt; bt; bt | V50: bt | W50: =ROMAN(MAX(IF(OR(K50=$Z$8,M50=$AD$8,M50=$AH$8),3,IF(OR(K50=$AA$8,M50=$AE$8,M50=$AG$8),2,1)),IF(V50="bt",1,2)),0) -> I
A51: =A50+1 -> 42 | B51: Nguyễn Phúc Gia | C51: Huy | D51: 08/03/2018 | E51: x | G51: 1/2 | H51: 45720 | I51: 26 | J51: 119 | K51: {=LOOKUP(2,1/(J51>=INDEX(IF(F51="x",CCTT!$F$3:$I$170,CCTT!$B$3:$E$170),MATCH(DATEDIF(D51,DATE(2024,7,11),"m"),CCTT!$A$3:$A$170,0),0)),CCTT!$F$2:$I$2)} -> bt | L51: =(I51/J51^2)*10^4 -> 18.360285 | M51: {=LOOKUP(2,1/(L51>=INDEX(IF(F51="x",BMI!$G$3:$K$170,BMI!$B$3:$F$170),MATCH(DATEDIF(D51,DATE(2024,7,11),"m"),BMI!$A$3:$A$170,0),0)),BMI!$G$2:$K$2)} -> TC | N51: 80/45 | O51: 84 | P51: 10/10 | Q51: bt | R51: bt | S51: bt | T51: bt | U51: =Q51&"; "&R51&"; "&S51&"; "&T51 -> bt; bt; bt; bt | V51: bt | W51: =ROMAN(MAX(IF(OR(K51=$Z$8,M51=$AD$8,M51=$AH$8),3,IF(OR(K51=$AA$8,M51=$AE$8,M51=$AG$8),2,1)),IF(V51="bt",1,2)),0) -> II
A52: =A51+1 -> 43 | B52: Nguyễn Lan | C52: Hương | D52: 08/01/2018 | F52: x | G52: 1/2 | H52: 45720 | I52: 21 | J52: 122 | K52: {=LOOKUP(2,1/(J52>=INDEX(IF(F52="x",CCTT!$F$3:$I$170,CCTT!$B$3:$E$170),MATCH(DATEDIF(D52,DATE(2024,7,11),"m"),CCTT!$A$3:$A$170,0),0)),CCTT!$F$2:$I$2)} -> bt | L52: =(I52/J52^2)*10^4 -> 14.10911 | M52: {=LOOKUP(2,1/(L52>=INDEX(IF(F52="x",BMI!$G$3:$K$170,BMI!$B$3:$F$170),MATCH(DATEDIF(D52,DATE(2024,7,11),"m"),BMI!$A$3:$A$170,0),0)),BMI!$G$2:$K$2)} -> bt | N52: 85/40 | O52: 79 | P52: 10/10 | Q52: bt | R52: bt | S52: Đa sâu răng | T52: bt | U52: =Q52&"; "&R52&"; "&S52&"; "&T52 -> bt; bt; Đa sâu răng; bt | V52: Đa sâu răng | W52: =ROMAN(MAX(IF(OR(K52=$Z$8,M52=$AD$8,M52=$AH$8),3,IF(OR(K52=$AA$8,M52=$AE$8,M52=$AG$8),2,1)),IF(V52="bt",1,2)),0) -> II
A53: =A52+1 -> 44 | B53: Phạm Trung | C53: Khải | D53: 29/05/2018 | E53: x | G53: 1/2 | H53: 45720 | I53: 22 | J53: 112 | K53: {=LOOKUP(2,1/(J53>=INDEX(IF(F53="x",CCTT!$F$3:$I$170,CCTT!$B$3:$E$170),MATCH(DATEDIF(D53,DATE(2024,7,11),"m"),CCTT!$A$3:$A$170,0),0)),CCTT!$F$2:$I$2)} -> bt | L53: =(I53/J53^2)*10^4 -> 17.538265 | M53: {=LOOKUP(2,1/(L53>=INDEX(IF(F53="x",BMI!$G$3:$K$170,BMI!$B$3:$F$170),MATCH(DATEDIF(D53,DATE(2024,7,11),"m"),BMI!$A$3:$A$170,0),0)),BMI!$G$2:$K$2)} -> TC | N53: 85/45 | O53: 85 | P53: MPT 9/10 | Q53: bt | R53: bt | S53: bt | T53: bt | U53: =Q53&"; "&R53&"; "&S53&"; "&T53 -> bt; bt; bt; bt | V53: bt | W53: =ROMAN(MAX(IF(OR(K53=$Z$8,M53=$AD$8,M53=$AH$8),3,IF(OR(K53=$AA$8,M53=$AE$8,M53=$AG$8),2,1)),IF(V53="bt",1,2)),0) -> II
A54: =A53+1 -> 45 | B54: Hoàng Gia | C54: Khang | D54: 05/12/2018 | E54: x | G54: 1/2 | H54: 45720 | K54: {=LOOKUP(2,1/(J54>=INDEX(IF(F54="x",CCTT!$F$3:$I$170,CCTT!$B$3:$E$170),MATCH(DATEDIF(D54,DATE(2024,7,11),"m"),CCTT!$A$3:$A$170,0),0)),CCTT!$F$2:$I$2)} -> SDDTTC MĐN | L54: =(I54/J54^2)*10^4 -> #DIV/0! | M54: {=LOOKUP(2,1/(L54>=INDEX(IF(F54="x",BMI!$G$3:$K$170,BMI!$B$3:$F$170),MATCH(DATEDIF(D54,DATE(2024,7,11),"m"),BMI!$A$3:$A$170,0),0)),BMI!$G$2:$K$2)} -> #N/A | N54: 95/65 | O54: 83 | P54: 10/10 | Q54: bt | R54: bt | S54: bt | T54: bt | U54: =Q54&"; "&R54&"; "&S54&"; "&T54 -> bt; bt; bt; bt | V54: bt | W54: =ROMAN(MAX(IF(OR(K54=$Z$8,M54=$AD$8,M54=$AH$8),3,IF(OR(K54=$AA$8,M54=$AE$8,M54=$AG$8),2,1)),IF(V54="bt",1,2)),0) -> #N/A
A55: =A54+1 -> 46 | B55: Nguyễn Mậu | C55: Khánh | D55: 14/06/2018 | E55: x | G55: 1/2 | H55: 45720 | I55: 18 | J55: 116 | K55: {=LOOKUP(2,1/(J55>=INDEX(IF(F55="x",CCTT!$F$3:$I$170,CCTT!$B$3:$E$170),MATCH(DATEDIF(D55,DATE(2024,7,11),"m"),CCTT!$A$3:$A$170,0),0)),CCTT!$F$2:$I$2)} -> bt | L55: =(I55/J55^2)*10^4 -> 13.376932 | M55: {=LOOKUP(2,1/(L55>=INDEX(IF(F55="x",BMI!$G$3:$K$170,BMI!$B$3:$F$170),MATCH(DATEDIF(D55,DATE(2024,7,11),"m"),BMI!$A$3:$A$170,0),0)),BMI!$G$2:$K$2)} -> bt | N55: 80/50 | O55: 82 | P55: 10/10 | Q55: bt | R55: bt | S55: Đa sâu răng | T55: bt | U55: =Q55&"; "&R55&"; "&S55&"; "&T55 -> bt; bt; Đa sâu răng; bt | V55: Đa sâu răng | W55: =ROMAN(MAX(IF(OR(K55=$Z$8,M55=$AD$8,M55=$AH$8),3,IF(OR(K55=$AA$8,M55=$AE$8,M55=$AG$8),2,1)),IF(V55="bt",1,2)),0) -> II
A56: =A55+1 -> 47 | B56: Phạm Đăng | C56: Khôi | D56: 31/05/2018 | F56: x | G56: 1/2 | H56: 45720 | I56: 30 | J56: 124 | K56: {=LOOKUP(2,1/(J56>=INDEX(IF(F56="x",CCTT!$F$3:$I$170,CCTT!$B$3:$E$170),MATCH(DATEDIF(D56,DATE(2024,7,11),"m"),CCTT!$A$3:$A$170,0),0)),CCTT!$F$2:$I$2)} -> bt | L56: =(I56/J56^2)*10^4 -> 19.510926 | M56: {=LOOKUP(2,1/(L56>=INDEX(IF(F56="x",BMI!$G$3:$K$170,BMI!$B$3:$F$170),MATCH(DATEDIF(D56,DATE(2024,7,11),"m"),BMI!$A$3:$A$170,0),0)),BMI!$G$2:$K$2)} -> BP | N56: 85/55 | O56: 79 | P56: 10/10 | Q56: bt | R56: bt | S56: bt | T56: bt | U56: =Q56&"; "&R56&"; "&S56&"; "&T56 -> bt; bt; bt; bt | V56: bt | W56: =ROMAN(MAX(IF(OR(K56=$Z$8,M56=$AD$8,M56=$AH$8),3,IF(OR(K56=$AA$8,M56=$AE$8,M56=$AG$8),2,1)),IF(V56="bt",1,2)),0) -> III
A57: =A56+1 -> 48 | B57: Nguyễn Đăng | C57: Khôi | D57: 08/04/2018 | E57: x | G57: 1/2 | H57: 45720 | I57: 20 | J57: 124 | K57: {=LOOKUP(2,1/(J57>=INDEX(IF(F57="x",CCTT!$F$3:$I$170,CCTT!$B$3:$E$170),MATCH(DATEDIF(D57,DATE(2024,7,11),"m"),CCTT!$A$3:$A$170,0),0)),CCTT!$F$2:$I$2)} -> bt | L57: =(I57/J57^2)*10^4 -> 13.007284 | M57: {=LOOKUP(2,1/(L57>=INDEX(IF(F57="x",BMI!$G$3:$K$170,BMI!$B$3:$F$170),MATCH(DATEDIF(D57,DATE(2024,7,11),"m"),BMI!$A$3:$A$170,0),0)),BMI!$G$2:$K$2)} -> SDDTGC | N57: 80/45 | O57: 82 | P57: 10/10 | Q57: bt | R57: bt | S57: Đa sâu răng | T57: bt | U57: =Q57&"; "&R57&"; "&S57&"; "&T57 -> bt; bt; Đa sâu răng; bt | V57: Đa sâu răng | W57: =ROMAN(MAX(IF(OR(K57=$Z$8,M57=$AD$8,M57=$AH$8),3,IF(OR(K57=$AA$8,M57=$AE$8,M57=$AG$8),2,1)),IF(V57="bt",1,2)),0) -> II
A58: =A57+1 -> 49 | B58: Huỳnh Trần Khánh | C58: Linh | D58: 10/01/2018 | F58: x | G58: 1/2 | H58: 45720 | I58: 27 | J58: 125 | K58: {=LOOKUP(2,1/(J58>=INDEX(IF(F58="x",CCTT!$F$3:$I$170,CCTT!$B$3:$E$170),MATCH(DATEDIF(D58,DATE(2024,7,11),"m"),CCTT!$A$3:$A$170,0),0)),CCTT!$F$2:$I$2)} -> bt | L58: =(I58/J58^2)*10^4 -> 17.28 | M58: {=LOOKUP(2,1/(L58>=INDEX(IF(F58="x",BMI!$G$3:$K$170,BMI!$B$3:$F$170),MATCH(DATEDIF(D58,DATE(2024,7,11),"m"),BMI!$A$3:$A$170,0),0)),BMI!$G$2:$K$2)} -> TC | N58: 80/40 | O58: 83 | P58: 10/10 ck | Q58: Loạn thị | R58: bt | S58: Đa sâu răng | T58: bt | U58: =Q58&"; "&R58&"; "&S58&"; "&T58 -> Loạn thị; bt; Đa sâu răng; bt | V58: Loạn thị; Đa sâu răng | W58: =ROMAN(MAX(IF(OR(K58=$Z$8,M58=$AD$8,M58=$AH$8),3,IF(OR(K58=$AA$8,M58=$AE$8,M58=$AG$8),2,1)),IF(V58="bt",1,2)),0) -> II
A59: =A58+1 -> 50 | B59: Nguyễn Phạm Diệu | C59: Linh | D59: 07/12/2018 | F59: x | G59: 1/2 | H59: 45720 | I59: 25 | J59: 118 | K59: {=LOOKUP(2,1/(J59>=INDEX(IF(F59="x",CCTT!$F$3:$I$170,CCTT!$B$3:$E$170),MATCH(DATEDIF(D59,DATE(2024,7,11),"m"),CCTT!$A$3:$A$170,0),0)),CCTT!$F$2:$I$2)} -> bt | L59: =(I59/J59^2)*10^4 -> 17.954611 | M59: {=LOOKUP(2,1/(L59>=INDEX(IF(F59="x",BMI!$G$3:$K$170,BMI!$B$3:$F$170),MATCH(DATEDIF(D59,DATE(2024,7,11),"m"),BMI!$A$3:$A$170,0),0)),BMI!$G$2:$K$2)} -> TC | N59: 80/40 | O59: 81 | P59: 10/10 | Q59: bt | R59: bt | S59: bt | T59: bt | U59: =Q59&"; "&R59&"; "&S59&"; "&T59 -> bt; bt; bt; bt | V59: bt
A60: =A59+1 -> 51 | B60: Nguyễn Trúc | C60: Ly | D60: 15/03/2018 | F60: x | G60: 1/2 | H60: 45720 | I60: 17 | J60: 116 | K60: {=LOOKUP(2,1/(J60>=INDEX(IF(F60="x",CCTT!$F$3:$I$170,CCTT!$B$3:$E$170),MATCH(DATEDIF(D60,DATE(2024,7,11),"m"),CCTT!$A$3:$A$170,0),0)),CCTT!$F$2:$I$2)} -> bt | L60: =(I60/J60^2)*10^4 -> 12.633769 | M60: {=LOOKUP(2,1/(L60>=INDEX(IF(F60="x",BMI!$G$3:$K$170,BMI!$B$3:$F$170),MATCH(DATEDIF(D60,DATE(2024,7,11),"m"),BMI!$A$3:$A$170,0),0)),BMI!$G$2:$K$2)} -> SDDTGC | N60: 80/40 | O60: 81 | P60: MPT 7/10 | Q60: 2 mắt giảm thị lực | R60: bt | S60: Đa sâu răng | T60: bt | U60: =Q60&"; "&R60&"; "&S60&"; "&T60 -> 2 mắt giảm thị lực; bt; Đa sâu răng; bt | V60: 2 mắt giảm thị lực; Đa sâu răng | W60: =ROMAN(MAX(IF(OR(K60=$Z$8,M60=$AD$8,M60=$AH$8),3,IF(OR(K60=$AA$8,M60=$AE$8,M60=$AG$8),2,1)),IF(V60="bt",1,2)),0) -> II
A61: =A60+1 -> 52 | B61: Trần Phạm Tuệ | C61: Mẫn | D61: 25/01/2018 | F61: x | G61: 1/2 | H61: 45720 | I61: 22 | J61: 123 | K61: {=LOOKUP(2,1/(J61>=INDEX(IF(F61="x",CCTT!$F$3:$I$170,CCTT!$B$3:$E$170),MATCH(DATEDIF(D61,DATE(2024,7,11),"m"),CCTT!$A$3:$A$170,0),0)),CCTT!$F$2:$I$2)} -> bt | L61: =(I61/J61^2)*10^4 -> 14.541609 | M61: {=LOOKUP(2,1/(L61>=INDEX(IF(F61="x",BMI!$G$3:$K$170,BMI!$B$3:$F$170),MATCH(DATEDIF(D61,DATE(2024,7,11),"m"),BMI!$A$3:$A$170,0),0)),BMI!$G$2:$K$2)} -> bt | N61: 80/40 | O61: 83 | P61: 10/10 | Q61: bt | R61: bt | S61: bt | T61: bt | U61: =Q61&"; "&R61&"; "&S61&"; "&T61 -> bt; bt; bt; bt | V61: bt | W61: =ROMAN(MAX(IF(OR(K61=$Z$8,M61=$AD$8,M61=$AH$8),3,IF(OR(K61=$AA$8,M61=$AE$8,M61=$AG$8),2,1)),IF(V61="bt",1,2)),0) -> I
A62: =A61+1 -> 53 | B62: Nguyễn Bình | C62: Minh | D62: 10/02/2018 | E62: x | G62: 1/2 | H62: 45720 | I62: 30 | J62: 124 | K62: {=LOOKUP(2,1/(J62>=INDEX(IF(F62="x",CCTT!$F$3:$I$170,CCTT!$B$3:$E$170),MATCH(DATEDIF(D62,DATE(2024,7,11),"m"),CCTT!$A$3:$A$170,0),0)),CCTT!$F$2:$I$2)} -> bt | L62: =(I62/J62^2)*10^4 -> 19.510926 | M62: {=LOOKUP(2,1/(L62>=INDEX(IF(F62="x",BMI!$G$3:$K$170,BMI!$B$3:$F$170),MATCH(DATEDIF(D62,DATE(2024,7,11),"m"),BMI!$A$3:$A$170,0),0)),BMI!$G$2:$K$2)} -> BP | N62: 85/50 | O62: 81 | P62: 10/10 | Q62: bt | R62: bt | S62: bt | T62: bt | U62: =Q62&"; "&R62&"; "&S62&"; "&T62 -> bt; bt; bt; bt | V62: bt | W62: =ROMAN(MAX(IF(OR(K62=$Z$8,M62=$AD$8,M62=$AH$8),3,IF(OR(K62=$AA$8,M62=$AE$8,M62=$AG$8),2,1)),IF(V62="bt",1,2)),0) -> III
A63: =A62+1 -> 54 | B63: Ngô Phúc | C63: Minh | D63: 28/09/2018 | E63: x | G63: 1/2 | H63: 45720 | I63: 22 | J63: 122 | K63: {=LOOKUP(2,1/(J63>=INDEX(IF(F63="x",CCTT!$F$3:$I$170,CCTT!$B$3:$E$170),MATCH(DATEDIF(D63,DATE(2024,7,11),"m"),CCTT!$A$3:$A$170,0),0)),CCTT!$F$2:$I$2)} -> bt | L63: =(I63/J63^2)*10^4 -> 14.780973 | M63: {=LOOKUP(2,1/(L63>=INDEX(IF(F63="x",BMI!$G$3:$K$170,BMI!$B$3:$F$170),MATCH(DATEDIF(D63,DATE(2024,7,11),"m"),BMI!$A$3:$A$170,0),0)),BMI!$G$2:$K$2)} -> bt | N63: 85/45 | O63: 81 | P63: 10/10 | Q63: bt | R63: bt | S63: bt | T63: bt | U63: =Q63&"; "&R63&"; "&S63&"; "&T63 -> bt; bt; bt; bt | V63: bt | W63: =ROMAN(MAX(IF(OR(K63=$Z$8,M63=$AD$8,M63=$AH$8),3,IF(OR(K63=$AA$8,M63=$AE$8,M63=$AG$8),2,1)),IF(V63="bt",1,2)),0) -> I
A64: =A63+1 -> 55 | B64: Trần Ánh | C64: Nga | D64: 19/08/2018 | F64: x | G64: 1/2 | H64: 45720 | I64: 15 | J64: 114 | K64: {=LOOKUP(2,1/(J64>=INDEX(IF(F64="x",CCTT!$F$3:$I$170,CCTT!$B$3:$E$170),MATCH(DATEDIF(D64,DATE(2024,7,11),"m"),CCTT!$A$3:$A$170,0),0)),CCTT!$F$2:$I$2)} -> bt | L64: =(I64/J64^2)*10^4 -> 11.542013 | M64: {=LOOKUP(2,1/(L64>=INDEX(IF(F64="x",BMI!$G$3:$K$170,BMI!$B$3:$F$170),MATCH(DATEDIF(D64,DATE(2024,7,11),"m"),BMI!$A$3:$A$170,0),0)),BMI!$G$2:$K$2)} -> SDDTGC MĐN | N64: 85/45 | O64: 83 | P64: MPT 8/10 | Q64: 2 mắt giảm thị lực | R64: bt | S64: bt | T64: bt | U64: =Q64&"; "&R64&"; "&S64&"; "&T64 -> 2 mắt giảm thị lực; bt; bt; bt | V64: 2 mắt giảm thị lực | W64: =ROMAN(MAX(IF(OR(K64=$Z$8,M64=$AD$8,M64=$AH$8),3,IF(OR(K64=$AA$8,M64=$AE$8,M64=$AG$8),2,1)),IF(V64="bt",1,2)),0) -> III
A65: =A64+1 -> 56 | B65: Phạm | C65: Ngọc | D65: 19/12/2018 | F65: x | G65: 1/2 | H65: 45720 | I65: 18 | J65: 114 | K65: {=LOOKUP(2,1/(J65>=INDEX(IF(F65="x",CCTT!$F$3:$I$170,CCTT!$B$3:$E$170),MATCH(DATEDIF(D65,DATE(2024,7,11),"m"),CCTT!$A$3:$A$170,0),0)),CCTT!$F$2:$I$2)} -> bt | L65: =(I65/J65^2)*10^4 -> 13.850416 | M65: {=LOOKUP(2,1/(L65>=INDEX(IF(F65="x",BMI!$G$3:$K$170,BMI!$B$3:$F$170),MATCH(DATEDIF(D65,DATE(2024,7,11),"m"),BMI!$A$3:$A$170,0),0)),BMI!$G$2:$K$2)} -> bt | N65: 80/40 | O65: 87 | P65: 10/10 | Q65: bt | R65: bt | S65: bt | T65: bt | U65: =Q65&"; "&R65&"; "&S65&"; "&T65 -> bt; bt; bt; bt | V65: bt | W65: =ROMAN(MAX(IF(OR(K65=$Z$8,M65=$AD$8,M65=$AH$8),3,IF(OR(K65=$AA$8,M65=$AE$8,M65=$AG$8),2,1)),IF(V65="bt",1,2)),0) -> I
A66: =A65+1 -> 57 | B66: Hoàng Gia | C66: Nhi | D66: 02/03/2018 | F66: x | G66: 1/2 | H66: 45720 | I66: 29 | J66: 121 | K66: {=LOOKUP(2,1/(J66>=INDEX(IF(F66="x",CCTT!$F$3:$I$170,CCTT!$B$3:$E$170),MATCH(DATEDIF(D66,DATE(2024,7,11),"m"),CCTT!$A$3:$A$170,0),0)),CCTT!$F$2:$I$2)} -> bt | L66: =(I66/J66^2)*10^4 -> 19.80739 | M66: {=LOOKUP(2,1/(L66>=INDEX(IF(F66="x",BMI!$G$3:$K$170,BMI!$B$3:$F$170),MATCH(DATEDIF(D66,DATE(2024,7,11),"m"),BMI!$A$3:$A$170,0),0)),BMI!$G$2:$K$2)} -> BP | N66: 85/40 | O66: 81 | P66: 10/10 | Q66: bt | R66: bt | S66: bt | T66: bt | U66: =Q66&"; "&R66&"; "&S66&"; "&T66 -> bt; bt; bt; bt | V66: bt | W66: =ROMAN(MAX(IF(OR(K66=$Z$8,M66=$AD$8,M66=$AH$8),3,IF(OR(K66=$AA$8,M66=$AE$8,M66=$AG$8),2,1)),IF(V66="bt",1,2)),0) -> III
A67: =A66+1 -> 58 | B67: Bùi Thị Tuyết | C67: Nhi | D67: 02/03/2018 | F67: x | G67: 1/2 | H67: 45720 | I67: 21 | J67: 121 | K67: {=LOOKUP(2,1/(J67>=INDEX(IF(F67="x",CCTT!$F$3:$I$170,CCTT!$B$3:$E$170),MATCH(DATEDIF(D67,DATE(2024,7,11),"m"),CCTT!$A$3:$A$170,0),0)),CCTT!$F$2:$I$2)} -> bt | L67: =(I67/J67^2)*10^4 -> 14.343283 | M67: {=LOOKUP(2,1/(L67>=INDEX(IF(F67="x",BMI!$G$3:$K$170,BMI!$B$3:$F$170),MATCH(DATEDIF(D67,DATE(2024,7,11),"m"),BMI!$A$3:$A$170,0),0)),BMI!$G$2:$K$2)} -> bt | N67: 85/45 | O67: 83 | P67: 10/10 | Q67: bt | R67: bt | S67: bt | T67: bt | U67: =Q67&"; "&R67&"; "&S67&"; "&T67 -> bt; bt; bt; bt | V67: bt | W67: =ROMAN(MAX(IF(OR(K67=$Z$8,M67=$AD$8,M67=$AH$8),3,IF(OR(K67=$AA$8,M67=$AE$8,M67=$AG$8),2,1)),IF(V67="bt",1,2)),0) -> I
A68: =A67+1 -> 59 | B68: Trần Thị Tuyết | C68: Nhi | D68: 11/11/2018 | F68: x | G68: 1/2 | H68: 45720 | I68: 23 | J68: 121 | K68: {=LOOKUP(2,1/(J68>=INDEX(IF(F68="x",CCTT!$F$3:$I$170,CCTT!$B$3:$E$170),MATCH(DATEDIF(D68,DATE(2024,7,11),"m"),CCTT!$A$3:$A$170,0),0)),CCTT!$F$2:$I$2)} -> bt | L68: =(I68/J68^2)*10^4 -> 15.709309 | M68: {=LOOKUP(2,1/(L68>=INDEX(IF(F68="x",BMI!$G$3:$K$170,BMI!$B$3:$F$170),MATCH(DATEDIF(D68,DATE(2024,7,11),"m"),BMI!$A$3:$A$170,0),0)),BMI!$G$2:$K$2)} -> bt | N68: 85/45 | O68: 83 | P68: 10/10 | Q68: bt | R68: bt | S68: bt | T68: bt | U68: =Q68&"; "&R68&"; "&S68&"; "&T68 -> bt; bt; bt; bt | V68: bt | W68: =ROMAN(MAX(IF(OR(K68=$Z$8,M68=$AD$8,M68=$AH$8),3,IF(OR(K68=$AA$8,M68=$AE$8,M68=$AG$8),2,1)),IF(V68="bt",1,2)),0) -> I
A69: =A68+1 -> 60 | B69: Trương An | C69: Nhiên | D69: 18/09/2018 | F69: x | G69: 1/2 | H69: 45720 | I69: 18 | J69: 117 | K69: {=LOOKUP(2,1/(J69>=INDEX(IF(F69="x",CCTT!$F$3:$I$170,CCTT!$B$3:$E$170),MATCH(DATEDIF(D69,DATE(2024,7,11),"m"),CCTT!$A$3:$A$170,0),0)),CCTT!$F$2:$I$2)} -> bt | L69: =(I69/J69^2)*10^4 -> 13.149244 | M69: {=LOOKUP(2,1/(L69>=INDEX(IF(F69="x",BMI!$G$3:$K$170,BMI!$B$3:$F$170),MATCH(DATEDIF(D69,DATE(2024,7,11),"m"),BMI!$A$3:$A$170,0),0)),BMI!$G$2:$K$2)} -> bt | N69: 80/45 | O69: 85 | P69: 10/10 | Q69: bt | R69: bt | S69: bt | T69: bt | U69: =Q69&"; "&R69&"; "&S69&"; "&T69 -> bt; bt; bt; bt | V69: bt | W69: =ROMAN(MAX(IF(OR(K69=$Z$8,M69=$AD$8,M69=$AH$8),3,IF(OR(K69=$AA$8,M69=$AE$8,M69=$AG$8),2,1)),IF(V69="bt",1,2)),0) -> I
A70: =A69+1 -> 61 | B70: Huỳnh Như Minh | C70: Nguyệt | D70: 24/10/2018 | F70: x | G70: 1/2 | H70: 45720 | I70: 20 | J70: 121 | K70: {=LOOKUP(2,1/(J70>=INDEX(IF(F70="x",CCTT!$F$3:$I$170,CCTT!$B$3:$E$170),MATCH(DATEDIF(D70,DATE(2024,7,11),"m"),CCTT!$A$3:$A$170,0),0)),CCTT!$F$2:$I$2)} -> bt | L70: =(I70/J70^2)*10^4 -> 13.660269 | M70: {=LOOKUP(2,1/(L70>=INDEX(IF(F70="x",BMI!$G$3:$K$170,BMI!$B$3:$F$170),MATCH(DATEDIF(D70,DATE(2024,7,11),"m"),BMI!$A$3:$A$170,0),0)),BMI!$G$2:$K$2)} -> bt | N70: 80/40 | O70: 79 | P70: 10/10 | Q70: bt | R70: Viêm mũi họng | S70: bt | T70: bt | U70: =Q70&"; "&R70&"; "&S70&"; "&T70 -> bt; Viêm mũi họng; bt; bt | V70: Viêm mũi họng | W70: =ROMAN(MAX(IF(OR(K70=$Z$8,M70=$AD$8,M70=$AH$8),3,IF(OR(K70=$AA$8,M70=$AE$8,M70=$AG$8),2,1)),IF(V70="bt",1,2)),0) -> II
A71: =A70+1 -> 62 | B71: Hoàng Trọng | C71: Quân | D71: 17/06/2018 | E71: x | G71: 1/2 | H71: 45720 | I71: 19 | J71: 114 | K71: {=LOOKUP(2,1/(J71>=INDEX(IF(F71="x",CCTT!$F$3:$I$170,CCTT!$B$3:$E$170),MATCH(DATEDIF(D71,DATE(2024,7,11),"m"),CCTT!$A$3:$A$170,0),0)),CCTT!$F$2:$I$2)} -> bt | L71: =(I71/J71^2)*10^4 -> 14.619883 | M71: {=LOOKUP(2,1/(L71>=INDEX(IF(F71="x",BMI!$G$3:$K$170,BMI!$B$3:$F$170),MATCH(DATEDIF(D71,DATE(2024,7,11),"m"),BMI!$A$3:$A$170,0),0)),BMI!$G$2:$K$2)} -> bt | N71: 80/45 | O71: 83 | P71: 10/10 | Q71: bt | R71: bt | S71: bt | T71: bt | U71: =Q71&"; "&R71&"; "&S71&"; "&T71 -> bt; bt; bt; bt | V71: bt | W71: =ROMAN(MAX(IF(OR(K71=$Z$8,M71=$AD$8,M71=$AH$8),3,IF(OR(K71=$AA$8,M71=$AE$8,M71=$AG$8),2,1)),IF(V71="bt",1,2)),0) -> I
A72: =A71+1 -> 63 | B72: Đỗ Trí | C72: Quang | D72: 13/03/2018 | E72: x | G72: 1/2 | H72: 45720 | I72: 19 | J72: 112 | K72: {=LOOKUP(2,1/(J72>=INDEX(IF(F72="x",CCTT!$F$3:$I$170,CCTT!$B$3:$E$170),MATCH(DATEDIF(D72,DATE(2024,7,11),"m"),CCTT!$A$3:$A$170,0),0)),CCTT!$F$2:$I$2)} -> bt | L72: =(I72/J72^2)*10^4 -> 15.146684 | M72: {=LOOKUP(2,1/(L72>=INDEX(IF(F72="x",BMI!$G$3:$K$170,BMI!$B$3:$F$170),MATCH(DATEDIF(D72,DATE(2024,7,11),"m"),BMI!$A$3:$A$170,0),0)),BMI!$G$2:$K$2)} -> bt | N72: 80/40 | O72: 83 | P72: 10/10 | Q72: bt | R72: bt | S72: bt | T72: bt | U72: =Q72&"; "&R72&"; "&S72&"; "&T72 -> bt; bt; bt; bt | V72: bt | W72: =ROMAN(MAX(IF(OR(K72=$Z$8,M72=$AD$8,M72=$AH$8),3,IF(OR(K72=$AA$8,M72=$AE$8,M72=$AG$8),2,1)),IF(V72="bt",1,2)),0) -> I
A73: =A72+1 -> 64 | B73: Nguyễn Thanh | C73: Sang | D73: 13/12/2018 | E73: x | G73: 1/2 | H73: 45720 | I73: 18 | J73: 117 | K73: {=LOOKUP(2,1/(J73>=INDEX(IF(F73="x",CCTT!$F$3:$I$170,CCTT!$B$3:$E$170),MATCH(DATEDIF(D73,DATE(2024,7,11),"m"),CCTT!$A$3:$A$170,0),0)),CCTT!$F$2:$I$2)} -> bt | L73: =(I73/J73^2)*10^4 -> 13.149244 | M73: {=LOOKUP(2,1/(L73>=INDEX(IF(F73="x",BMI!$G$3:$K$170,BMI!$B$3:$F$170),MATCH(DATEDIF(D73,DATE(2024,7,11),"m"),BMI!$A$3:$A$170,0),0)),BMI!$G$2:$K$2)} -> bt | N73: 80/50 | O73: 83 | P73: 10/10 | Q73: bt | R73: bt | S73: Đa sâu răng | T73: bt | U73: =Q73&"; "&R73&"; "&S73&"; "&T73 -> bt; bt; Đa sâu răng; bt | V73: Đa sâu răng | W73: =ROMAN(MAX(IF(OR(K73=$Z$8,M73=$AD$8,M73=$AH$8),3,IF(OR(K73=$AA$8,M73=$AE$8,M73=$AG$8),2,1)),IF(V73="bt",1,2)),0) -> II
A74: =A73+1 -> 65 | B74: Trà Nguyễn Thanh | C74: Thanh | D74: 23/05/2018 | F74: x | G74: 1/2 | H74: 45720 | I74: 24 | J74: 125 | K74: {=LOOKUP(2,1/(J74>=INDEX(IF(F74="x",CCTT!$F$3:$I$170,CCTT!$B$3:$E$170),MATCH(DATEDIF(D74,DATE(2024,7,11),"m"),CCTT!$A$3:$A$170,0),0)),CCTT!$F$2:$I$2)} -> bt | L74: =(I74/J74^2)*10^4 -> 15.36 | M74: {=LOOKUP(2,1/(L74>=INDEX(IF(F74="x",BMI!$G$3:$K$170,BMI!$B$3:$F$170),MATCH(DATEDIF(D74,DATE(2024,7,11),"m"),BMI!$A$3:$A$170,0),0)),BMI!$G$2:$K$2)} -> bt | N74: 85/50 | O74: 80 | P74: 10/10 | Q74: bt | R74: bt | S74: Đa sâu răng | T74: bt | U74: =Q74&"; "&R74&"; "&S74&"; "&T74 -> bt; bt; Đa sâu răng; bt | V74: Đa sâu răng | W74: =ROMAN(MAX(IF(OR(K74=$Z$8,M74=$AD$8,M74=$AH$8),3,IF(OR(K74=$AA$8,M74=$AE$8,M74=$AG$8),2,1)),IF(V74="bt",1,2)),0) -> II
A75: =A74+1 -> 66 | B75: Nguyễn Hoàng Vân | C75: Thanh | D75: 29/10/2018 | F75: x | G75: 1/2 | H75: 45720 | I75: 24 | J75: 119 | K75: {=LOOKUP(2,1/(J75>=INDEX(IF(F75="x",CCTT!$F$3:$I$170,CCTT!$B$3:$E$170),MATCH(DATEDIF(D75,DATE(2024,7,11),"m"),CCTT!$A$3:$A$170,0),0)),CCTT!$F$2:$I$2)} -> bt | L75: =(I75/J75^2)*10^4 -> 16.947956 | M75: {=LOOKUP(2,1/(L75>=INDEX(IF(F75="x",BMI!$G$3:$K$170,BMI!$B$3:$F$170),MATCH(DATEDIF(D75,DATE(2024,7,11),"m"),BMI!$A$3:$A$170,0),0)),BMI!$G$2:$K$2)} -> bt | N75: 85/40 | O75: 82 | P75: 10/10 | Q75: bt | R75: bt | S75: bt | T75: bt | U75: =Q75&"; "&R75&"; "&S75&"; "&T75 -> bt; bt; bt; bt | V75: bt | W75: =ROMAN(MAX(IF(OR(K75=$Z$8,M75=$AD$8,M75=$AH$8),3,IF(OR(K75=$AA$8,M75=$AE$8,M75=$AG$8),2,1)),IF(V75="bt",1,2)),0) -> I
A76: =A75+1 -> 67 | B76: Nguyễn Cao | C76: Thiện | D76: 17/03/2018 | E76: x | G76: 1/2 | H76: 45720 | K76: {=LOOKUP(2,1/(J76>=INDEX(IF(F76="x",CCTT!$F$3:$I$170,CCTT!$B$3:$E$170),MATCH(DATEDIF(D76,DATE(2024,7,11),"m"),CCTT!$A$3:$A$170,0),0)),CCTT!$F$2:$I$2)} -> SDDTTC MĐN | L76: =(I76/J76^2)*10^4 -> #DIV/0! | M76: {=LOOKUP(2,1/(L76>=INDEX(IF(F76="x",BMI!$G$3:$K$170,BMI!$B$3:$F$170),MATCH(DATEDIF(D76,DATE(2024,7,11),"m"),BMI!$A$3:$A$170,0),0)),BMI!$G$2:$K$2)} -> #N/A | N76: 90/60 | O76: 79 | P76: 10/10 | Q76: bt | R76: bt | S76: Đa sâu răng | T76: bt | U76: =Q76&"; "&R76&"; "&S76&"; "&T76 -> bt; bt; Đa sâu răng; bt | V76: Đa sâu răng | W76: =ROMAN(MAX(IF(OR(K76=$Z$8,M76=$AD$8,M76=$AH$8),3,IF(OR(K76=$AA$8,M76=$AE$8,M76=$AG$8),2,1)),IF(V76="bt",1,2)),0) -> #N/A
A77: =A76+1 -> 68 | B77: Nguyễn Phú | C77: Thịnh | D77: 19/11/2018 | E77: x | G77: 1/2 | H77: 45720 | I77: 24 | J77: 115 | K77: {=LOOKUP(2,1/(J77>=INDEX(IF(F77="x",CCTT!$F$3:$I$170,CCTT!$B$3:$E$170),MATCH(DATEDIF(D77,DATE(2024,7,11),"m"),CCTT!$A$3:$A$170,0),0)),CCTT!$F$2:$I$2)} -> bt | L77: =(I77/J77^2)*10^4 -> 18.147448 | M77: {=LOOKUP(2,1/(L77>=INDEX(IF(F77="x",BMI!$G$3:$K$170,BMI!$B$3:$F$170),MATCH(DATEDIF(D77,DATE(2024,7,11),"m"),BMI!$A$3:$A$170,0),0)),BMI!$G$2:$K$2)} -> TC | N77: 80/40 | O77: 78 | P77: 10/10 | Q77: bt | R77: bt | S77: bt | T77: bt | U77: =Q77&"; "&R77&"; "&S77&"; "&T77 -> bt; bt; bt; bt | V77: bt | W77: =ROMAN(MAX(IF(OR(K77=$Z$8,M77=$AD$8,M77=$AH$8),3,IF(OR(K77=$AA$8,M77=$AE$8,M77=$AG$8),2,1)),IF(V77="bt",1,2)),0) -> II
A78: =A77+1 -> 69 | B78: Phạm Anh | C78: Tuấn | D78: 19/08/2018 | E78: x | G78: 1/2 | H78: 45720 | I78: 19 | J78: 114 | K78: {=LOOKUP(2,1/(J78>=INDEX(IF(F78="x",CCTT!$F$3:$I$170,CCTT!$B$3:$E$170),MATCH(DATEDIF(D78,DATE(2024,7,11),"m"),CCTT!$A$3:$A$170,0),0)),CCTT!$F$2:$I$2)} -> bt | L78: =(I78/J78^2)*10^4 -> 14.619883 | M78: {=LOOKUP(2,1/(L78>=INDEX(IF(F78="x",BMI!$G$3:$K$170,BMI!$B$3:$F$170),MATCH(DATEDIF(D78,DATE(2024,7,11),"m"),BMI!$A$3:$A$170,0),0)),BMI!$G$2:$K$2)} -> bt | N78: 85/45 | O78: 81 | P78: 10/10 | Q78: bt | R78: bt | S78: Đa sâu răng | T78: bt | U78: =Q78&"; "&R78&"; "&S78&"; "&T78 -> bt; bt; Đa sâu răng; bt | V78: Đa sâu răng | W78: =ROMAN(MAX(IF(OR(K78=$Z$8,M78=$AD$8,M78=$AH$8),3,IF(OR(K78=$AA$8,M78=$AE$8,M78=$AG$8),2,1)),IF(V78="bt",1,2)),0) -> II
A79: =A78+1 -> 70 | B79: Đỗ Nhật | C79: Vinh | D79: 13/03/2018 | E79: x | G79: 1/2 | H79: 45720 | I79: 19 | J79: 118 | K79: {=LOOKUP(2,1/(J79>=INDEX(IF(F79="x",CCTT!$F$3:$I$170,CCTT!$B$3:$E$170),MATCH(DATEDIF(D79,DATE(2024,7,11),"m"),CCTT!$A$3:$A$170,0),0)),CCTT!$F$2:$I$2)} -> bt | L79: =(I79/J79^2)*10^4 -> 13.645504 | M79: {=LOOKUP(2,1/(L79>=INDEX(IF(F79="x",BMI!$G$3:$K$170,BMI!$B$3:$F$170),MATCH(DATEDIF(D79,DATE(2024,7,11),"m"),BMI!$A$3:$A$170,0),0)),BMI!$G$2:$K$2)} -> bt | N79: 80/40 | O79: 83 | P79: 10/10 | Q79: bt | R79: bt | S79: Đa sâu răng | T79: bt | U79: =Q79&"; "&R79&"; "&S79&"; "&T79 -> bt; bt; Đa sâu răng; bt | V79: Đa sâu răng | W79: =ROMAN(MAX(IF(OR(K79=$Z$8,M79=$AD$8,M79=$AH$8),3,IF(OR(K79=$AA$8,M79=$AE$8,M79=$AG$8),2,1)),IF(V79="bt",1,2)),0) -> II
A80: =A79+1 -> 71 | B80: Nguyễn Uy | C80: Vũ | D80: 12/10/2018 | E80: x | G80: 1/2 | H80: 45720 | I80: 20 | J80: 119 | K80: {=LOOKUP(2,1/(J80>=INDEX(IF(F80="x",CCTT!$F$3:$I$170,CCTT!$B$3:$E$170),MATCH(DATEDIF(D80,DATE(2024,7,11),"m"),CCTT!$A$3:$A$170,0),0)),CCTT!$F$2:$I$2)} -> bt | L80: =(I80/J80^2)*10^4 -> 14.123296 | M80: {=LOOKUP(2,1/(L80>=INDEX(IF(F80="x",BMI!$G$3:$K$170,BMI!$B$3:$F$170),MATCH(DATEDIF(D80,DATE(2024,7,11),"m"),BMI!$A$3:$A$170,0),0)),BMI!$G$2:$K$2)} -> bt | N80: 85/40 | O80: 85 | P80: 10/10 | Q80: bt | R80: bt | S80: bt | T80: bt | U80: =Q80&"; "&R80&"; "&S80&"; "&T80 -> bt; bt; bt; bt | V80: bt | W80: =ROMAN(MAX(IF(OR(K80=$Z$8,M80=$AD$8,M80=$AH$8),3,IF(OR(K80=$AA$8,M80=$AE$8,M80=$AG$8),2,1)),IF(V80="bt",1,2)),0) -> I
A81: =A80+1 -> 72 | B81: Nguyễn Ngọc Hoàng | C81: Vy | D81: 25/09/2018 | F81: x | G81: 1/2 | H81: 45720 | I81: 27 | J81: 124 | K81: {=LOOKUP(2,1/(J81>=INDEX(IF(F81="x",CCTT!$F$3:$I$170,CCTT!$B$3:$E$170),MATCH(DATEDIF(D81,DATE(2024,7,11),"m"),CCTT!$A$3:$A$170,0),0)),CCTT!$F$2:$I$2)} -> CHT | L81: =(I81/J81^2)*10^4 -> 17.559834 | M81: {=LOOKUP(2,1/(L81>=INDEX(IF(F81="x",BMI!$G$3:$K$170,BMI!$B$3:$F$170),MATCH(DATEDIF(D81,DATE(2024,7,11),"m"),BMI!$A$3:$A$170,0),0)),BMI!$G$2:$K$2)} -> TC | N81: 85/45 | O81: 83 | P81: 10/10 | Q81: bt | R81: bt | S81: bt | T81: bt | U81: =Q81&"; "&R81&"; "&S81&"; "&T81 -> bt; bt; bt; bt | V81: bt | W81: =ROMAN(MAX(IF(OR(K81=$Z$8,M81=$AD$8,M81=$AH$8),3,IF(OR(K81=$AA$8,M81=$AE$8,M81=$AG$8),2,1)),IF(V81="bt",1,2)),0) -> II
A82: =A81+1 -> 73 | B82: Đàm Thị Thanh | C82: Xuân | D82: 16/04/2018 | F82: x | G82: 1/2 | H82: 45720 | I82: 16 | J82: 114 | K82: {=LOOKUP(2,1/(J82>=INDEX(IF(F82="x",CCTT!$F$3:$I$170,CCTT!$B$3:$E$170),MATCH(DATEDIF(D82,DATE(2024,7,11),"m"),CCTT!$A$3:$A$170,0),0)),CCTT!$F$2:$I$2)} -> bt | L82: =(I82/J82^2)*10^4 -> 12.31148 | M82: {=LOOKUP(2,1/(L82>=INDEX(IF(F82="x",BMI!$G$3:$K$170,BMI!$B$3:$F$170),MATCH(DATEDIF(D82,DATE(2024,7,11),"m"),BMI!$A$3:$A$170,0),0)),BMI!$G$2:$K$2)} -> SDDTGC | N82: 85/45 | O82: 83 | P82: 10/10 | Q82: bt | R82: bt | S82: Đa sâu răng | T82: bt | U82: =Q82&"; "&R82&"; "&S82&"; "&T82 -> bt; bt; Đa sâu răng; bt | V82: Đa sâu răng | W82: =ROMAN(MAX(IF(OR(K82=$Z$8,M82=$AD$8,M82=$AH$8),3,IF(OR(K82=$AA$8,M82=$AE$8,M82=$AG$8),2,1)),IF(V82="bt",1,2)),0) -> II
A83: =A82+1 -> 74 | B83: Nguyễn Khả | C83: Khả | D83: 42836 | F83: x | G83: 1/2 | H83: 45720 | I83: 30 | J83: 125 | K83: {=LOOKUP(2,1/(J83>=INDEX(IF(F83="x",CCTT!$F$3:$I$170,CCTT!$B$3:$E$170),MATCH(DATEDIF(D83,DATE(2024,7,11),"m"),CCTT!$A$3:$A$170,0),0)),CCTT!$F$2:$I$2)} -> bt | L83: =(I83/J83^2)*10^4 -> 19.2 | M83: {=LOOKUP(2,1/(L83>=INDEX(IF(F83="x",BMI!$G$3:$K$170,BMI!$B$3:$F$170),MATCH(DATEDIF(D83,DATE(2024,7,11),"m"),BMI!$A$3:$A$170,0),0)),BMI!$G$2:$K$2)} -> TC | N83: 80/45 | O83: 81 | P83: 10/10 | Q83: bt | R83: bt | S83: bt | T83: bt | U83: =Q83&"; "&R83&"; "&S83&"; "&T83 -> bt; bt; bt; bt | V83: bt | W83: =ROMAN(MAX(IF(OR(K83=$Z$8,M83=$AD$8,M83=$AH$8),3,IF(OR(K83=$AA$8,M83=$AE$8,M83=$AG$8),2,1)),IF(V83="bt",1,2)),0) -> II
A84: =A83+1 -> 75 | B84: Đỗ Diệu | C84: Linh | D84: 25/09/2018 | F84: x | G84: 1/2 | H84: 45720 | I84: 16 | J84: 112 | K84: {=LOOKUP(2,1/(J84>=INDEX(IF(F84="x",CCTT!$F$3:$I$170,CCTT!$B$3:$E$170),MATCH(DATEDIF(D84,DATE(2024,7,11),"m"),CCTT!$A$3:$A$170,0),0)),CCTT!$F$2:$I$2)} -> bt | L84: =(I84/J84^2)*10^4 -> 12.755102 | M84: {=LOOKUP(2,1/(L84>=INDEX(IF(F84="x",BMI!$G$3:$K$170,BMI!$B$3:$F$170),MATCH(DATEDIF(D84,DATE(2024,7,11),"m"),BMI!$A$3:$A$170,0),0)),BMI!$G$2:$K$2)} -> bt | N84: 80/40 | O84: 85 | P84: 10/10 | Q84: bt | R84: bt | S84: Đa sâu răng | T84: bt | U84: =Q84&"; "&R84&"; "&S84&"; "&T84 -> bt; bt; Đa sâu răng; bt | V84: Đa sâu răng | W84: =ROMAN(MAX(IF(OR(K84=$Z$8,M84=$AD$8,M84=$AH$8),3,IF(OR(K84=$AA$8,M84=$AE$8,M84=$AG$8),2,1)),IF(V84="bt",1,2)),0) -> II
A85: =A84+1 -> 76 | B85: Lê Anh | C85: Phát | D85: 43161 | E85: x | G85: 1/2 | H85: 45720 | K85: {=LOOKUP(2,1/(J85>=INDEX(IF(F85="x",CCTT!$F$3:$I$170,CCTT!$B$3:$E$170),MATCH(DATEDIF(D85,DATE(2024,7,11),"m"),CCTT!$A$3:$A$170,0),0)),CCTT!$F$2:$I$2)} -> SDDTTC MĐN | L85: =(I85/J85^2)*10^4 -> #DIV/0! | M85: {=LOOKUP(2,1/(L85>=INDEX(IF(F85="x",BMI!$G$3:$K$170,BMI!$B$3:$F$170),MATCH(DATEDIF(D85,DATE(2024,7,11),"m"),BMI!$A$3:$A$170,0),0)),BMI!$G$2:$K$2)} -> #N/A | N85: 100/60 | O85: 81 | P85: 10/10 | Q85: bt | R85: bt | S85: Đa sâu răng | T85: bt | U85: =Q85&"; "&R85&"; "&S85&"; "&T85 -> bt; bt; Đa sâu răng; bt | V85: Đa sâu răng | W85: =ROMAN(MAX(IF(OR(K85=$Z$8,M85=$AD$8,M85=$AH$8),3,IF(OR(K85=$AA$8,M85=$AE$8,M85=$AG$8),2,1)),IF(V85="bt",1,2)),0) -> #N/A
A86: =A85+1 -> 77 | B86: Phạm Hoàng Thiên | C86: Ân | D86: 03/07/2018 | F86: x | G86: 1/3 | H86: 45720 | I86: 23 | J86: 121 | K86: {=LOOKUP(2,1/(J86>=INDEX(IF(F86="x",CCTT!$F$3:$I$170,CCTT!$B$3:$E$170),MATCH(DATEDIF(D86,DATE(2024,7,11),"m"),CCTT!$A$3:$A$170,0),0)),CCTT!$F$2:$I$2)} -> bt | L86: =(I86/J86^2)*10^4 -> 15.709309 | M86: {=LOOKUP(2,1/(L86>=INDEX(IF(F86="x",BMI!$G$3:$K$170,BMI!$B$3:$F$170),MATCH(DATEDIF(D86,DATE(2024,7,11),"m"),BMI!$A$3:$A$170,0),0)),BMI!$G$2:$K$2)} -> bt | N86: 80/50 | O86: 83 | P86: 10/10 | Q86: bt | R86: bt | S86: bt | T86: bt | U86: =Q86&"; "&R86&"; "&S86&"; "&T86 -> bt; bt; bt; bt | V86: bt | W86: =ROMAN(MAX(IF(OR(K86=$Z$8,M86=$AD$8,M86=$AH$8),3,IF(OR(K86=$AA$8,M86=$AE$8,M86=$AG$8),2,1)),IF(V86="bt",1,2)),0) -> I
A87: =A86+1 -> 78 | B87: Phạm Nguyễn Quang | C87: Anh | D87: 18/06/2018 | E87: x | G87: 1/3 | H87: 45720 | I87: 37.5 | J87: 123 | K87: {=LOOKUP(2,1/(J87>=INDEX(IF(F87="x",CCTT!$F$3:$I$170,CCTT!$B$3:$E$170),MATCH(DATEDIF(D87,DATE(2024,7,11),"m"),CCTT!$A$3:$A$170,0),0)),CCTT!$F$2:$I$2)} -> bt | L87: =(I87/J87^2)*10^4 -> 24.786833 | M87: {=LOOKUP(2,1/(L87>=INDEX(IF(F87="x",BMI!$G$3:$K$170,BMI!$B$3:$F$170),MATCH(DATEDIF(D87,DATE(2024,7,11),"m"),BMI!$A$3:$A$170,0),0)),BMI!$G$2:$K$2)} -> BP | N87: 90/60 | O87: 84 | P87: 10/10 | Q87: bt | R87: bt | S87: bt | T87: bt | U87: =Q87&"; "&R87&"; "&S87&"; "&T87 -> bt; bt; bt; bt | V87: bt | W87: =ROMAN(MAX(IF(OR(K87=$Z$8,M87=$AD$8,M87=$AH$8),3,IF(OR(K87=$AA$8,M87=$AE$8,M87=$AG$8),2,1)),IF(V87="bt",1,2)),0) -> III
A88: =A87+1 -> 79 | B88: Lê Ngọc Phương | C88: Anh | D88: 19/04/2018 | F88: x | G88: 1/3 | H88: 45720 | K88: {=LOOKUP(2,1/(J88>=INDEX(IF(F88="x",CCTT!$F$3:$I$170,CCTT!$B$3:$E$170),MATCH(DATEDIF(D88,DATE(2024,7,11),"m"),CCTT!$A$3:$A$170,0),0)),CCTT!$F$2:$I$2)} -> SDDTTC MĐN | L88: =(I88/J88^2)*10^4 -> #DIV/0! | M88: {=LOOKUP(2,1/(L88>=INDEX(IF(F88="x",BMI!$G$3:$K$170,BMI!$B$3:$F$170),MATCH(DATEDIF(D88,DATE(2024,7,11),"m"),BMI!$A$3:$A$170,0),0)),BMI!$G$2:$K$2)} -> #N/A | N88: 95/65 | O88: 83 | P88: 10/10 | Q88: bt | R88: Viêm mũi xuất tiết | S88: bt | T88: bt | U88: =Q88&"; "&R88&"; "&S88&"; "&T88 -> bt; Viêm mũi xuất tiết; bt; bt | V88: Viêm mũi xuất tiết | W88: =ROMAN(MAX(IF(OR(K88=$Z$8,M88=$AD$8,M88=$AH$8),3,IF(OR(K88=$AA$8,M88=$AE$8,M88=$AG$8),2,1)),IF(V88="bt",1,2)),0) -> #N/A
A89: =A88+1 -> 80 | B89: Lê Nguyên | C89: Bảo | D89: 13/09/2018 | E89: x | G89: 1/3 | H89: 45720 | I89: 18 | J89: 113 | K89: {=LOOKUP(2,1/(J89>=INDEX(IF(F89="x",CCTT!$F$3:$I$170,CCTT!$B$3:$E$170),MATCH(DATEDIF(D89,DATE(2024,7,11),"m"),CCTT!$A$3:$A$170,0),0)),CCTT!$F$2:$I$2)} -> bt | L89: =(I89/J89^2)*10^4 -> 14.09664 | M89: {=LOOKUP(2,1/(L89>=INDEX(IF(F89="x",BMI!$G$3:$K$170,BMI!$B$3:$F$170),MATCH(DATEDIF(D89,DATE(2024,7,11),"m"),BMI!$A$3:$A$170,0),0)),BMI!$G$2:$K$2)} -> bt | N89: 80/55 | O89: 81 | P89: 10/10 | Q89: bt | R89: bt | S89: bt | T89: bt | U89: =Q89&"; "&R89&"; "&S89&"; "&T89 -> bt; bt; bt; bt | V89: bt | W89: =ROMAN(MAX(IF(OR(K89=$Z$8,M89=$AD$8,M89=$AH$8),3,IF(OR(K89=$AA$8,M89=$AE$8,M89=$AG$8),2,1)),IF(V89="bt",1,2)),0) -> I
A90: =A89+1 -> 81 | B90: Lê Nguyễn Bảo | C90: Cường | D90: 19/11/2018 | E90: x | G90: 1/3 | H90: 45720 | I90: 26 | J90: 117 | K90: {=LOOKUP(2,1/(J90>=INDEX(IF(F90="x",CCTT!$F$3:$I$170,CCTT!$B$3:$E$170),MATCH(DATEDIF(D90,DATE(2024,7,11),"m"),CCTT!$A$3:$A$170,0),0)),CCTT!$F$2:$I$2)} -> bt | L90: =(I90/J90^2)*10^4 -> 18.993352 | M90: {=LOOKUP(2,1/(L90>=INDEX(IF(F90="x",BMI!$G$3:$K$170,BMI!$B$3:$F$170),MATCH(DATEDIF(D90,DATE(2024,7,11),"m"),BMI!$A$3:$A$170,0),0)),BMI!$G$2:$K$2)} -> BP | N90: 85/55 | O90: 83 | P90: 10/10 | Q90: bt | R90: bt | S90: bt | T90: bt | U90: =Q90&"; "&R90&"; "&S90&"; "&T90 -> bt; bt; bt; bt | V90: bt | W90: =ROMAN(MAX(IF(OR(K90=$Z$8,M90=$AD$8,M90=$AH$8),3,IF(OR(K90=$AA$8,M90=$AE$8,M90=$AG$8),2,1)),IF(V90="bt",1,2)),0) -> III
A91: =A90+1 -> 82 | B91: Nguyễn Hoàng | C91: Gia | D91: 24/05/2018 | E91: x | G91: 1/3 | H91: 45720 | I91: 32 | J91: 125 | K91: {=LOOKUP(2,1/(J91>=INDEX(IF(F91="x",CCTT!$F$3:$I$170,CCTT!$B$3:$E$170),MATCH(DATEDIF(D91,DATE(2024,7,11),"m"),CCTT!$A$3:$A$170,0),0)),CCTT!$F$2:$I$2)} -> bt | L91: =(I91/J91^2)*10^4 -> 20.48 | M91: {=LOOKUP(2,1/(L91>=INDEX(IF(F91="x",BMI!$G$3:$K$170,BMI!$B$3:$F$170),MATCH(DATEDIF(D91,DATE(2024,7,11),"m"),BMI!$A$3:$A$170,0),0)),BMI!$G$2:$K$2)} -> BP | N91: 85/55 | O91: 86 | P91: 10/10 | Q91: bt | R91: bt | S91: bt | T91: bt | U91: =Q91&"; "&R91&"; "&S91&"; "&T91 -> bt; bt; bt; bt | V91: bt | W91: =ROMAN(MAX(IF(OR(K91=$Z$8,M91=$AD$8,M91=$AH$8),3,IF(OR(K91=$AA$8,M91=$AE$8,M91=$AG$8),2,1)),IF(V91="bt",1,2)),0) -> III
A92: =A91+1 -> 83 | B92: Nguyễn Ngọc Khánh | C92: Hà | D92: 17/09/2018 | F92: x | G92: 1/3 | H92: 45720 | I92: 30 | J92: 124 | K92: {=LOOKUP(2,1/(J92>=INDEX(IF(F92="x",CCTT!$F$3:$I$170,CCTT!$B$3:$E$170),MATCH(DATEDIF(D92,DATE(2024,7,11),"m"),CCTT!$A$3:$A$170,0),0)),CCTT!$F$2:$I$2)} -> CHT | L92: =(I92/J92^2)*10^4 -> 19.510926 | M92: {=LOOKUP(2,1/(L92>=INDEX(IF(F92="x",BMI!$G$3:$K$170,BMI!$B$3:$F$170),MATCH(DATEDIF(D92,DATE(2024,7,11),"m"),BMI!$A$3:$A$170,0),0)),BMI!$G$2:$K$2)} -> BP | N92: 85/55 | O92: 86 | P92: 10/10 | Q92: bt | R92: bt | S92: Đa sâu răng | T92: bt | U92: =Q92&"; "&R92&"; "&S92&"; "&T92 -> bt; bt; Đa sâu răng; bt | V92: Đa sâu răng | W92: =ROMAN(MAX(IF(OR(K92=$Z$8,M92=$AD$8,M92=$AH$8),3,IF(OR(K92=$AA$8,M92=$AE$8,M92=$AG$8),2,1)),IF(V92="bt",1,2)),0) -> III
A93: =A92+1 -> 84 | B93: Nguyễn Quang | C93: Hải | D93: 14/12/2018 | E93: x | G93: 1/3 | H93: 45720 | I93: 22 | J93: 123 | K93: {=LOOKUP(2,1/(J93>=INDEX(IF(F93="x",CCTT!$F$3:$I$170,CCTT!$B$3:$E$170),MATCH(DATEDIF(D93,DATE(2024,7,11),"m"),CCTT!$A$3:$A$170,0),0)),CCTT!$F$2:$I$2)} -> CHT | L93: =(I93/J93^2)*10^4 -> 14.541609 | M93: {=LOOKUP(2,1/(L93>=INDEX(IF(F93="x",BMI!$G$3:$K$170,BMI!$B$3:$F$170),MATCH(DATEDIF(D93,DATE(2024,7,11),"m"),BMI!$A$3:$A$170,0),0)),BMI!$G$2:$K$2)} -> bt | N93: 80/50 | O93: 81 | P93: 10/10 | Q93: bt | R93: Viêm mũi xuất tiết | S93: Đa sâu răng | T93: bt | U93: =Q93&"; "&R93&"; "&S93&"; "&T93 -> bt; Viêm mũi xuất tiết; Đa sâu răng; bt | V93: Viêm mũi xuất tiết; Đa sâu răng | W93: =ROMAN(MAX(IF(OR(K93=$Z$8,M93=$AD$8,M93=$AH$8),3,IF(OR(K93=$AA$8,M93=$AE$8,M93=$AG$8),2,1)),IF(V93="bt",1,2)),0) -> II
A94: =A93+1 -> 85 | B94: Nguyễn Hoàng | C94: Hải | D94: 26/06/2018 | E94: x | G94: 1/3 | H94: 45720 | I94: 20.5 | J94: 118 | K94: {=LOOKUP(2,1/(J94>=INDEX(IF(F94="x",CCTT!$F$3:$I$170,CCTT!$B$3:$E$170),MATCH(DATEDIF(D94,DATE(2024,7,11),"m"),CCTT!$A$3:$A$170,0),0)),CCTT!$F$2:$I$2)} -> bt | L94: =(I94/J94^2)*10^4 -> 14.722781 | M94: {=LOOKUP(2,1/(L94>=INDEX(IF(F94="x",BMI!$G$3:$K$170,BMI!$B$3:$F$170),MATCH(DATEDIF(D94,DATE(2024,7,11),"m"),BMI!$A$3:$A$170,0),0)),BMI!$G$2:$K$2)} -> bt | N94: 80/50 | O94: 83 | P94: 10/10 | Q94: bt | R94: bt | S94: bt | T94: bt | U94: =Q94&"; "&R94&"; "&S94&"; "&T94 -> bt; bt; bt; bt | V94: bt | W94: =ROMAN(MAX(IF(OR(K94=$Z$8,M94=$AD$8,M94=$AH$8),3,IF(OR(K94=$AA$8,M94=$AE$8,M94=$AG$8),2,1)),IF(V94="bt",1,2)),0) -> I
A95: =A94+1 -> 86 | B95: Huỳnh Ngọc Bảo | C95: Hân | D95: 14/01/2018 | F95: x | G95: 1/3 | H95: 45720 | I95: 16 | J95: 109 | K95: {=LOOKUP(2,1/(J95>=INDEX(IF(F95="x",CCTT!$F$3:$I$170,CCTT!$B$3:$E$170),MATCH(DATEDIF(D95,DATE(2024,7,11),"m"),CCTT!$A$3:$A$170,0),0)),CCTT!$F$2:$I$2)} -> bt | L95: =(I95/J95^2)*10^4 -> 13.46688 | M95: {=LOOKUP(2,1/(L95>=INDEX(IF(F95="x",BMI!$G$3:$K$170,BMI!$B$3:$F$170),MATCH(DATEDIF(D95,DATE(2024,7,11),"m"),BMI!$A$3:$A$170,0),0)),BMI!$G$2:$K$2)} -> bt | N95: 80/50 | O95: 86 | P95: 10/10 | Q95: bt | R95: bt | S95: Đa sâu răng | T95: bt | U95: =Q95&"; "&R95&"; "&S95&"; "&T95 -> bt; bt; Đa sâu răng; bt | V95: Đa sâu răng | W95: =ROMAN(MAX(IF(OR(K95=$Z$8,M95=$AD$8,M95=$AH$8),3,IF(OR(K95=$AA$8,M95=$AE$8,M95=$AG$8),2,1)),IF(V95="bt",1,2)),0) -> II
A96: =A95+1 -> 87 | B96: Trần Nguyễn Gia | C96: Hân | D96: 02/11/2018 | F96: x | G96: 1/3 | H96: 45720 | I96: 21.5 | J96: 119 | K96: {=LOOKUP(2,1/(J96>=INDEX(IF(F96="x",CCTT!$F$3:$I$170,CCTT!$B$3:$E$170),MATCH(DATEDIF(D96,DATE(2024,7,11),"m"),CCTT!$A$3:$A$170,0),0)),CCTT!$F$2:$I$2)} -> bt | L96: =(I96/J96^2)*10^4 -> 15.182544 | M96: {=LOOKUP(2,1/(L96>=INDEX(IF(F96="x",BMI!$G$3:$K$170,BMI!$B$3:$F$170),MATCH(DATEDIF(D96,DATE(2024,7,11),"m"),BMI!$A$3:$A$170,0),0)),BMI!$G$2:$K$2)} -> bt | N96: 80/50 | O96: 81 | P96: 10/10 | Q96: bt | R96: bt | S96: Đa sâu răng | T96: bt | U96: =Q96&"; "&R96&"; "&S96&"; "&T96 -> bt; bt; Đa sâu răng; bt | V96: Đa sâu răng | W96: =ROMAN(MAX(IF(OR(K96=$Z$8,M96=$AD$8,M96=$AH$8),3,IF(OR(K96=$AA$8,M96=$AE$8,M96=$AG$8),2,1)),IF(V96="bt",1,2)),0) -> II
A97: =A96+1 -> 88 | B97: Hoàng Gia | C97: Hân | D97: 12/08/2018 | F97: x | G97: 1/3 | H97: 45720 | I97: 27 | J97: 117 | K97: {=LOOKUP(2,1/(J97>=INDEX(IF(F97="x",CCTT!$F$3:$I$170,CCTT!$B$3:$E$170),MATCH(DATEDIF(D97,DATE(2024,7,11),"m"),CCTT!$A$3:$A$170,0),0)),CCTT!$F$2:$I$2)} -> bt | L97: =(I97/J97^2)*10^4 -> 19.723866 | M97: {=LOOKUP(2,1/(L97>=INDEX(IF(F97="x",BMI!$G$3:$K$170,BMI!$B$3:$F$170),MATCH(DATEDIF(D97,DATE(2024,7,11),"m"),BMI!$A$3:$A$170,0),0)),BMI!$G$2:$K$2)} -> BP | N97: 85/55 | O97: 83 | P97: 10/10 | Q97: bt | R97: Viêm mũi xuất tiết | S97: bt | T97: bt | U97: =Q97&"; "&R97&"; "&S97&"; "&T97 -> bt; Viêm mũi xuất tiết; bt; bt | V97: Viêm mũi xuất tiết | W97: =ROMAN(MAX(IF(OR(K97=$Z$8,M97=$AD$8,M97=$AH$8),3,IF(OR(K97=$AA$8,M97=$AE$8,M97=$AG$8),2,1)),IF(V97="bt",1,2)),0) -> III
A98: =A97+1 -> 89 | B98: Phạm Huy | C98: Hoàng | D98: 07/02/2018 | E98: x | G98: 1/3 | H98: 45720 | I98: 19 | J98: 116 | K98: {=LOOKUP(2,1/(J98>=INDEX(IF(F98="x",CCTT!$F$3:$I$170,CCTT!$B$3:$E$170),MATCH(DATEDIF(D98,DATE(2024,7,11),"m"),CCTT!$A$3:$A$170,0),0)),CCTT!$F$2:$I$2)} -> bt | L98: =(I98/J98^2)*10^4 -> 14.120095 | M98: {=LOOKUP(2,1/(L98>=INDEX(IF(F98="x",BMI!$G$3:$K$170,BMI!$B$3:$F$170),MATCH(DATEDIF(D98,DATE(2024,7,11),"m"),BMI!$A$3:$A$170,0),0)),BMI!$G$2:$K$2)} -> bt | N98: 80/50 | O98: 81 | P98: 10/10 | Q98: bt | R98: bt | S98: Đa sâu răng | T98: bt | U98: =Q98&"; "&R98&"; "&S98&"; "&T98 -> bt; bt; Đa sâu răng; bt | V98: Đa sâu răng | W98: =ROMAN(MAX(IF(OR(K98=$Z$8,M98=$AD$8,M98=$AH$8),3,IF(OR(K98=$AA$8,M98=$AE$8,M98=$AG$8),2,1)),IF(V98="bt",1,2)),0) -> II
A99: =A98+1 -> 90 | B99: Nguyễn Văn Gia | C99: Hưng | D99: 17/06/2018 | E99: x | G99: 1/3 | H99: 45720 | I99: 20 | J99: 112 | K99: {=LOOKUP(2,1/(J99>=INDEX(IF(F99="x",CCTT!$F$3:$I$170,CCTT!$B$3:$E$170),MATCH(DATEDIF(D99,DATE(2024,7,11),"m"),CCTT!$A$3:$A$170,0),0)),CCTT!$F$2:$I$2)} -> bt | L99: =(I99/J99^2)*10^4 -> 15.943878 | M99: {=LOOKUP(2,1/(L99>=INDEX(IF(F99="x",BMI!$G$3:$K$170,BMI!$B$3:$F$170),MATCH(DATEDIF(D99,DATE(2024,7,11),"m"),BMI!$A$3:$A$170,0),0)),BMI!$G$2:$K$2)} -> bt | N99: 80/55 | O99: 82 | P99: 10/10 | Q99: bt | R99: bt | S99: Đa sâu răng | T99: bt | U99: =Q99&"; "&R99&"; "&S99&"; "&T99 -> bt; bt; Đa sâu răng; bt | V99: Đa sâu răng | W99: =ROMAN(MAX(IF(OR(K99=$Z$8,M99=$AD$8,M99=$AH$8),3,IF(OR(K99=$AA$8,M99=$AE$8,M99=$AG$8),2,1)),IF(V99="bt",1,2)),0) -> II
A100: =A99+1 -> 91 | B100: Đào Nguyễn Minh | C100: Hưng | D100: 22/06/2018 | E100: x | G100: 1/3 | H100: 45720 | I100: 24.5 | J100: 120 | K100: {=LOOKUP(2,1/(J100>=INDEX(IF(F100="x",CCTT!$F$3:$I$170,CCTT!$B$3:$E$170),MATCH(DATEDIF(D100,DATE(2024,7,11),"m"),CCTT!$A$3:$A$170,0),0)),CCTT!$F$2:$I$2)} -> bt | L100: =(I100/J100^2)*10^4 -> 17.013889 | M100: {=LOOKUP(2,1/(L100>=INDEX(IF(F100="x",BMI!$G$3:$K$170,BMI!$B$3:$F$170),MATCH(DATEDIF(D100,DATE(2024,7,11),"m"),BMI!$A$3:$A$170,0),0)),BMI!$G$2:$K$2)} -> TC | N100: 85/55 | O100: 80 | P100: 10/10 | Q100: bt | R100: bt | S100: bt | T100: bt | U100: =Q100&"; "&R100&"; "&S100&"; "&T100 -> bt; bt; bt; bt | V100: bt | W100: =ROMAN(MAX(IF(OR(K100=$Z$8,M100=$AD$8,M100=$AH$8),3,IF(OR(K100=$AA$8,M100=$AE$8,M100=$AG$8),2,1)),IF(V100="bt",1,2)),0) -> II
A101: =A100+1 -> 92 | B101: Trương Vĩnh | C101: Khang | D101: 30/05/2018 | E101: x | G101: 1/3 | H101: 45720 | I101: 29 | J101: 121 | K101: {=LOOKUP(2,1/(J101>=INDEX(IF(F101="x",CCTT!$F$3:$I$170,CCTT!$B$3:$E$170),MATCH(DATEDIF(D101,DATE(2024,7,11),"m"),CCTT!$A$3:$A$170,0),0)),CCTT!$F$2:$I$2)} -> bt | L101: =(I101/J101^2)*10^4 -> 19.80739 | M101: {=LOOKUP(2,1/(L101>=INDEX(IF(F101="x",BMI!$G$3:$K$170,BMI!$B$3:$F$170),MATCH(DATEDIF(D101,DATE(2024,7,11),"m"),BMI!$A$3:$A$170,0),0)),BMI!$G$2:$K$2)} -> BP | N101: 85/50 | O101: 83 | P101: 10/10 | Q101: bt | R101: Viêm mũi xuất tiết | S101: Đa sâu răng | T101: bt | U101: =Q101&"; "&R101&"; "&S101&"; "&T101 -> bt; Viêm mũi xuất tiết; Đa sâu răng; bt | V101: Viêm mũi xuất tiết; Đa sâu răng | W101: =ROMAN(MAX(IF(OR(K101=$Z$8,M101=$AD$8,M101=$AH$8),3,IF(OR(K101=$AA$8,M101=$AE$8,M101=$AG$8),2,1)),IF(V101="bt",1,2)),0) -> III
A102: =A101+1 -> 93 | B102: Phí Minh | C102: Khôi | D102: 28/03/2018 | E102: x | G102: 1/3 | H102: 45720 | I102: 27 | J102: 126 | K102: {=LOOKUP(2,1/(J102>=INDEX(IF(F102="x",CCTT!$F$3:$I$170,CCTT!$B$3:$E$170),MATCH(DATEDIF(D102,DATE(2024,7,11),"m"),CCTT!$A$3:$A$170,0),0)),CCTT!$F$2:$I$2)} -> bt | L102: =(I102/J102^2)*10^4 -> 17.006803 | M102: {=LOOKUP(2,1/(L102>=INDEX(IF(F102="x",BMI!$G$3:$K$170,BMI!$B$3:$F$170),MATCH(DATEDIF(D102,DATE(2024,7,11),"m"),BMI!$A$3:$A$170,0),0)),BMI!$G$2:$K$2)} -> TC | N102: 80/55 | O102: 84 | P102: 10/10 | Q102: bt | R102: Viêm mũi xuất tiết | S102: bt | T102: bt | U102: =Q102&"; "&R102&"; "&S102&"; "&T102 -> bt; Viêm mũi xuất tiết; bt; bt | V102: Viêm mũi xuất tiết | W102: =ROMAN(MAX(IF(OR(K102=$Z$8,M102=$AD$8,M102=$AH$8),3,IF(OR(K102=$AA$8,M102=$AE$8,M102=$AG$8),2,1)),IF(V102="bt",1,2)),0) -> II
...

Sheet BTH
A1: SỞ Y TẾ KHÁNH HÒA | M1: CỘNG HÒA XÃ HỘI CHỦ NGHĨA VIỆT NAM
A2: PHÒNG KHÁM ĐA KHOA PHÚC THIỆN NHÂN | M2: Độc lập - Tự do - Hạnh phúc
M4: Nha Trang, ngày 18 tháng 03 năm 2025
A6: BẢNG TỔNG HỢP KHÁM SỨC KHỎE HỌC SINH
A7: (Khám sức khỏe học sinh năm học 2024-2025 ngày 04 tháng 03 năm 2025)
A9: TÊN ĐƠN VỊ | C9: : TRƯỜNG TIỂU HỌC PHƯỚC ĐỒNG
A10: ĐỊA CHỈ | C10: : Thôn Phước Điền - Xã Phước Đồng - Nha Trang - Khánh Hòa
A12: STT | B12: TÊN LỚP | C12: SỐ LƯỢNG | D12: TÌNH TRẠNG DINH DƯỠNG | M12: KHÁM CHUYÊN KHOA | Q12: PHÂN LOẠI SỨC KHỎE
D13: Chiều cao | H13: Cân nặng theo chiều cao (BMI)
D14: SDDTTC MĐN | E14: SDDTTC | F14: bt | G14: CHT | H14: SDDTGC MĐN | I14: SDDTGC | J14: bt | K14: TC | L14: BP | M14: MẮT | N14: TAI MŨI HỌNG | O14: RĂNG HÀM MẶT | P14: KHÁC | Q14: I | R14: II | S14: III
A15: 1 | B15: 1/1 | C15: 35 | T15: =D15+E15+F15+G15 -> 0 | U15: =H15+I15+J15+K15+L15 -> 0 | V15: =Q15+R15+S15 -> 0
A16: 2 | B16: 1/2 | C16: 41 | T16: =D16+E16+F16+G16 -> 0 | U16: =H16+I16+J16+K16+L16 -> 0 | V16: =Q16+R16+S16 -> 0
A17: 3 | B17: 1/3 | C17: 48 | T17: =D17+E17+F17+G17 -> 0 | U17: =H17+I17+J17+K17+L17 -> 0 | V17: =Q17+R17+S17 -> 0
A18: 4 | B18: 1/4 | C18: 49 | T18: =D18+E18+F18+G18 -> 0 | U18: =H18+I18+J18+K18+L18 -> 0 | V18: =Q18+R18+S18 -> 0
A19: 5 | B19: 1/5 | C19: 49 | T19: =D19+E19+F19+G19 -> 0 | U19: =H19+I19+J19+K19+L19 -> 0 | V19: =Q19+R19+S19 -> 0
A20: 6 | B20: 1/6 | C20: 50 | T20: =D20+E20+F20+G20 -> 0 | U20: =H20+I20+J20+K20+L20 -> 0 | V20: =Q20+R20+S20 -> 0
A21: 7 | B21: 1/7 | C21: 50 | T21: =D21+E21+F21+G21 -> 0 | U21: =H21+I21+J21+K21+L21 -> 0 | V21: =Q21+R21+S21 -> 0
A22: 8 | B22: 1/8 | C22: 47 | T22: =D22+E22+F22+G22 -> 0 | U22: =H22+I22+J22+K22+L22 -> 0 | V22: =Q22+R22+S22 -> 0
A23: 9 | B23: 1/9 | C23: 46 | T23: =D23+E23+F23+G23 -> 0 | U23: =H23+I23+J23+K23+L23 -> 0 | V23: =Q23+R23+S23 -> 0
A24: 10 | B24: 2/1 | C24: 29 | T24: =D24+E24+F24+G24 -> 0 | U24: =H24+I24+J24+K24+L24 -> 0 | V24: =Q24+R24+S24 -> 0
A25: 11 | B25: 2/2 | C25: 36 | T25: =D25+E25+F25+G25 -> 0 | U25: =H25+I25+J25+K25+L25 -> 0 | V25: =Q25+R25+S25 -> 0
A26: 12 | B26: 2/3 | C26: 45 | T26: =D26+E26+F26+G26 -> 0 | U26: =H26+I26+J26+K26+L26 -> 0 | V26: =Q26+R26+S26 -> 0
... A57: 43 | B57: 5/8 | C57: 47 | T57: =D57+E57+F57+G57 -> 0 | U57: =H57+I57+J57+K57+L57 -> 0 | V57: =Q57+R57+S57 -> 0
A58: TỔNG CỘNG | C58: =SUM(C15:C57) -> 1870 | D58: =SUM(D15:D57) -> 0 | E58: =SUM(E15:E57) -> 0 | F58: =SUM(F15:F57) -> 0 | G58: =SUM(G15:G57) -> 0 | H58: =SUM(H15:H57) -> 0 | I58: =SUM(I15:I57) -> 0 | J58: =SUM(J15:J57) -> 0 | ... S58: =SUM(S15:S57) -> 0 | T58: =D58+E58+F58+G58 -> 0 | U58: =SUM(U15:U57) -> 0 | V58: =Q58+R58+S58 -> 0
A59: TỶ LỆ | C59: 100 | D59: =D58/$C58*100 -> 0 | E59: =E58/$C58*100 -> 0 | F59: =F58/$C58*100 -> 0 | G59: =G58/$C58*100 -> 0 | H59: =H58/$C58*100 -> 0 | I59: =I58/$C58*100 -> 0 | J59: =J58/$C58*100 -> 0 | K59: =K58/$C58*100 -> 0 | ... P59: =P58/$C58*100 -> 0 | Q59: 31.8 | R59: =R58/$C58*100 -> 0 | S59: =S58/$C58*100 -> 0
A61: KIẾN NGHỊ
A62: - Nhà trường, phụ huynh có chế độ ăn hợp lý cho các cháu thừa cân, béo phì. Tăng cường vận động, luyện tập thể dục thể thao, hạn chế chất ngọt, béo…. - Tăng cường truyền thông cho phụ huynh, học sinh, giáo viên chủ nhiệm về tình trạng dinh dưỡng của học sinh. - Tăng cường chất dinh dưỡng cho các cháu bị suy dinh dưỡng thể gầy còm. - Thông báo đến phụ huynh các cháu bị viêm mũi họng, sâu răng, cận thị, da liễu,… khám thêm chuyên khoa để có hướng điều trị. (Có danh sách trong sổ theo dõi tình trạng bệnh). - Đề nghị tăng cường vệ sinh răng miệng hàng ngày, tăng công tác truyền thông Nha học đường cho phụ huynh và học sinh, giữ gìn vệ sinh thân thể thường xuyên.
B70: NGƯỜI TỔNG HỢP | O70: ĐOÀN KHÁM
B76: YS. Lê Thị Diệu Hiền

Sheet BIỂU ĐỒ
A1: SỞ Y TẾ KHÁNH HÒA | I1: CỘNG HÒA XÃ HỘI CHỦ NGHĨA VIỆT NAM | R1: BIỂU ĐỒ CHIỀU CAO THEO TUỔI | AB1: =CONCATENATE("BIỂU ĐỒ ",RIGHT(#REF!,LEN(#REF!)-7)) -> #REF!
A2: PHÒNG KHÁM ĐA KHOA PHÚC THIỆN NHÂN | I2: Độc lập - Tự do - Hạnh phúc
I4: Nha Trang, ngày 18 tháng 03 năm 2025 | AC4: Tỷ lệ %
AB5: Suy dinh dưỡng thấp còi nặng | AC5: =O21/100 -> 0
A6: TỔNG HỢP KHÁM SỨC KHỎE HỌC SINH NĂM HỌC 2024-2025 | AB6: Suy dinh dưỡng thấp còi | AC6: =O22/100 -> 0
AB7: Bình thường | AC7: =O23/100 -> 0
A8: (Khám sức khỏe học sinh năm học 2024-2025 ngày 04 tháng 03 năm 2025) | AB8: Cao hơn tuổi | AC8: =O24/100 -> 0
A10: TÊN ĐƠN VỊ | D10: : TRƯỜNG TIỂU HỌC PHƯỚC ĐỒNG
A11: ĐỊA CHỈ | D11: : Thôn Phước Điền - Xã Phước Đồng - Nha Trang - Khánh Hòa
A13: I. THÔNG TIN CHUNG:
A15: ‐ Tổng số học sinh | E15: =": "&BTH!C58&" học sinh" -> : 1870 học sinh | K15: ‐ Tổng số lớp | N15: =": "&COUNTA(BTH!A15:A57) -> : 43
A17: II. TÌNH TRẠNG DINH DƯỠNG:
A19: 2.1. Chiều cao theo tuổi
B21: ‐ Suy dinh dưỡng thể thấp còi nặng | J21: =": "&BTH!D58 -> : 0 | M21: chiếm | O21: =ROUND(BTH!D59,1) -> 0 | P21: % | R21: BIỂU ĐỒ BMI | AC21: Tỷ lệ %
B22: ‐ Suy dinh dưỡng thể thấp còi | J22: =": "&BTH!E58 -> : 0 | M22: chiếm | O22: =ROUND(BTH!E59,1) -> 0 | P22: % | AB22: Suy dinh dưỡng gầy còm nặng | AC22: =O28/100 -> 0
B23: ‐ Bình thường | J23: =": "&BTH!F58 -> : 0 | M23: chiếm | O23: =ROUND(BTH!F59,1) -> 0 | P23: % | AB23: Suy dinh dưỡng gầy còm | AC23: =O29/100 -> 0
B24: ‐ Cao hơn tuổi | J24: =": "&BTH!G58 -> : 0 | M24: chiếm | O24: =ROUND(BTH!G59,1) -> 0 | P24: % | AB24: Bình thường | AC24: =O30/100 -> 0
AB25: Thừa cân | AC25: =O31/100 -> 0
A26: 2.3 Theo BMI | AB26: Béo phì | AC26: =O32/100 -> 0
B28: ‐ Suy dinh dưỡng thể gầy còm nặng | J28: =": "&BTH!H58 -> : 0 | M28: chiếm | O28: =ROUND(BTH!H59,1) -> 0 | P28: %
B29: ‐ Suy dinh dưỡng thể gầy còm | J29: =": "&BTH!I58 -> : 0 | M29: chiếm | O29: =ROUND(BTH!I59,1) -> 0 | P29: %
B30: ‐ Bình thường | J30: =": "&BTH!J58 -> : 0 | M30: chiếm | O30: =ROUND(BTH!J59,1) -> 0 | P30: %
B31: ‐ Thừa cân | J31: =": "&BTH!K58 -> : 0 | M31: chiếm | O31: =ROUND(BTH!K59,1) -> 0 | P31: %
B32: ‐ Béo phì | J32: =": "&BTH!L58 -> : 0 | M32: chiếm | O32: =ROUND(BTH!L59,1) -> 0 | P32: %
A35: III. CÁC NHÓM BỆNH MẮC PHẢI | R35: BIỂU ĐỒ CÁC NHÓM BỆNH
B37: ‐ Mắt | I37: =": "&BTH!M58 -> : 0 | L37: chiếm | O37: =ROUND(BTH!M59,1) -> 0 | P37: %
B38: ‐ Tai - Mũi - Họng | I38: =": "&BTH!N58 -> : 0 | L38: chiếm | O38: =ROUND(BTH!N59,1) -> 0 | P38: % | AC38: Tỷ lệ %
B39: ‐ Răng - Hàm - Mặt | I39: =": "&BTH!O58 -> : 0 | L39: chiếm | O39: =ROUND(BTH!O59,1) -> 0 | P39: % | AB39: Mắt | AC39: =O37/100 -> 0
B40: ‐ Khác | I40: =": "&BTH!P58 -> : 0 | L40: chiếm | O40: =ROUND(BTH!P59,1) -> 0 | P40: % | AB40: Tai - Mũi - Họng | AC40: =O38/100 -> 0
AB41: Răng - Hàm - Mặt | AC41: =O39/100 -> 0
A42: IV. PHÂN LOẠI SỨC KHỎE | AB42: Khác | AC42: =O40/100 -> 0
B44: ‐ Sức khỏe loại I | I44: =": "&BTH!Q58 -> : 0 | L44: chiếm | O44: =ROUND(BTH!Q59,1) -> 31.8 | P44: %
B45: ‐ Sức khỏe loại II | I45: =": "&BTH!R58 -> : 0 | L45: chiếm | O45: =ROUND(BTH!R59,1) -> 0 | P45: %
B46: ‐ Sức khỏe loại III | I46: =": "&BTH!S58 -> : 0 | L46: chiếm | O46: =ROUND(BTH!S59,1) -> 0 | P46: %
A48: V. KIẾN NGHỊ
R49: BIỂU ĐỒ PHÂN LOẠI SỨC KHỎE
A50: ‐ Nhà trường, phụ huynh có chế độ ăn hợp lý cho các học sinh thừa cân, béo phì. Tuyên truyền tăng cường vận động, luyện tập thể dục thể thao, hạn chế sử dụng thực phẩm chứa nhiều chất ngọt, béo….
AC51: Tỷ lệ %
AB52: Loại I | AC52: =O44/100 -> 0.318
A53: ‐ Tuyên truyền phụ huynh tăng cường dinh dưỡng cho học sinh bị suy dinh dưỡng. | AB53: Loại II | AC53: =O45/100 -> 0
AB54: Loại III | AC54: =O46/100 -> 0
A55: ‐ Lưu ý và thông báo đến phụ huynh các học sinh mắc các bệnh chuyên khoa: mắt, tai mũi họng, răng hàm mặt… khám thêm chuyên khoa để có hướng điều trị. (Có danh sách trong sổ theo dõi tình trạng bệnh của học sinh).
A58: ‐ Đề nghị tăng cường vệ sinh răng miệng hàng ngày, giữ gìn vệ sinh thân thể thường xuyên.
A61: VI. BIỂU ĐỒ
A62: Gồm 4 biểu đồ:
A63: ‐ Biểu đồ chiều cao theo tuổi | R63: NGƯỜI TỔNG HỢP | X63: ĐOÀN KHÁM
A64: ‐ Biểu đồ BMI
A65: ‐ Biểu đồ các nhóm bệnh
A66: ‐ Biểu đồ phân loại sức khỏe
R69: YS. Lê Thị Diệu Hiền

Sheet 1,1
A1: BẢNG TỔNG HỢP KHÁM SỨC KHỎE HỌC SINH
A2: (Khám sức khỏe học sinh năm học 2024-2025 ngày 04 tháng 3 năm 2025)
A4: TÊN ĐƠN VỊ | C4: : TRƯỜNG TIỂU HỌC PHƯỚC ĐỒNG | N4: LỚP:
A5: ĐỊA CHỈ | C5: : Thôn Phước Điền - Xã Phước Đồng - Nha Trang - Khánh Hòa
A7: STT | B7: HỌ VÀ TÊN | D7: NGÀY SINH | E7: Giới tính | G7: Lớp | H7: Ngày tháng phát hiện | I7: TÌNH TRẠNG DINH DƯỠNG | N7: Huyết áp (mmHg) | O7: Nhịp tim (l/p) | P7: Thị lực | V7: KHÁM CHUYÊN KHOA | W7: PHÂN LOẠI SỨC KHỎE | Z7: Tình trạng dinh dưỡng | AM7: Khám chuyên khoa | AR7: Phân loại sức khỏe
E8: Nam | F8: Nữ | I8: Cân nặng (kg) | J8: Chiều cao (cm) | K8: Kết quả CCTT | L8: BMI | M8: Kết quả BMI | Q8: Mắt | R8: TMH | S8: RHM | T8: Khác | Z8: SDDTTC MĐN | AA8: SDDTTC | AB8: bt | AC8: CHT | AD8: SDDTGC MĐN | AE8: SDDTGC | AF8: bt | AG8: TC | AH8: BP | AI8: MẮT | AN8: TAI MŨI HỌNG | AO8: RHM | AQ8: KHÁC | AR8: I | AS8: II | AT8: III
C9: =COUNTA(C10:C45) -> 0 | D9: =COUNTA(D10:D45) -> 0 | I9: =COUNTA(I10:I45) -> 0 | J9: =COUNTA(J10:J45) -> 0 | K9: =COUNTA(K10:K45) -> 0 | L9: =COUNTA(L10:L45) -> 0 | M9: =COUNTA(M10:M45) -> 0 | N9: =COUNTA(N10:N45) -> 0 | O9: =COUNTA(O10:O45) -> 0 | P9: =COUNTA(P10:P45) -> 0 | Q9: =$C9-COUNTIF(Q10:Q45,"bt") -> -35 | R9: =$C9-COUNTIF(R10:R45,"bt") -> -27 | S9: =$C9-COUNTIF(S10:S45,"bt") -> -23 | T9: =$C9-COUNTIF(T10:T45,"bt") -> -36 | U9: =Q9&"; "&R9&"; "&S9&"; "&T9 -> -35; -27; -23; -36 | W9: =ROMAN(MAX(IF(OR(K9=$Z$8,M9=$AD$8,M9=$AH$8),3,IF(OR(K9=$AA$8,M9=$AE$8,M9=$AG$8),2,1)),IF(V9="bt",1,2)),0) -> II | AI9: Loạn thị | AJ9: Cận loạn thị | AK9: Cận thị | AL9: Tật khúc xạ | AM9: bt | AO9: bt
A10: 1 | Q10: bt | R10: bt | S10: Sâu răng | T10: bt | U10: bt; bt; Sâu răng; bt | Y10: Số lượng | Z10: =COUNTIF($K$10:$K$45,Z8) -> 0 | AA10: =COUNTIF($K$10:$K$45,AA8) -> 0 | AB10: =COUNTIF($K$10:$K$45,AB8) -> 0 | AC10: =COUNTIF($K$10:$K$45,AC8) -> 0 | AD10: =COUNTIF($M$10:$M$45,AD8) -> 0 | AE10: =COUNTIF($M$10:$M$45,AE8) -> 0 | AF10: =COUNTIF($M$10:$M$45,AF8) -> 0 | AG10: =COUNTIF($M$10:$M$45,AG8) -> 0 | AH10: =COUNTIF($M$10:$M$45,AH8) -> 0 | AI10: =COUNTIF(Q10:Q45,AI9) -> 0 | AJ10: =COUNTIF(Q10:Q45,AJ9) -> 0 | AK10: =COUNTIF(Q10:Q45,AK9) -> 0 | AL10: =COUNTIF(Q10:Q45,AL9) -> 0 | AM10: =COUNTIF(Q10:Q45,AM9) -> 35 | AN10: =R9 -> -27 | AO10: =COUNTIF(S10:S45,"bt") -> 23 | AP10: =S9 -> -23 | AQ10: =T9 -> -36 | AR10: =COUNTIF($W$10:$W$45,AR8) -> 0 | AS10: =COUNTIF($W$10:$W$45,AS8) -> 0 | AT10: =COUNTIF($W$10:$W$45,AT8) -> 0
A11: 2 | Q11: bt | R11: Viêm mũi họng | S11: Đa sâu răng | T11: bt | U11: bt; Viêm mũi họng; Đa sâu răng; bt | AC11: =SUM(Z10:AC10) -> 0 | AH11: =SUM(AD10:AH10) -> 0 | AJ11: Tổng: | AK11: =SUM(AI10:AM10) -> 35 | AT11: =SUM(AR10:AT10) -> 0
A12: 3 | Q12: 2 mắt giảm thị lực | R12: Viêm mũi họng | S12: Đa sâu răng | T12: bt | U12: 2 mắt giảm thị lực; Viêm mũi họng; Đa sâu răng; bt
A13: 4 | Q13: bt | R13: bt | S13: bt | T13: bt | U13: bt; bt; bt; bt
A14: 5 | Q14: bt | R14: bt | S14: Đa sâu răng | T14: bt | U14: bt; bt; Đa sâu răng; bt
A15: 6 | Q15: bt | R15: bt | S15: Đa sâu răng | T15: bt | U15: bt; bt; Đa sâu răng; bt
A16: 7 | Q16: bt | R16: bt | S16: bt | T16: bt | U16: bt; bt; bt; bt
A17: 8 | Q17: bt | R17: bt | S17: Sâu răng | T17: bt | U17: bt; bt; Sâu răng; bt
A18: 9 | Q18: bt | R18: bt | S18: bt | T18: bt | U18: bt; bt; bt; bt
A19: 10 | Q19: bt | R19: Viêm mũi họng | S19: bt | T19: bt | U19: bt; Viêm mũi họng; bt; bt
A20: 11 | Q20: bt | R20: bt | S20: bt | T20: bt | U20: bt; bt; bt; bt
A21: 12 | Q21: bt | R21: Viêm mũi họng | S21: bt | T21: bt | U21: bt; Viêm mũi họng; bt; bt
A22: 13 | Q22: bt | R22: bt | S22: bt | T22: bt | U22: bt; bt; bt; bt
A23: 14 | Q23: bt | R23: bt | S23: Đa sâu răng | T23: bt | U23: bt; bt; Đa sâu răng; bt
... A45: 35 | Q45: bt | R45: bt | S45: Đa sâu răng | T45: bt | U45: bt; bt; Đa sâu răng; bt
A46: 36
A47: 36
A48: 36
A49: 36
A50: 36
A51: 36
A52: 36
A53: 36
A54: 36
A55: 36
A56: 36
A57: 36
... A60: 36

Sheet 1,2
A1: BẢNG TỔNG HỢP KHÁM SỨC KHỎE HỌC SINH
A2: (Khám sức khỏe học sinh năm học 2024-2025 ngày 04 tháng 3 năm 2025)
A4: TÊN ĐƠN VỊ | C4: : TRƯỜNG TIỂU HỌC PHƯỚC ĐỒNG | N4: LỚP:
A5: ĐỊA CHỈ | C5: : Thôn Phước Điền - Xã Phước Đồng - Nha Trang - Khánh Hòa
A7: STT | B7: HỌ VÀ TÊN | D7: NGÀY SINH | E7: Giới tính | G7: Lớp | H7: Ngày tháng phát hiện | I7: TÌNH TRẠNG DINH DƯỠNG | N7: Huyết áp (mmHg) | O7: Nhịp tim (l/p) | P7: Thị lực | V7: KHÁM CHUYÊN KHOA | W7: PHÂN LOẠI SỨC KHỎE | Z7: Tình trạng dinh dưỡng | AM7: Khám chuyên khoa | AR7: Phân loại sức khỏe
E8: Nam | F8: Nữ | I8: Cân nặng (kg) | J8: Chiều cao (cm) | K8: Kết quả CCTT | L8: BMI | M8: Kết quả BMI | Q8: Mắt | R8: TMH | S8: RHM | T8: Khác | Z8: SDDTTC MĐN | AA8: SDDTTC | AB8: bt | AC8: CHT | AD8: SDDTGC MĐN | AE8: SDDTGC | AF8: bt | AG8: TC | AH8: BP | AI8: MẮT | AN8: TAI MŨI HỌNG | AO8: RHM | AQ8: KHÁC | AR8: I | AS8: II | AT8: III
C9: =COUNTA(C10:C45) -> 0 | D9: =COUNTA(D10:D45) -> 0 | I9: =COUNTA(I10:I45) -> 0 | J9: =COUNTA(J10:J45) -> 0 | K9: =COUNTA(K10:K45) -> 0 | L9: =COUNTA(L10:L45) -> 0 | M9: =COUNTA(M10:M45) -> 0 | N9: =COUNTA(N10:N45) -> 0 | O9: =COUNTA(O10:O45) -> 0 | P9: =COUNTA(P10:P45) -> 0 | Q9: =$C9-COUNTIF(Q10:Q45,"bt") -> -35 | R9: =$C9-COUNTIF(R10:R45,"bt") -> -27 | S9: =$C9-COUNTIF(S10:S45,"bt") -> -23 | T9: =$C9-COUNTIF(T10:T45,"bt") -> -36 | U9: =Q9&"; "&R9&"; "&S9&"; "&T9 -> -35; -27; -23; -36 | W9: =ROMAN(MAX(IF(OR(K9=$Z$8,M9=$AD$8,M9=$AH$8),3,IF(OR(K9=$AA$8,M9=$AE$8,M9=$AG$8),2,1)),IF(V9="bt",1,2)),0) -> II | AI9: Loạn thị | AJ9: Cận loạn thị | AK9: Cận thị | AL9: Tật khúc xạ | AM9: bt | AO9: bt
A10: 1 | Q10: bt | R10: bt | S10: Sâu răng | T10: bt | U10: bt; bt; Sâu răng; bt | Y10: Số lượng | Z10: =COUNTIF($K$10:$K$45,Z8) -> 0 | AA10: =COUNTIF($K$10:$K$45,AA8) -> 0 | AB10: =COUNTIF($K$10:$K$45,AB8) -> 0 | AC10: =COUNTIF($K$10:$K$45,AC8) -> 0 | AD10: =COUNTIF($M$10:$M$45,AD8) -> 0 | AE10: =COUNTIF($M$10:$M$45,AE8) -> 0 | AF10: =COUNTIF($M$10:$M$45,AF8) -> 0 | AG10: =COUNTIF($M$10:$M$45,AG8) -> 0 | AH10: =COUNTIF($M$10:$M$45,AH8) -> 0 | AI10: =COUNTIF(Q10:Q45,AI9) -> 0 | AJ10: =COUNTIF(Q10:Q45,AJ9) -> 0 | AK10: =COUNTIF(Q10:Q45,AK9) -> 0 | AL10: =COUNTIF(Q10:Q45,AL9) -> 0 | AM10: =COUNTIF(Q10:Q45,AM9) -> 35 | AN10: =R9 -> -27 | AO10: =COUNTIF(S10:S45,"bt") -> 23 | AP10: =S9 -> -23 | AQ10: =T9 -> -36 | AR10: =COUNTIF($W$10:$W$45,AR8) -> 0 | AS10: =COUNTIF($W$10:$W$45,AS8) -> 0 | AT10: =COUNTIF($W$10:$W$45,AT8) -> 0
A11: 2 | Q11: bt | R11: Viêm mũi họng | S11: Đa sâu răng | T11: bt | U11: bt; Viêm mũi họng; Đa sâu răng; bt | AC11: =SUM(Z10:AC10) -> 0 | AH11: =SUM(AD10:AH10) -> 0 | AJ11: Tổng: | AK11: =SUM(AI10:AM10) -> 35 | AT11: =SUM(AR10:AT10) -> 0
A12: 3 | Q12: 2 mắt giảm thị lực | R12: Viêm mũi họng | S12: Đa sâu răng | T12: bt | U12: 2 mắt giảm thị lực; Viêm mũi họng; Đa sâu răng; bt
A13: 4 | Q13: bt | R13: bt | S13: bt | T13: bt | U13: bt; bt; bt; bt
A14: 5 | Q14: bt | R14: bt | S14: Đa sâu răng | T14: bt | U14: bt; bt; Đa sâu răng; bt
A15: 6 | Q15: bt | R15: bt | S15: Đa sâu răng | T15: bt | U15: bt; bt; Đa sâu răng; bt
A16: 7 | Q16: bt | R16: bt | S16: bt | T16: bt | U16: bt; bt; bt; bt
A17: 8 | Q17: bt | R17: bt | S17: Sâu răng | T17: bt | U17: bt; bt; Sâu răng; bt
A18: 9 | Q18: bt | R18: bt | S18: bt | T18: bt | U18: bt; bt; bt; bt
A19: 10 | Q19: bt | R19: Viêm mũi họng | S19: bt | T19: bt | U19: bt; Viêm mũi họng; bt; bt
A20: 11 | Q20: bt | R20: bt | S20: bt | T20: bt | U20: bt; bt; bt; bt
A21: 12 | Q21: bt | R21: Viêm mũi họng | S21: bt | T21: bt | U21: bt; Viêm mũi họng; bt; bt
A22: 13 | Q22: bt | R22: bt | S22: bt | T22: bt | U22: bt; bt; bt; bt
A23: 14 | Q23: bt | R23: bt | S23: Đa sâu răng | T23: bt | U23: bt; bt; Đa sâu răng; bt
... A45: 35 | Q45: bt | R45: bt | S45: Đa sâu răng | T45: bt | U45: bt; bt; Đa sâu răng; bt
A46: 36
A47: 36
A48: 36
A49: 36
A50: 36
A51: 36
A52: 36
A53: 36
A54: 36
A55: 36
A56: 36
A57: 36
... A60: 36

Sheet 1,3
A1: BẢNG TỔNG HỢP KHÁM SỨC KHỎE HỌC SINH
A2: (Khám sức khỏe học sinh năm học 2024-2025 ngày 04 tháng 3 năm 2025)
A4: TÊN ĐƠN VỊ | C4: : TRƯỜNG TIỂU HỌC PHƯỚC ĐỒNG | N4: LỚP:
A5: ĐỊA CHỈ | C5: : Thôn Phước Điền - Xã Phước Đồng - Nha Trang - Khánh Hòa
A7: STT | B7: HỌ VÀ TÊN | D7: NGÀY SINH | E7: Giới tính | G7: Lớp | H7: Ngày tháng phát hiện | I7: TÌNH TRẠNG DINH DƯỠNG | N7: Huyết áp (mmHg) | O7: Nhịp tim (l/p) | P7: Thị lực | V7: KHÁM CHUYÊN KHOA | W7: PHÂN LOẠI SỨC KHỎE | Z7: Tình trạng dinh dưỡng | AM7: Khám chuyên khoa | AR7: Phân loại sức khỏe
E8: Nam | F8: Nữ | I8: Cân nặng (kg) | J8: Chiều cao (cm) | K8: Kết quả CCTT | L8: BMI | M8: Kết quả BMI | Q8: Mắt | R8: TMH | S8: RHM | T8: Khác | Z8: SDDTTC MĐN | AA8: SDDTTC | AB8: bt | AC8: CHT | AD8: SDDTGC MĐN | AE8: SDDTGC | AF8: bt | AG8: TC | AH8: BP | AI8: MẮT | AN8: TAI MŨI HỌNG | AO8: RHM | AQ8: KHÁC | AR8: I | AS8: II | AT8: III
C9: =COUNTA(C10:C45) -> 0 | D9: =COUNTA(D10:D45) -> 0 | I9: =COUNTA(I10:I45) -> 0 | J9: =COUNTA(J10:J45) -> 0 | K9: =COUNTA(K10:K45) -> 0 | L9: =COUNTA(L10:L45) -> 0 | M9: =COUNTA(M10:M45) -> 0 | N9: =COUNTA(N10:N45) -> 0 | O9: =COUNTA(O10:O45) -> 0 | P9: =COUNTA(P10:P45) -> 0 | Q9: =$C9-COUNTIF(Q10:Q45,"bt") -> -35 | R9: =$C9-COUNTIF(R10:R45,"bt") -> -27 | S9: =$C9-COUNTIF(S10:S45,"bt") -> -23 | T9: =$C9-COUNTIF(T10:T45,"bt") -> -36 | U9: =Q9&"; "&R9&"; "&S9&"; "&T9 -> -35; -27; -23; -36 | W9: =ROMAN(MAX(IF(OR(K9=$Z$8,M9=$AD$8,M9=$AH$8),3,IF(OR(K9=$AA$8,M9=$AE$8,M9=$AG$8),2,1)),IF(V9="bt",1,2)),0) -> II | AI9: Loạn thị | AJ9: Cận loạn thị | AK9: Cận thị | AL9: Tật khúc xạ | AM9: bt | AO9: bt
A10: 1 | Q10: bt | R10: bt | S10: Sâu răng | T10: bt | U10: bt; bt; Sâu răng; bt | Y10: Số lượng | Z10: =COUNTIF($K$10:$K$45,Z8) -> 0 | AA10: =COUNTIF($K$10:$K$45,AA8) -> 0 | AB10: =COUNTIF($K$10:$K$45,AB8) -> 0 | AC10: =COUNTIF($K$10:$K$45,AC8) -> 0 | AD10: =COUNTIF($M$10:$M$45,AD8) -> 0 | AE10: =COUNTIF($M$10:$M$45,AE8) -> 0 | AF10: =COUNTIF($M$10:$M$45,AF8) -> 0 | AG10: =COUNTIF($M$10:$M$45,AG8) -> 0 | AH10: =COUNTIF($M$10:$M$45,AH8) -> 0 | AI10: =COUNTIF(Q10:Q45,AI9) -> 0 | AJ10: =COUNTIF(Q10:Q45,AJ9) -> 0 | AK10: =COUNTIF(Q10:Q45,AK9) -> 0 | AL10: =COUNTIF(Q10:Q45,AL9) -> 0 | AM10: =COUNTIF(Q10:Q45,AM9) -> 35 | AN10: =R9 -> -27 | AO10: =COUNTIF(S10:S45,"bt") -> 23 | AP10: =S9 -> -23 | AQ10: =T9 -> -36 | AR10: =COUNTIF($W$10:$W$45,AR8) -> 0 | AS10: =COUNTIF($W$10:$W$45,AS8) -> 0 | AT10: =COUNTIF($W$10:$W$45,AT8) -> 0
A11: 2 | Q11: bt | R11: Viêm mũi họng | S11: Đa sâu răng | T11: bt | U11: bt; Viêm mũi họng; Đa sâu răng; bt | AC11: =SUM(Z10:AC10) -> 0 | AH11: =SUM(AD10:AH10) -> 0 | AJ11: Tổng: | AK11: =SUM(AI10:AM10) -> 35 | AT11: =SUM(AR10:AT10) -> 0
A12: 3 | Q12: 2 mắt giảm thị lực | R12: Viêm mũi họng | S12: Đa sâu răng | T12: bt | U12: 2 mắt giảm thị lực; Viêm mũi họng; Đa sâu răng; bt
A13: 4 | Q13: bt | R13: bt | S13: bt | T13: bt | U13: bt; bt; bt; bt
A14: 5 | Q14: bt | R14: bt | S14: Đa sâu răng | T14: bt | U14: bt; bt; Đa sâu răng; bt
A15: 6 | Q15: bt | R15: bt | S15: Đa sâu răng | T15: bt | U15: bt; bt; Đa sâu răng; bt
A16: 7 | Q16: bt | R16: bt | S16: bt | T16: bt | U16: bt; bt; bt; bt
A17: 8 | Q17: bt | R17: bt | S17: Sâu răng | T17: bt | U17: bt; bt; Sâu răng; bt
A18: 9 | Q18: bt | R18: bt | S18: bt | T18: bt | U18: bt; bt; bt; bt
A19: 10 | Q19: bt | R19: Viêm mũi họng | S19: bt | T19: bt | U19: bt; Viêm mũi họng; bt; bt
A20: 11 | Q20: bt | R20: bt | S20: bt | T20: bt | U20: bt; bt; bt; bt
A21: 12 | Q21: bt | R21: Viêm mũi họng | S21: bt | T21: bt | U21: bt; Viêm mũi họng; bt; bt
A22: 13 | Q22: bt | R22: bt | S22: bt | T22: bt | U22: bt; bt; bt; bt
A23: 14 | Q23: bt | R23: bt | S23: Đa sâu răng | T23: bt | U23: bt; bt; Đa sâu răng; bt
... A45: 35 | Q45: bt | R45: bt | S45: Đa sâu răng | T45: bt | U45: bt; bt; Đa sâu răng; bt
A46: 36
A47: 36
A48: 36
A49: 36
A50: 36
A51: 36
A52: 36
A53: 36
A54: 36
A55: 36
A56: 36
A57: 36
... A60: 36

Sheet 1,4
A1: BẢNG TỔNG HỢP KHÁM SỨC KHỎE HỌC SINH
A2: (Khám sức khỏe học sinh năm học 2024-2025 ngày 04 tháng 3 năm 2025)
A4: TÊN ĐƠN VỊ | C4: : TRƯỜNG TIỂU HỌC PHƯỚC ĐỒNG | N4: LỚP:
A5: ĐỊA CHỈ | C5: : Thôn Phước Điền - Xã Phước Đồng - Nha Trang - Khánh Hòa
A7: STT | B7: HỌ VÀ TÊN | D7: NGÀY SINH | E7: Giới tính | G7: Lớp | H7: Ngày tháng phát hiện | I7: TÌNH TRẠNG DINH DƯỠNG | N7: Huyết áp (mmHg) | O7: Nhịp tim (l/p) | P7: Thị lực | V7: KHÁM CHUYÊN KHOA | W7: PHÂN LOẠI SỨC KHỎE | Z7: Tình trạng dinh dưỡng | AM7: Khám chuyên khoa | AR7: Phân loại sức khỏe
E8: Nam | F8: Nữ | I8: Cân nặng (kg) | J8: Chiều cao (cm) | K8: Kết quả CCTT | L8: BMI | M8: Kết quả BMI | Q8: Mắt | R8: TMH | S8: RHM | T8: Khác | Z8: SDDTTC MĐN | AA8: SDDTTC | AB8: bt | AC8: CHT | AD8: SDDTGC MĐN | AE8: SDDTGC | AF8: bt | AG8: TC | AH8: BP | AI8: MẮT | AN8: TAI MŨI HỌNG | AO8: RHM | AQ8: KHÁC | AR8: I | AS8: II | AT8: III
C9: =COUNTA(C10:C45) -> 0 | D9: =COUNTA(D10:D45) -> 0 | I9: =COUNTA(I10:I45) -> 0 | J9: =COUNTA(J10:J45) -> 0 | K9: =COUNTA(K10:K45) -> 0 | L9: =COUNTA(L10:L45) -> 0 | M9: =COUNTA(M10:M45) -> 0 | N9: =COUNTA(N10:N45) -> 0 | O9: =COUNTA(O10:O45) -> 0 | P9: =COUNTA(P10:P45) -> 0 | Q9: =$C9-COUNTIF(Q10:Q45,"bt") -> -35 | R9: =$C9-COUNTIF(R10:R45,"bt") -> -27 | S9: =$C9-COUNTIF(S10:S45,"bt") -> -23 | T9: =$C9-COUNTIF(T10:T45,"bt") -> -36 | U9: =Q9&"; "&R9&"; "&S9&"; "&T9 -> -35; -27; -23; -36 | W9: =ROMAN(MAX(IF(OR(K9=$Z$8,M9=$AD$8,M9=$AH$8),3,IF(OR(K9=$AA$8,M9=$AE$8,M9=$AG$8),2,1)),IF(V9="bt",1,2)),0) -> II | AI9: Loạn thị | AJ9: Cận loạn thị | AK9: Cận thị | AL9: Tật khúc xạ | AM9: bt | AO9: bt
A10: 1 | Q10: bt | R10: bt | S10: Sâu răng | T10: bt | U10: bt; bt; Sâu răng; bt | Y10: Số lượng | Z10: =COUNTIF($K$10:$K$45,Z8) -> 0 | AA10: =COUNTIF($K$10:$K$45,AA8) -> 0 | AB10: =COUNTIF($K$10:$K$45,AB8) -> 0 | AC10: =COUNTIF($K$10:$K$45,AC8) -> 0 | AD10: =COUNTIF($M$10:$M$45,AD8) -> 0 | AE10: =COUNTIF($M$10:$M$45,AE8) -> 0 | AF10: =COUNTIF($M$10:$M$45,AF8) -> 0 | AG10: =COUNTIF($M$10:$M$45,AG8) -> 0 | AH10: =COUNTIF($M$10:$M$45,AH8) -> 0 | AI10: =COUNTIF(Q10:Q45,AI9) -> 0 | AJ10: =COUNTIF(Q10:Q45,AJ9) -> 0 | AK10: =COUNTIF(Q10:Q45,AK9) -> 0 | AL10: =COUNTIF(Q10:Q45,AL9) -> 0 | AM10: =COUNTIF(Q10:Q45,AM9) -> 35 | AN10: =R9 -> -27 | AO10: =COUNTIF(S10:S45,"bt") -> 23 | AP10: =S9 -> -23 | AQ10: =T9 -> -36 | AR10: =COUNTIF($W$10:$W$45,AR8) -> 0 | AS10: =COUNTIF($W$10:$W$45,AS8) -> 0 | AT10: =COUNTIF($W$10:$W$45,AT8) -> 0
A11: 2 | Q11: bt | R11: Viêm mũi họng | S11: Đa sâu răng | T11: bt | U11: bt; Viêm mũi họng; Đa sâu răng; bt | AC11: =SUM(Z10:AC10) -> 0 | AH11: =SUM(AD10:AH10) -> 0 | AJ11: Tổng: | AK11: =SUM(AI10:AM10) -> 35 | AT11: =SUM(AR10:AT10) -> 0
A12: 3 | Q12: 2 mắt giảm thị lực | R12: Viêm mũi họng | S12: Đa sâu răng | T12: bt | U12: 2 mắt giảm thị lực; Viêm mũi họng; Đa sâu răng; bt
A13: 4 | Q13: bt | R13: bt | S13: bt | T13: bt | U13: bt; bt; bt; bt
A14: 5 | Q14: bt | R14: bt | S14: Đa sâu răng | T14: bt | U14: bt; bt; Đa sâu răng; bt
A15: 6 | Q15: bt | R15: bt | S15: Đa sâu răng | T15: bt | U15: bt; bt; Đa sâu răng; bt
A16: 7 | Q16: bt | R16: bt | S16: bt | T16: bt | U16: bt; bt; bt; bt
A17: 8 | Q17: bt | R17: bt | S17: Sâu răng | T17: bt | U17: bt; bt; Sâu răng; bt
A18: 9 | Q18: bt | R18: bt | S18: bt | T18: bt | U18: bt; bt; bt; bt
A19: 10 | Q19: bt | R19: Viêm mũi họng | S19: bt | T19: bt | U19: bt; Viêm mũi họng; bt; bt
A20: 11 | Q20: bt | R20: bt | S20: bt | T20: bt | U20: bt; bt; bt; bt
A21: 12 | Q21: bt | R21: Viêm mũi họng | S21: bt | T21: bt | U21: bt; Viêm mũi họng; bt; bt
A22: 13 | Q22: bt | R22: bt | S22: bt | T22: bt | U22: bt; bt; bt; bt
A23: 14 | Q23: bt | R23: bt | S23: Đa sâu răng | T23: bt | U23: bt; bt; Đa sâu răng; bt
... A45: 35 | Q45: bt | R45: bt | S45: Đa sâu răng | T45: bt | U45: bt; bt; Đa sâu răng; bt
A46: 36
A47: 36
A48: 36
A49: 36
A50: 36
A51: 36
A52: 36
A53: 36
A54: 36
A55: 36
A56: 36
A57: 36
... A60: 36

Sheet 1,5
A1: BẢNG TỔNG HỢP KHÁM SỨC KHỎE HỌC SINH
A2: (Khám sức khỏe học sinh năm học 2024-2025 ngày 04 tháng 3 năm 2025)
A4: TÊN ĐƠN VỊ | C4: : TRƯỜNG TIỂU HỌC PHƯỚC ĐỒNG | N4: LỚP:
A5: ĐỊA CHỈ | C5: : Thôn Phước Điền - Xã Phước Đồng - Nha Trang - Khánh Hòa
A7: STT | B7: HỌ VÀ TÊN | D7: NGÀY SINH | E7: Giới tính | G7: Lớp | H7: Ngày tháng phát hiện | I7: TÌNH TRẠNG DINH DƯỠNG | N7: Huyết áp (mmHg) | O7: Nhịp tim (l/p) | P7: Thị lực | V7: KHÁM CHUYÊN KHOA | W7: PHÂN LOẠI SỨC KHỎE | Z7: Tình trạng dinh dưỡng | AM7: Khám chuyên khoa | AR7: Phân loại sức khỏe
E8: Nam | F8: Nữ | I8: Cân nặng (kg) | J8: Chiều cao (cm) | K8: Kết quả CCTT | L8: BMI | M8: Kết quả BMI | Q8: Mắt | R8: TMH | S8: RHM | T8: Khác | Z8: SDDTTC MĐN | AA8: SDDTTC | AB8: bt | AC8: CHT | AD8: SDDTGC MĐN | AE8: SDDTGC | AF8: bt | AG8: TC | AH8: BP | AI8: MẮT | AN8: TAI MŨI HỌNG | AO8: RHM | AQ8: KHÁC | AR8: I | AS8: II | AT8: III
C9: =COUNTA(C10:C45) -> 0 | D9: =COUNTA(D10:D45) -> 0 | I9: =COUNTA(I10:I45) -> 0 | J9: =COUNTA(J10:J45) -> 0 | K9: =COUNTA(K10:K45) -> 0 | L9: =COUNTA(L10:L45) -> 0 | M9: =COUNTA(M10:M45) -> 0 | N9: =COUNTA(N10:N45) -> 0 | O9: =COUNTA(O10:O45) -> 0 | P9: =COUNTA(P10:P45) -> 0 | Q9: =$C9-COUNTIF(Q10:Q45,"bt") -> -35 | R9: =$C9-COUNTIF(R10:R45,"bt") -> -27 | S9: =$C9-COUNTIF(S10:S45,"bt") -> -23 | T9: =$C9-COUNTIF(T10:T45,"bt") -> -36 | U9: =Q9&"; "&R9&"; "&S9&"; "&T9 -> -35; -27; -23; -36 | W9: =ROMAN(MAX(IF(OR(K9=$Z$8,M9=$AD$8,M9=$AH$8),3,IF(OR(K9=$AA$8,M9=$AE$8,M9=$AG$8),2,1)),IF(V9="bt",1,2)),0) -> II | AI9: Loạn thị | AJ9: Cận loạn thị | AK9: Cận thị | AL9: Tật khúc xạ | AM9: bt | AO9: bt
A10: 1 | Q10: bt | R10: bt | S10: Sâu răng | T10: bt | U10: bt; bt; Sâu răng; bt | Y10: Số lượng | Z10: =COUNTIF($K$10:$K$45,Z8) -> 0 | AA10: =COUNTIF($K$10:$K$45,AA8) -> 0 | AB10: =COUNTIF($K$10:$K$45,AB8) -> 0 | AC10: =COUNTIF($K$10:$K$45,AC8) -> 0 | AD10: =COUNTIF($M$10:$M$45,AD8) -> 0 | AE10: =COUNTIF($M$10:$M$45,AE8) -> 0 | AF10: =COUNTIF($M$10:$M$45,AF8) -> 0 | AG10: =COUNTIF($M$10:$M$45,AG8) -> 0 | AH10: =COUNTIF($M$10:$M$45,AH8) -> 0 | AI10: =COUNTIF(Q10:Q45,AI9) -> 0 | AJ10: =COUNTIF(Q10:Q45,AJ9) -> 0 | AK10: =COUNTIF(Q10:Q45,AK9) -> 0 | AL10: =COUNTIF(Q10:Q45,AL9) -> 0 | AM10: =COUNTIF(Q10:Q45,AM9) -> 35 | AN10: =R9 -> -27 | AO10: =COUNTIF(S10:S45,"bt") -> 23 | AP10: =S9 -> -23 | AQ10: =T9 -> -36 | AR10: =COUNTIF($W$10:$W$45,AR8) -> 0 | AS10: =COUNTIF($W$10:$W$45,AS8) -> 0 | AT10: =COUNTIF($W$10:$W$45,AT8) -> 0
A11: 2 | Q11: bt | R11: Viêm mũi họng | S11: Đa sâu răng | T11: bt | U11: bt; Viêm mũi họng; Đa sâu răng; bt | AC11: =SUM(Z10:AC10) -> 0 | AH11: =SUM(AD10:AH10) -> 0 | AJ11: Tổng: | AK11: =SUM(AI10:AM10) -> 35 | AT11: =SUM(AR10:AT10) -> 0
A12: 3 | Q12: 2 mắt giảm thị lực | R12: Viêm mũi họng | S12: Đa sâu răng | T12: bt | U12: 2 mắt giảm thị lực; Viêm mũi họng; Đa sâu răng; bt
A13: 4 | Q13: bt | R13: bt | S13: bt | T13: bt | U13: bt; bt; bt; bt
A14: 5 | Q14: bt | R14: bt | S14: Đa sâu răng | T14: bt | U14: bt; bt; Đa sâu răng; bt
A15: 6 | Q15: bt | R15: bt | S15: Đa sâu răng | T15: bt | U15: bt; bt; Đa sâu răng; bt
A16: 7 | Q16: bt | R16: bt | S16: bt | T16: bt | U16: bt; bt; bt; bt
A17: 8 | Q17: bt | R17: bt | S17: Sâu răng | T17: bt | U17: bt; bt; Sâu răng; bt
A18: 9 | Q18: bt | R18: bt | S18: bt | T18: bt | U18: bt; bt; bt; bt
A19: 10 | Q19: bt | R19: Viêm mũi họng | S19: bt | T19: bt | U19: bt; Viêm mũi họng; bt; bt
A20: 11 | Q20: bt | R20: bt | S20: bt | T20: bt | U20: bt; bt; bt; bt
A21: 12 | Q21: bt | R21: Viêm mũi họng | S21: bt | T21: bt | U21: bt; Viêm mũi họng; bt; bt
A22: 13 | Q22: bt | R22: bt | S22: bt | T22: bt | U22: bt; bt; bt; bt
A23: 14 | Q23: bt | R23: bt | S23: Đa sâu răng | T23: bt | U23: bt; bt; Đa sâu răng; bt
... A45: 35 | Q45: bt | R45: bt | S45: Đa sâu răng | T45: bt | U45: bt; bt; Đa sâu răng; bt
A46: 36
A47: 36
A48: 36
A49: 36
A50: 36
A51: 36
A52: 36
A53: 36
A54: 36
A55: 36
A56: 36
A57: 36
... A60: 36

Sheet 1,6
A1: BẢNG TỔNG HỢP KHÁM SỨC KHỎE HỌC SINH
A2: (Khám sức khỏe học sinh năm học 2024-2025 ngày 04 tháng 3 năm 2025)
A4: TÊN ĐƠN VỊ | C4: : TRƯỜNG TIỂU HỌC PHƯỚC ĐỒNG | N4: LỚP:
A5: ĐỊA CHỈ | C5: : Thôn Phước Điền - Xã Phước Đồng - Nha Trang - Khánh Hòa
A7: STT | B7: HỌ VÀ TÊN | D7: NGÀY SINH | E7: Giới tính | G7: Lớp | H7: Ngày tháng phát hiện | I7: TÌNH TRẠNG DINH DƯỠNG | N7: Huyết áp (mmHg) | O7: Nhịp tim (l/p) | P7: Thị lực | V7: KHÁM CHUYÊN KHOA | W7: PHÂN LOẠI SỨC KHỎE | Z7: Tình trạng dinh dưỡng | AM7: Khám chuyên khoa | AR7: Phân loại sức khỏe
E8: Nam | F8: Nữ | I8: Cân nặng (kg) | J8: Chiều cao (cm) | K8: Kết quả CCTT | L8: BMI | M8: Kết quả BMI | Q8: Mắt | R8: TMH | S8: RHM | T8: Khác | Z8: SDDTTC MĐN | AA8: SDDTTC | AB8: bt | AC8: CHT | AD8: SDDTGC MĐN | AE8: SDDTGC | AF8: bt | AG8: TC | AH8: BP | AI8: MẮT | AN8: TAI MŨI HỌNG | AO8: RHM | AQ8: KHÁC | AR8: I | AS8: II | AT8: III
C9: =COUNTA(C10:C45) -> 0 | D9: =COUNTA(D10:D45) -> 0 | I9: =COUNTA(I10:I45) -> 0 | J9: =COUNTA(J10:J45) -> 0 | K9: =COUNTA(K10:K45) -> 0 | L9: =COUNTA(L10:L45) -> 0 | M9: =COUNTA(M10:M45) -> 0 | N9: =COUNTA(N10:N45) -> 0 | O9: =COUNTA(O10:O45) -> 0 | P9: =COUNTA(P10:P45) -> 0 | Q9: =$C9-COUNTIF(Q10:Q45,"bt") -> -35 | R9: =$C9-COUNTIF(R10:R45,"bt") -> -27 | S9: =$C9-COUNTIF(S10:S45,"bt") -> -23 | T9: =$C9-COUNTIF(T10:T45,"bt") -> -36 | U9: =Q9&"; "&R9&"; "&S9&"; "&T9 -> -35; -27; -23; -36 | W9: =ROMAN(MAX(IF(OR(K9=$Z$8,M9=$AD$8,M9=$AH$8),3,IF(OR(K9=$AA$8,M9=$AE$8,M9=$AG$8),2,1)),IF(V9="bt",1,2)),0) -> II | AI9: Loạn thị | AJ9: Cận loạn thị | AK9: Cận thị | AL9: Tật khúc xạ | AM9: bt | AO9: bt
A10: 1 | Q10: bt | R10: bt | S10: Sâu răng | T10: bt | U10: bt; bt; Sâu răng; bt | Y10: Số lượng | Z10: =COUNTIF($K$10:$K$45,Z8) -> 0 | AA10: =COUNTIF($K$10:$K$45,AA8) -> 0 | AB10: =COUNTIF($K$10:$K$45,AB8) -> 0 | AC10: =COUNTIF($K$10:$K$45,AC8) -> 0 | AD10: =COUNTIF($M$10:$M$45,AD8) -> 0 | AE10: =COUNTIF($M$10:$M$45,AE8) -> 0 | AF10: =COUNTIF($M$10:$M$45,AF8) -> 0 | AG10: =COUNTIF($M$10:$M$45,AG8) -> 0 | AH10: =COUNTIF($M$10:$M$45,AH8) -> 0 | AI10: =COUNTIF(Q10:Q45,AI9) -> 0 | AJ10: =COUNTIF(Q10:Q45,AJ9) -> 0 | AK10: =COUNTIF(Q10:Q45,AK9) -> 0 | AL10: =COUNTIF(Q10:Q45,AL9) -> 0 | AM10: =COUNTIF(Q10:Q45,AM9) -> 35 | AN10: =R9 -> -27 | AO10: =COUNTIF(S10:S45,"bt") -> 23 | AP10: =S9 -> -23 | AQ10: =T9 -> -36 | AR10: =COUNTIF($W$10:$W$45,AR8) -> 0 | AS10: =COUNTIF($W$10:$W$45,AS8) -> 0 | AT10: =COUNTIF($W$10:$W$45,AT8) -> 0
A11: 2 | Q11: bt | R11: Viêm mũi họng | S11: Đa sâu răng | T11: bt | U11: bt; Viêm mũi họng; Đa sâu răng; bt | AC11: =SUM(Z10:AC10) -> 0 | AH11: =SUM(AD10:AH10) -> 0 | AJ11: Tổng: | AK11: =SUM(AI10:AM10) -> 35 | AT11: =SUM(AR10:AT10) -> 0
A12: 3 | Q12: 2 mắt giảm thị lực | R12: Viêm mũi họng | S12: Đa sâu răng | T12: bt | U12: 2 mắt giảm thị lực; Viêm mũi họng; Đa sâu răng; bt
A13: 4 | Q13: bt | R13: bt | S13: bt | T13: bt | U13: bt; bt; bt; bt
A14: 5 | Q14: bt | R14: bt | S14: Đa sâu răng | T14: bt | U14: bt; bt; Đa sâu răng; bt
A15: 6 | Q15: bt | R15: bt | S15: Đa sâu răng | T15: bt | U15: bt; bt; Đa sâu răng; bt
A16: 7 | Q16: bt | R16: bt | S16: bt | T16: bt | U16: bt; bt; bt; bt
A17: 8 | Q17: bt | R17: bt | S17: Sâu răng | T17: bt | U17: bt; bt; Sâu răng; bt
A18: 9 | Q18: bt | R18: bt | S18: bt | T18: bt | U18: bt; bt; bt; bt
A19: 10 | Q19: bt | R19: Viêm mũi họng | S19: bt | T19: bt | U19: bt; Viêm mũi họng; bt; bt
A20: 11 | Q20: bt | R20: bt | S20: bt | T20: bt | U20: bt; bt; bt; bt
A21: 12 | Q21: bt | R21: Viêm mũi họng | S21: bt | T21: bt | U21: bt; Viêm mũi họng; bt; bt
A22: 13 | Q22: bt | R22: bt | S22: bt | T22: bt | U22: bt; bt; bt; bt
A23: 14 | Q23: bt | R23: bt | S23: Đa sâu răng | T23: bt | U23: bt; bt; Đa sâu răng; bt
... A45: 35 | Q45: bt | R45: bt | S45: Đa sâu răng | T45: bt | U45: bt; bt; Đa sâu răng; bt
A46: 36
A47: 36
A48: 36
A49: 36
A50: 36
A51: 36
A52: 36
A53: 36
A54: 36
A55: 36
A56: 36
A57: 36
... A60: 36

Sheet 1,7
A1: BẢNG TỔNG HỢP KHÁM SỨC KHỎE HỌC SINH
A2: (Khám sức khỏe học sinh năm học 2024-2025 ngày 04 tháng 3 năm 2025)
A4: TÊN ĐƠN VỊ | C4: : TRƯỜNG TIỂU HỌC PHƯỚC ĐỒNG | N4: LỚP:
A5: ĐỊA CHỈ | C5: : Thôn Phước Điền - Xã Phước Đồng - Nha Trang - Khánh Hòa
A7: STT | B7: HỌ VÀ TÊN | D7: NGÀY SINH | E7: Giới tính | G7: Lớp | H7: Ngày tháng phát hiện | I7: TÌNH TRẠNG DINH DƯỠNG | N7: Huyết áp (mmHg) | O7: Nhịp tim (l/p) | P7: Thị lực | V7: KHÁM CHUYÊN KHOA | W7: PHÂN LOẠI SỨC KHỎE | Z7: Tình trạng dinh dưỡng | AM7: Khám chuyên khoa | AR7: Phân loại sức khỏe
E8: Nam | F8: Nữ | I8: Cân nặng (kg) | J8: Chiều cao (cm) | K8: Kết quả CCTT | L8: BMI | M8: Kết quả BMI | Q8: Mắt | R8: TMH | S8: RHM | T8: Khác | Z8: SDDTTC MĐN | AA8: SDDTTC | AB8: bt | AC8: CHT | AD8: SDDTGC MĐN | AE8: SDDTGC | AF8: bt | AG8: TC | AH8: BP | AI8: MẮT | AN8: TAI MŨI HỌNG | AO8: RHM | AQ8: KHÁC | AR8: I | AS8: II | AT8: III
C9: =COUNTA(C10:C45) -> 0 | D9: =COUNTA(D10:D45) -> 0 | I9: =COUNTA(I10:I45) -> 0 | J9: =COUNTA(J10:J45) -> 0 | K9: =COUNTA(K10:K45) -> 0 | L9: =COUNTA(L10:L45) -> 0 | M9: =COUNTA(M10:M45) -> 0 | N9: =COUNTA(N10:N45) -> 0 | O9: =COUNTA(O10:O45) -> 0 | P9: =COUNTA(P10:P45) -> 0 | Q9: =$C9-COUNTIF(Q10:Q45,"bt") -> -35 | R9: =$C9-COUNTIF(R10:R45,"bt") -> -27 | S9: =$C9-COUNTIF(S10:S45,"bt") -> -23 | T9: =$C9-COUNTIF(T10:T45,"bt") -> -36 | U9: =Q9&"; "&R9&"; "&S9&"; "&T9 -> -35; -27; -23; -36 | W9: =ROMAN(MAX(IF(OR(K9=$Z$8,M9=$AD$8,M9=$AH$8),3,IF(OR(K9=$AA$8,M9=$AE$8,M9=$AG$8),2,1)),IF(V9="bt",1,2)),0) -> II | AI9: Loạn thị | AJ9: Cận loạn thị | AK9: Cận thị | AL9: Tật khúc xạ | AM9: bt | AO9: bt
A10: 1 | Q10: bt | R10: bt | S10: Sâu răng | T10: bt | U10: bt; bt; Sâu răng; bt | Y10: Số lượng | Z10: =COUNTIF($K$10:$K$45,Z8) -> 0 | AA10: =COUNTIF($K$10:$K$45,AA8) -> 0 | AB10: =COUNTIF($K$10:$K$45,AB8) -> 0 | AC10: =COUNTIF($K$10:$K$45,AC8) -> 0 | AD10: =COUNTIF($M$10:$M$45,AD8) -> 0 | AE10: =COUNTIF($M$10:$M$45,AE8) -> 0 | AF10: =COUNTIF($M$10:$M$45,AF8) -> 0 | AG10: =COUNTIF($M$10:$M$45,AG8) -> 0 | AH10: =COUNTIF($M$10:$M$45,AH8) -> 0 | AI10: =COUNTIF(Q10:Q45,AI9) -> 0 | AJ10: =COUNTIF(Q10:Q45,AJ9) -> 0 | AK10: =COUNTIF(Q10:Q45,AK9) -> 0 | AL10: =COUNTIF(Q10:Q45,AL9) -> 0 | AM10: =COUNTIF(Q10:Q45,AM9) -> 35 | AN10: =R9 -> -27 | AO10: =COUNTIF(S10:S45,"bt") -> 23 | AP10: =S9 -> -23 | AQ10: =T9 -> -36 | AR10: =COUNTIF($W$10:$W$45,AR8) -> 0 | AS10: =COUNTIF($W$10:$W$45,AS8) -> 0 | AT10: =COUNTIF($W$10:$W$45,AT8) -> 0
A11: 2 | Q11: bt | R11: Viêm mũi họng | S11: Đa sâu răng | T11: bt | U11: bt; Viêm mũi họng; Đa sâu răng; bt | AC11: =SUM(Z10:AC10) -> 0 | AH11: =SUM(AD10:AH10) -> 0 | AJ11: Tổng: | AK11: =SUM(AI10:AM10) -> 35 | AT11: =SUM(AR10:AT10) -> 0
A12: 3 | Q12: 2 mắt giảm thị lực | R12: Viêm mũi họng | S12: Đa sâu răng | T12: bt | U12: 2 mắt giảm thị lực; Viêm mũi họng; Đa sâu răng; bt
A13: 4 | Q13: bt | R13: bt | S13: bt | T13: bt | U13: bt; bt; bt; bt
A14: 5 | Q14: bt | R14: bt | S14: Đa sâu răng | T14: bt | U14: bt; bt; Đa sâu răng; bt
A15: 6 | Q15: bt | R15: bt | S15: Đa sâu răng | T15: bt | U15: bt; bt; Đa sâu răng; bt
A16: 7 | Q16: bt | R16: bt | S16: bt | T16: bt | U16: bt; bt; bt; bt
A17: 8 | Q17: bt | R17: bt | S17: Sâu răng | T17: bt | U17: bt; bt; Sâu răng; bt
A18: 9 | Q18: bt | R18: bt | S18: bt | T18: bt | U18: bt; bt; bt; bt
A19: 10 | Q19: bt | R19: Viêm mũi họng | S19: bt | T19: bt | U19: bt; Viêm mũi họng; bt; bt
A20: 11 | Q20: bt | R20: bt | S20: bt | T20: bt | U20: bt; bt; bt; bt
A21: 12 | Q21: bt | R21: Viêm mũi họng | S21: bt | T21: bt | U21: bt; Viêm mũi họng; bt; bt
A22: 13 | Q22: bt | R22: bt | S22: bt | T22: bt | U22: bt; bt; bt; bt
A23: 14 | Q23: bt | R23: bt | S23: Đa sâu răng | T23: bt | U23: bt; bt; Đa sâu răng; bt
... A45: 35 | Q45: bt | R45: bt | S45: Đa sâu răng | T45: bt | U45: bt; bt; Đa sâu răng; bt
A46: 36
A47: 36
A48: 36
A49: 36
A50: 36
A51: 36
A52: 36
A53: 36
A54: 36
A55: 36
A56: 36
A57: 36
... A60: 36

Sheet 1,8
A1: BẢNG TỔNG HỢP KHÁM SỨC KHỎE HỌC SINH
A2: (Khám sức khỏe học sinh năm học 2024-2025 ngày 04 tháng 3 năm 2025)
A4: TÊN ĐƠN VỊ | C4: : TRƯỜNG TIỂU HỌC PHƯỚC ĐỒNG | N4: LỚP:
A5: ĐỊA CHỈ | C5: : Thôn Phước Điền - Xã Phước Đồng - Nha Trang - Khánh Hòa
A7: STT | B7: HỌ VÀ TÊN | D7: NGÀY SINH | E7: Giới tính | G7: Lớp | H7: Ngày tháng phát hiện | I7: TÌNH TRẠNG DINH DƯỠNG | N7: Huyết áp (mmHg) | O7: Nhịp tim (l/p) | P7: Thị lực | V7: KHÁM CHUYÊN KHOA | W7: PHÂN LOẠI SỨC KHỎE | Z7: Tình trạng dinh dưỡng | AM7: Khám chuyên khoa | AR7: Phân loại sức khỏe
E8: Nam | F8: Nữ | I8: Cân nặng (kg) | J8: Chiều cao (cm) | K8: Kết quả CCTT | L8: BMI | M8: Kết quả BMI | Q8: Mắt | R8: TMH | S8: RHM | T8: Khác | Z8: SDDTTC MĐN | AA8: SDDTTC | AB8: bt | AC8: CHT | AD8: SDDTGC MĐN | AE8: SDDTGC | AF8: bt | AG8: TC | AH8: BP | AI8: MẮT | AN8: TAI MŨI HỌNG | AO8: RHM | AQ8: KHÁC | AR8: I | AS8: II | AT8: III
C9: =COUNTA(C10:C45) -> 0 | D9: =COUNTA(D10:D45) -> 0 | I9: =COUNTA(I10:I45) -> 0 | J9: =COUNTA(J10:J45) -> 0 | K9: =COUNTA(K10:K45) -> 0 | L9: =COUNTA(L10:L45) -> 0 | M9: =COUNTA(M10:M45) -> 0 | N9: =COUNTA(N10:N45) -> 0 | O9: =COUNTA(O10:O45) -> 0 | P9: =COUNTA(P10:P45) -> 0 | Q9: =$C9-COUNTIF(Q10:Q45,"bt") -> -35 | R9: =$C9-COUNTIF(R10:R45,"bt") -> -27 | S9: =$C9-COUNTIF(S10:S45,"bt") -> -23 | T9: =$C9-COUNTIF(T10:T45,"bt") -> -36 | U9: =Q9&"; "&R9&"; "&S9&"; "&T9 -> -35; -27; -23; -36 | W9: =ROMAN(MAX(IF(OR(K9=$Z$8,M9=$AD$8,M9=$AH$8),3,IF(OR(K9=$AA$8,M9=$AE$8,M9=$AG$8),2,1)),IF(V9="bt",1,2)),0) -> II | AI9: Loạn thị | AJ9: Cận loạn thị | AK9: Cận thị | AL9: Tật khúc xạ | AM9: bt | AO9: bt
A10: 1 | Q10: bt | R10: bt | S10: Sâu răng | T10: bt | U10: bt; bt; Sâu răng; bt | Y10: Số lượng | Z10: =COUNTIF($K$10:$K$45,Z8) -> 0 | AA10: =COUNTIF($K$10:$K$45,AA8) -> 0 | AB10: =COUNTIF($K$10:$K$45,AB8) -> 0 | AC10: =COUNTIF($K$10:$K$45,AC8) -> 0 | AD10: =COUNTIF($M$10:$M$45,AD8) -> 0 | AE10: =COUNTIF($M$10:$M$45,AE8) -> 0 | AF10: =COUNTIF($M$10:$M$45,AF8) -> 0 | AG10: =COUNTIF($M$10:$M$45,AG8) -> 0 | AH10: =COUNTIF($M$10:$M$45,AH8) -> 0 | AI10: =COUNTIF(Q10:Q45,AI9) -> 0 | AJ10: =COUNTIF(Q10:Q45,AJ9) -> 0 | AK10: =COUNTIF(Q10:Q45,AK9) -> 0 | AL10: =COUNTIF(Q10:Q45,AL9) -> 0 | AM10: =COUNTIF(Q10:Q45,AM9) -> 35 | AN10: =R9 -> -27 | AO10: =COUNTIF(S10:S45,"bt") -> 23 | AP10: =S9 -> -23 | AQ10: =T9 -> -36 | AR10: =COUNTIF($W$10:$W$45,AR8) -> 0 | AS10: =COUNTIF($W$10:$W$45,AS8) -> 0 | AT10: =COUNTIF($W$10:$W$45,AT8) -> 0
A11: 2 | Q11: bt | R11: Viêm mũi họng | S11: Đa sâu răng | T11: bt | U11: bt; Viêm mũi họng; Đa sâu răng; bt | AC11: =SUM(Z10:AC10) -> 0 | AH11: =SUM(AD10:AH10) -> 0 | AJ11: Tổng: | AK11: =SUM(AI10:AM10) -> 35 | AT11: =SUM(AR10:AT10) -> 0
A12: 3 | Q12: 2 mắt giảm thị lực | R12: Viêm mũi họng | S12: Đa sâu răng | T12: bt | U12: 2 mắt giảm thị lực; Viêm mũi họng; Đa sâu răng; bt
A13: 4 | Q13: bt | R13: bt | S13: bt | T13: bt | U13: bt; bt; bt; bt
A14: 5 | Q14: bt | R14: bt | S14: Đa sâu răng | T14: bt | U14: bt; bt; Đa sâu răng; bt
A15: 6 | Q15: bt | R15: bt | S15: Đa sâu răng | T15: bt | U15: bt; bt; Đa sâu răng; bt
A16: 7 | Q16: bt | R16: bt | S16: bt | T16: bt | U16: bt; bt; bt; bt
A17: 8 | Q17: bt | R17: bt | S17: Sâu răng | T17: bt | U17: bt; bt; Sâu răng; bt
A18: 9 | Q18: bt | R18: bt | S18: bt | T18: bt | U18: bt; bt; bt; bt
A19: 10 | Q19: bt | R19: Viêm mũi họng | S19: bt | T19: bt | U19: bt; Viêm mũi họng; bt; bt
A20: 11 | Q20: bt | R20: bt | S20: bt | T20: bt | U20: bt; bt; bt; bt
A21: 12 | Q21: bt | R21: Viêm mũi họng | S21: bt | T21: bt | U21: bt; Viêm mũi họng; bt; bt
A22: 13 | Q22: bt | R22: bt | S22: bt | T22: bt | U22: bt; bt; bt; bt
A23: 14 | Q23: bt | R23: bt | S23: Đa sâu răng | T23: bt | U23: bt; bt; Đa sâu răng; bt
... A45: 35 | Q45: bt | R45: bt | S45: Đa sâu răng | T45: bt | U45: bt; bt; Đa sâu răng; bt
A46: 36
A47: 36
A48: 36
A49: 36
A50: 36
A51: 36
A52: 36
A53: 36
A54: 36
A55: 36
A56: 36
A57: 36
... A60: 36

Sheet 1,9
A1: BẢNG TỔNG HỢP KHÁM SỨC KHỎE HỌC SINH
A2: (Khám sức khỏe học sinh năm học 2024-2025 ngày 04 tháng 3 năm 2025)
A4: TÊN ĐƠN VỊ | C4: : TRƯỜNG TIỂU HỌC PHƯỚC ĐỒNG | N4: LỚP:
A5: ĐỊA CHỈ | C5: : Thôn Phước Điền - Xã Phước Đồng - Nha Trang - Khánh Hòa
A7: STT | B7: HỌ VÀ TÊN | D7: NGÀY SINH | E7: Giới tính | G7: Lớp | H7: Ngày tháng phát hiện | I7: TÌNH TRẠNG DINH DƯỠNG | N7: Huyết áp (mmHg) | O7: Nhịp tim (l/p) | P7: Thị lực | V7: KHÁM CHUYÊN KHOA | W7: PHÂN LOẠI SỨC KHỎE | Z7: Tình trạng dinh dưỡng | AM7: Khám chuyên khoa | AR7: Phân loại sức khỏe
E8: Nam | F8: Nữ | I8: Cân nặng (kg) | J8: Chiều cao (cm) | K8: Kết quả CCTT | L8: BMI | M8: Kết quả BMI | Q8: Mắt | R8: TMH | S8: RHM | T8: Khác | Z8: SDDTTC MĐN | AA8: SDDTTC | AB8: bt | AC8: CHT | AD8: SDDTGC MĐN | AE8: SDDTGC | AF8: bt | AG8: TC | AH8: BP | AI8: MẮT | AN8: TAI MŨI HỌNG | AO8: RHM | AQ8: KHÁC | AR8: I | AS8: II | AT8: III
C9: =COUNTA(C10:C45) -> 0 | D9: =COUNTA(D10:D45) -> 0 | I9: =COUNTA(I10:I45) -> 0 | J9: =COUNTA(J10:J45) -> 0 | K9: =COUNTA(K10:K45) -> 0 | L9: =COUNTA(L10:L45) -> 0 | M9: =COUNTA(M10:M45) -> 0 | N9: =COUNTA(N10:N45) -> 0 | O9: =COUNTA(O10:O45) -> 0 | P9: =COUNTA(P10:P45) -> 0 | Q9: =$C9-COUNTIF(Q10:Q45,"bt") -> -35 | R9: =$C9-COUNTIF(R10:R45,"bt") -> -27 | S9: =$C9-COUNTIF(S10:S45,"bt") -> -23 | T9: =$C9-COUNTIF(T10:T45,"bt") -> -36 | U9: =Q9&"; "&R9&"; "&S9&"; "&T9 -> -35; -27; -23; -36 | W9: =ROMAN(MAX(IF(OR(K9=$Z$8,M9=$AD$8,M9=$AH$8),3,IF(OR(K9=$AA$8,M9=$AE$8,M9=$AG$8),2,1)),IF(V9="bt",1,2)),0) -> II | AI9: Loạn thị | AJ9: Cận loạn thị | AK9: Cận thị | AL9: Tật khúc xạ | AM9: bt | AO9: bt
A10: 1 | Q10: bt | R10: bt | S10: Sâu răng | T10: bt | U10: bt; bt; Sâu răng; bt | Y10: Số lượng | Z10: =COUNTIF($K$10:$K$45,Z8) -> 0 | AA10: =COUNTIF($K$10:$K$45,AA8) -> 0 | AB10: =COUNTIF($K$10:$K$45,AB8) -> 0 | AC10: =COUNTIF($K$10:$K$45,AC8) -> 0 | AD10: =COUNTIF($M$10:$M$45,AD8) -> 0 | AE10: =COUNTIF($M$10:$M$45,AE8) -> 0 | AF10: =COUNTIF($M$10:$M$45,AF8) -> 0 | AG10: =COUNTIF($M$10:$M$45,AG8) -> 0 | AH10: =COUNTIF($M$10:$M$45,AH8) -> 0 | AI10: =COUNTIF(Q10:Q45,AI9) -> 0 | AJ10: =COUNTIF(Q10:Q45,AJ9) -> 0 | AK10: =COUNTIF(Q10:Q45,AK9) -> 0 | AL10: =COUNTIF(Q10:Q45,AL9) -> 0 | AM10: =COUNTIF(Q10:Q45,AM9) -> 35 | AN10: =R9 -> -27 | AO10: =COUNTIF(S10:S45,"bt") -> 23 | AP10: =S9 -> -23 | AQ10: =T9 -> -36 | AR10: =COUNTIF($W$10:$W$45,AR8) -> 0 | AS10: =COUNTIF($W$10:$W$45,AS8) -> 0 | AT10: =COUNTIF($W$10:$W$45,AT8) -> 0
A11: 2 | Q11: bt | R11: Viêm mũi họng | S11: Đa sâu răng | T11: bt | U11: bt; Viêm mũi họng; Đa sâu răng; bt | AC11: =SUM(Z10:AC10) -> 0 | AH11: =SUM(AD10:AH10) -> 0 | AJ11: Tổng: | AK11: =SUM(AI10:AM10) -> 35 | AT11: =SUM(AR10:AT10) -> 0
A12: 3 | Q12: 2 mắt giảm thị lực | R12: Viêm mũi họng | S12: Đa sâu răng | T12: bt | U12: 2 mắt giảm thị lực; Viêm mũi họng; Đa sâu răng; bt
A13: 4 | Q13: bt | R13: bt | S13: bt | T13: bt | U13: bt; bt; bt; bt
A14: 5 | Q14: bt | R14: bt | S14: Đa sâu răng | T14: bt | U14: bt; bt; Đa sâu răng; bt
A15: 6 | Q15: bt | R15: bt | S15: Đa sâu răng | T15: bt | U15: bt; bt; Đa sâu răng; bt
A16: 7 | Q16: bt | R16: bt | S16: bt | T16: bt | U16: bt; bt; bt; bt
A17: 8 | Q17: bt | R17: bt | S17: Sâu răng | T17: bt | U17: bt; bt; Sâu răng; bt
A18: 9 | Q18: bt | R18: bt | S18: bt | T18: bt | U18: bt; bt; bt; bt
A19: 10 | Q19: bt | R19: Viêm mũi họng | S19: bt | T19: bt | U19: bt; Viêm mũi họng; bt; bt
A20: 11 | Q20: bt | R20: bt | S20: bt | T20: bt | U20: bt; bt; bt; bt
A21: 12 | Q21: bt | R21: Viêm mũi họng | S21: bt | T21: bt | U21: bt; Viêm mũi họng; bt; bt
A22: 13 | Q22: bt | R22: bt | S22: bt | T22: bt | U22: bt; bt; bt; bt
A23: 14 | Q23: bt | R23: bt | S23: Đa sâu răng | T23: bt | U23: bt; bt; Đa sâu răng; bt
... A45: 35 | Q45: bt | R45: bt | S45: Đa sâu răng | T45: bt | U45: bt; bt; Đa sâu răng; bt
A46: 36
A47: 36
A48: 36
A49: 36
A50: 36
A51: 36
A52: 36
A53: 36
A54: 36
A55: 36
A56: 36
A57: 36
... A60: 36

Sheet 2,1
A1: BẢNG TỔNG HỢP KHÁM SỨC KHỎE HỌC SINH
A2: (Khám sức khỏe học sinh năm học 2024-2025 ngày 04 tháng 3 năm 2025)
A4: TÊN ĐƠN VỊ | C4: : TRƯỜNG TIỂU HỌC PHƯỚC ĐỒNG | N4: LỚP:
A5: ĐỊA CHỈ | C5: : Thôn Phước Điền - Xã Phước Đồng - Nha Trang - Khánh Hòa
A7: STT | B7: HỌ VÀ TÊN | D7: NGÀY SINH | E7: Giới tính | G7: Lớp | H7: Ngày tháng phát hiện | I7: TÌNH TRẠNG DINH DƯỠNG | N7: Huyết áp (mmHg) | O7: Nhịp tim (l/p) | P7: Thị lực | V7: KHÁM CHUYÊN KHOA | W7: PHÂN LOẠI SỨC KHỎE | Z7: Tình trạng dinh dưỡng | AM7: Khám chuyên khoa | AR7: Phân loại sức khỏe
E8: Nam | F8: Nữ | I8: Cân nặng (kg) | J8: Chiều cao (cm) | K8: Kết quả CCTT | L8: BMI | M8: Kết quả BMI | Q8: Mắt | R8: TMH | S8: RHM | T8: Khác | Z8: SDDTTC MĐN | AA8: SDDTTC | AB8: bt | AC8: CHT | AD8: SDDTGC MĐN | AE8: SDDTGC | AF8: bt | AG8: TC | AH8: BP | AI8: MẮT | AN8: TAI MŨI HỌNG | AO8: RHM | AQ8: KHÁC | AR8: I | AS8: II | AT8: III
C9: =COUNTA(C10:C45) -> 0 | D9: =COUNTA(D10:D45) -> 0 | I9: =COUNTA(I10:I45) -> 0 | J9: =COUNTA(J10:J45) -> 0 | K9: =COUNTA(K10:K45) -> 0 | L9: =COUNTA(L10:L45) -> 0 | M9: =COUNTA(M10:M45) -> 0 | N9: =COUNTA(N10:N45) -> 0 | O9: =COUNTA(O10:O45) -> 0 | P9: =COUNTA(P10:P45) -> 0 | Q9: =$C9-COUNTIF(Q10:Q45,"bt") -> -35 | R9: =$C9-COUNTIF(R10:R45,"bt") -> -27 | S9: =$C9-COUNTIF(S10:S45,"bt") -> -23 | T9: =$C9-COUNTIF(T10:T45,"bt") -> -36 | U9: =Q9&"; "&R9&"; "&S9&"; "&T9 -> -35; -27; -23; -36 | W9: =ROMAN(MAX(IF(OR(K9=$Z$8,M9=$AD$8,M9=$AH$8),3,IF(OR(K9=$AA$8,M9=$AE$8,M9=$AG$8),2,1)),IF(V9="bt",1,2)),0) -> II | AI9: Loạn thị | AJ9: Cận loạn thị | AK9: Cận thị | AL9: Tật khúc xạ | AM9: bt | AO9: bt
A10: 1 | Q10: bt | R10: bt | S10: Sâu răng | T10: bt | U10: bt; bt; Sâu răng; bt | Y10: Số lượng | Z10: =COUNTIF($K$10:$K$45,Z8) -> 0 | AA10: =COUNTIF($K$10:$K$45,AA8) -> 0 | AB10: =COUNTIF($K$10:$K$45,AB8) -> 0 | AC10: =COUNTIF($K$10:$K$45,AC8) -> 0 | AD10: =COUNTIF($M$10:$M$45,AD8) -> 0 | AE10: =COUNTIF($M$10:$M$45,AE8) -> 0 | AF10: =COUNTIF($M$10:$M$45,AF8) -> 0 | AG10: =COUNTIF($M$10:$M$45,AG8) -> 0 | AH10: =COUNTIF($M$10:$M$45,AH8) -> 0 | AI10: =COUNTIF(Q10:Q45,AI9) -> 0 | AJ10: =COUNTIF(Q10:Q45,AJ9) -> 0 | AK10: =COUNTIF(Q10:Q45,AK9) -> 0 | AL10: =COUNTIF(Q10:Q45,AL9) -> 0 | AM10: =COUNTIF(Q10:Q45,AM9) -> 35 | AN10: =R9 -> -27 | AO10: =COUNTIF(S10:S45,"bt") -> 23 | AP10: =S9 -> -23 | AQ10: =T9 -> -36 | AR10: =COUNTIF($W$10:$W$45,AR8) -> 0 | AS10: =COUNTIF($W$10:$W$45,AS8) -> 0 | AT10: =COUNTIF($W$10:$W$45,AT8) -> 0
A11: 2 | Q11: bt | R11: Viêm mũi họng | S11: Đa sâu răng | T11: bt | U11: bt; Viêm mũi họng; Đa sâu răng; bt | AC11: =SUM(Z10:AC10) -> 0 | AH11: =SUM(AD10:AH10) -> 0 | AJ11: Tổng: | AK11: =SUM(AI10:AM10) -> 35 | AT11: =SUM(AR10:AT10) -> 0
A12: 3 | Q12: 2 mắt giảm thị lực | R12: Viêm mũi họng | S12: Đa sâu răng | T12: bt | U12: 2 mắt giảm thị lực; Viêm mũi họng; Đa sâu răng; bt
A13: 4 | Q13: bt | R13: bt | S13: bt | T13: bt | U13: bt; bt; bt; bt
A14: 5 | Q14: bt | R14: bt | S14: Đa sâu răng | T14: bt | U14: bt; bt; Đa sâu răng; bt
A15: 6 | Q15: bt | R15: bt | S15: Đa sâu răng | T15: bt | U15: bt; bt; Đa sâu răng; bt
A16: 7 | Q16: bt | R16: bt | S16: bt | T16: bt | U16: bt; bt; bt; bt
A17: 8 | Q17: bt | R17: bt | S17: Sâu răng | T17: bt | U17: bt; bt; Sâu răng; bt
A18: 9 | Q18: bt | R18: bt | S18: bt | T18: bt | U18: bt; bt; bt; bt
A19: 10 | Q19: bt | R19: Viêm mũi họng | S19: bt | T19: bt | U19: bt; Viêm mũi họng; bt; bt
A20: 11 | Q20: bt | R20: bt | S20: bt | T20: bt | U20: bt; bt; bt; bt
A21: 12 | Q21: bt | R21: Viêm mũi họng | S21: bt | T21: bt | U21: bt; Viêm mũi họng; bt; bt
A22: 13 | Q22: bt | R22: bt | S22: bt | T22: bt | U22: bt; bt; bt; bt
A23: 14 | Q23: bt | R23: bt | S23: Đa sâu răng | T23: bt | U23: bt; bt; Đa sâu răng; bt
... A45: 35 | Q45: bt | R45: bt | S45: Đa sâu răng | T45: bt | U45: bt; bt; Đa sâu răng; bt
A46: 36
A47: 36
A48: 36
A49: 36
A50: 36
A51: 36
A52: 36
A53: 36
A54: 36
A55: 36
A56: 36
A57: 36
... A60: 36

Sheet 2,2
A1: BẢNG TỔNG HỢP KHÁM SỨC KHỎE HỌC SINH
A2: (Khám sức khỏe học sinh năm học 2024-2025 ngày 04 tháng 3 năm 2025)
A4: TÊN ĐƠN VỊ | C4: : TRƯỜNG TIỂU HỌC PHƯỚC ĐỒNG | N4: LỚP:
A5: ĐỊA CHỈ | C5: : Thôn Phước Điền - Xã Phước Đồng - Nha Trang - Khánh Hòa
A7: STT | B7: HỌ VÀ TÊN | D7: NGÀY SINH | E7: Giới tính | G7: Lớp | H7: Ngày tháng phát hiện | I7: TÌNH TRẠNG DINH DƯỠNG | N7: Huyết áp (mmHg) | O7: Nhịp tim (l/p) | P7: Thị lực | V7: KHÁM CHUYÊN KHOA | W7: PHÂN LOẠI SỨC KHỎE | Z7: Tình trạng dinh dưỡng | AM7: Khám chuyên khoa | AR7: Phân loại sức khỏe
E8: Nam | F8: Nữ | I8: Cân nặng (kg) | J8: Chiều cao (cm) | K8: Kết quả CCTT | L8: BMI | M8: Kết quả BMI | Q8: Mắt | R8: TMH | S8: RHM | T8: Khác | Z8: SDDTTC MĐN | AA8: SDDTTC | AB8: bt | AC8: CHT | AD8: SDDTGC MĐN | AE8: SDDTGC | AF8: bt | AG8: TC | AH8: BP | AI8: MẮT | AN8: TAI MŨI HỌNG | AO8: RHM | AQ8: KHÁC | AR8: I | AS8: II | AT8: III
C9: =COUNTA(C10:C45) -> 0 | D9: =COUNTA(D10:D45) -> 0 | I9: =COUNTA(I10:I45) -> 0 | J9: =COUNTA(J10:J45) -> 0 | K9: =COUNTA(K10:K45) -> 0 | L9: =COUNTA(L10:L45) -> 0 | M9: =COUNTA(M10:M45) -> 0 | N9: =COUNTA(N10:N45) -> 0 | O9: =COUNTA(O10:O45) -> 0 | P9: =COUNTA(P10:P45) -> 0 | Q9: =$C9-COUNTIF(Q10:Q45,"bt") -> -35 | R9: =$C9-COUNTIF(R10:R45,"bt") -> -27 | S9: =$C9-COUNTIF(S10:S45,"bt") -> -23 | T9: =$C9-COUNTIF(T10:T45,"bt") -> -36 | U9: =Q9&"; "&R9&"; "&S9&"; "&T9 -> -35; -27; -23; -36 | W9: =ROMAN(MAX(IF(OR(K9=$Z$8,M9=$AD$8,M9=$AH$8),3,IF(OR(K9=$AA$8,M9=$AE$8,M9=$AG$8),2,1)),IF(V9="bt",1,2)),0) -> II | AI9: Loạn thị | AJ9: Cận loạn thị | AK9: Cận thị | AL9: Tật khúc xạ | AM9: bt | AO9: bt
A10: 1 | Q10: bt | R10: bt | S10: Sâu răng | T10: bt | U10: bt; bt; Sâu răng; bt | Y10: Số lượng | Z10: =COUNTIF($K$10:$K$45,Z8) -> 0 | AA10: =COUNTIF($K$10:$K$45,AA8) -> 0 | AB10: =COUNTIF($K$10:$K$45,AB8) -> 0 | AC10: =COUNTIF($K$10:$K$45,AC8) -> 0 | AD10: =COUNTIF($M$10:$M$45,AD8) -> 0 | AE10: =COUNTIF($M$10:$M$45,AE8) -> 0 | AF10: =COUNTIF($M$10:$M$45,AF8) -> 0 | AG10: =COUNTIF($M$10:$M$45,AG8) -> 0 | AH10: =COUNTIF($M$10:$M$45,AH8) -> 0 | AI10: =COUNTIF(Q10:Q45,AI9) -> 0 | AJ10: =COUNTIF(Q10:Q45,AJ9) -> 0 | AK10: =COUNTIF(Q10:Q45,AK9) -> 0 | AL10: =COUNTIF(Q10:Q45,AL9) -> 0 | AM10: =COUNTIF(Q10:Q45,AM9) -> 35 | AN10: =R9 -> -27 | AO10: =COUNTIF(S10:S45,"bt") -> 23 | AP10: =S9 -> -23 | AQ10: =T9 -> -36 | AR10: =COUNTIF($W$10:$W$45,AR8) -> 0 | AS10: =COUNTIF($W$10:$W$45,AS8) -> 0 | AT10: =COUNTIF($W$10:$W$45,AT8) -> 0
A11: 2 | Q11: bt | R11: Viêm mũi họng | S11: Đa sâu răng | T11: bt | U11: bt; Viêm mũi họng; Đa sâu răng; bt | AC11: =SUM(Z10:AC10) -> 0 | AH11: =SUM(AD10:AH10) -> 0 | AJ11: Tổng: | AK11: =SUM(AI10:AM10) -> 35 | AT11: =SUM(AR10:AT10) -> 0
A12: 3 | Q12: 2 mắt giảm thị lực | R12: Viêm mũi họng | S12: Đa sâu răng | T12: bt | U12: 2 mắt giảm thị lực; Viêm mũi họng; Đa sâu răng; bt
A13: 4 | Q13: bt | R13: bt | S13: bt | T13: bt | U13: bt; bt; bt; bt
A14: 5 | Q14: bt | R14: bt | S14: Đa sâu răng | T14: bt | U14: bt; bt; Đa sâu răng; bt
A15: 6 | Q15: bt | R15: bt | S15: Đa sâu răng | T15: bt | U15: bt; bt; Đa sâu răng; bt
A16: 7 | Q16: bt | R16: bt | S16: bt | T16: bt | U16: bt; bt; bt; bt
A17: 8 | Q17: bt | R17: bt | S17: Sâu răng | T17: bt | U17: bt; bt; Sâu răng; bt
A18: 9 | Q18: bt | R18: bt | S18: bt | T18: bt | U18: bt; bt; bt; bt
A19: 10 | Q19: bt | R19: Viêm mũi họng | S19: bt | T19: bt | U19: bt; Viêm mũi họng; bt; bt
A20: 11 | Q20: bt | R20: bt | S20: bt | T20: bt | U20: bt; bt; bt; bt
A21: 12 | Q21: bt | R21: Viêm mũi họng | S21: bt | T21: bt | U21: bt; Viêm mũi họng; bt; bt
A22: 13 | Q22: bt | R22: bt | S22: bt | T22: bt | U22: bt; bt; bt; bt
A23: 14 | Q23: bt | R23: bt | S23: Đa sâu răng | T23: bt | U23: bt; bt; Đa sâu răng; bt
... A45: 35 | Q45: bt | R45: bt | S45: Đa sâu răng | T45: bt | U45: bt; bt; Đa sâu răng; bt
A46: 36
A47: 36
A48: 36
A49: 36
A50: 36
A51: 36
A52: 36
A53: 36
A54: 36
A55: 36
A56: 36
A57: 36
... A60: 36

Sheet 2,3
A1: BẢNG TỔNG HỢP KHÁM SỨC KHỎE HỌC SINH
A2: (Khám sức khỏe học sinh năm học 2024-2025 ngày 04 tháng 3 năm 2025)
A4: TÊN ĐƠN VỊ | C4: : TRƯỜNG TIỂU HỌC PHƯỚC ĐỒNG | N4: LỚP:
A5: ĐỊA CHỈ | C5: : Thôn Phước Điền - Xã Phước Đồng - Nha Trang - Khánh Hòa
A7: STT | B7: HỌ VÀ TÊN | D7: NGÀY SINH | E7: Giới tính | G7: Lớp | H7: Ngày tháng phát hiện | I7: TÌNH TRẠNG DINH DƯỠNG | N7: Huyết áp (mmHg) | O7: Nhịp tim (l/p) | P7: Thị lực | V7: KHÁM CHUYÊN KHOA | W7: PHÂN LOẠI SỨC KHỎE | Z7: Tình trạng dinh dưỡng | AM7: Khám chuyên khoa | AR7: Phân loại sức khỏe
E8: Nam | F8: Nữ | I8: Cân nặng (kg) | J8: Chiều cao (cm) | K8: Kết quả CCTT | L8: BMI | M8: Kết quả BMI | Q8: Mắt | R8: TMH | S8: RHM | T8: Khác | Z8: SDDTTC MĐN | AA8: SDDTTC | AB8: bt | AC8: CHT | AD8: SDDTGC MĐN | AE8: SDDTGC | AF8: bt | AG8: TC | AH8: BP | AI8: MẮT | AN8: TAI MŨI HỌNG | AO8: RHM | AQ8: KHÁC | AR8: I | AS8: II | AT8: III
C9: =COUNTA(C10:C45) -> 0 | D9: =COUNTA(D10:D45) -> 0 | I9: =COUNTA(I10:I45) -> 0 | J9: =COUNTA(J10:J45) -> 0 | K9: =COUNTA(K10:K45) -> 0 | L9: =COUNTA(L10:L45) -> 0 | M9: =COUNTA(M10:M45) -> 0 | N9: =COUNTA(N10:N45) -> 0 | O9: =COUNTA(O10:O45) -> 0 | P9: =COUNTA(P10:P45) -> 0 | Q9: =$C9-COUNTIF(Q10:Q45,"bt") -> -35 | R9: =$C9-COUNTIF(R10:R45,"bt") -> -27 | S9: =$C9-COUNTIF(S10:S45,"bt") -> -23 | T9: =$C9-COUNTIF(T10:T45,"bt") -> -36 | U9: =Q9&"; "&R9&"; "&S9&"; "&T9 -> -35; -27; -23; -36 | W9: =ROMAN(MAX(IF(OR(K9=$Z$8,M9=$AD$8,M9=$AH$8),3,IF(OR(K9=$AA$8,M9=$AE$8,M9=$AG$8),2,1)),IF(V9="bt",1,2)),0) -> II | AI9: Loạn thị | AJ9: Cận loạn thị | AK9: Cận thị | AL9: Tật khúc xạ | AM9: bt | AO9: bt
A10: 1 | Q10: bt | R10: bt | S10: Sâu răng | T10: bt | U10: bt; bt; Sâu răng; bt | Y10: Số lượng | Z10: =COUNTIF($K$10:$K$45,Z8) -> 0 | AA10: =COUNTIF($K$10:$K$45,AA8) -> 0 | AB10: =COUNTIF($K$10:$K$45,AB8) -> 0 | AC10: =COUNTIF($K$10:$K$45,AC8) -> 0 | AD10: =COUNTIF($M$10:$M$45,AD8) -> 0 | AE10: =COUNTIF($M$10:$M$45,AE8) -> 0 | AF10: =COUNTIF($M$10:$M$45,AF8) -> 0 | AG10: =COUNTIF($M$10:$M$45,AG8) -> 0 | AH10: =COUNTIF($M$10:$M$45,AH8) -> 0 | AI10: =COUNTIF(Q10:Q45,AI9) -> 0 | AJ10: =COUNTIF(Q10:Q45,AJ9) -> 0 | AK10: =COUNTIF(Q10:Q45,AK9) -> 0 | AL10: =COUNTIF(Q10:Q45,AL9) -> 0 | AM10: =COUNTIF(Q10:Q45,AM9) -> 35 | AN10: =R9 -> -27 | AO10: =COUNTIF(S10:S45,"bt") -> 23 | AP10: =S9 -> -23 | AQ10: =T9 -> -36 | AR10: =COUNTIF($W$10:$W$45,AR8) -> 0 | AS10: =COUNTIF($W$10:$W$45,AS8) -> 0 | AT10: =COUNTIF($W$10:$W$45,AT8) -> 0
A11: 2 | Q11: bt | R11: Viêm mũi họng | S11: Đa sâu răng | T11: bt | U11: bt; Viêm mũi họng; Đa sâu răng; bt | AC11: =SUM(Z10:AC10) -> 0 | AH11: =SUM(AD10:AH10) -> 0 | AJ11: Tổng: | AK11: =SUM(AI10:AM10) -> 35 | AT11: =SUM(AR10:AT10) -> 0
A12: 3 | Q12: 2 mắt giảm thị lực | R12: Viêm mũi họng | S12: Đa sâu răng | T12: bt | U12: 2 mắt giảm thị lực; Viêm mũi họng; Đa sâu răng; bt
A13: 4 | Q13: bt | R13: bt | S13: bt | T13: bt | U13: bt; bt; bt; bt
A14: 5 | Q14: bt | R14: bt | S14: Đa sâu răng | T14: bt | U14: bt; bt; Đa sâu răng; bt
A15: 6 | Q15: bt | R15: bt | S15: Đa sâu răng | T15: bt | U15: bt; bt; Đa sâu răng; bt
A16: 7 | Q16: bt | R16: bt | S16: bt | T16: bt | U16: bt; bt; bt; bt
A17: 8 | Q17: bt | R17: bt | S17: Sâu răng | T17: bt | U17: bt; bt; Sâu răng; bt
A18: 9 | Q18: bt | R18: bt | S18: bt | T18: bt | U18: bt; bt; bt; bt
A19: 10 | Q19: bt | R19: Viêm mũi họng | S19: bt | T19: bt | U19: bt; Viêm mũi họng; bt; bt
A20: 11 | Q20: bt | R20: bt | S20: bt | T20: bt | U20: bt; bt; bt; bt
A21: 12 | Q21: bt | R21: Viêm mũi họng | S21: bt | T21: bt | U21: bt; Viêm mũi họng; bt; bt
A22: 13 | Q22: bt | R22: bt | S22: bt | T22: bt | U22: bt; bt; bt; bt
A23: 14 | Q23: bt | R23: bt | S23: Đa sâu răng | T23: bt | U23: bt; bt; Đa sâu răng; bt
... A45: 35 | Q45: bt | R45: bt | S45: Đa sâu răng | T45: bt | U45: bt; bt; Đa sâu răng; bt
A46: 36
A47: 36
A48: 36
A49: 36
A50: 36
A51: 36
A52: 36
A53: 36
A54: 36
A55: 36
A56: 36
A57: 36
... A60: 36

Sheet 2,4
A1: BẢNG TỔNG HỢP KHÁM SỨC KHỎE HỌC SINH
A2: (Khám sức khỏe học sinh năm học 2024-2025 ngày 04 tháng 3 năm 2025)
A4: TÊN ĐƠN VỊ | C4: : TRƯỜNG TIỂU HỌC PHƯỚC ĐỒNG | N4: LỚP:
A5: ĐỊA CHỈ | C5: : Thôn Phước Điền - Xã Phước Đồng - Nha Trang - Khánh Hòa
A7: STT | B7: HỌ VÀ TÊN | D7: NGÀY SINH | E7: Giới tính | G7: Lớp | H7: Ngày tháng phát hiện | I7: TÌNH TRẠNG DINH DƯỠNG | N7: Huyết áp (mmHg) | O7: Nhịp tim (l/p) | P7: Thị lực | V7: KHÁM CHUYÊN KHOA | W7: PHÂN LOẠI SỨC KHỎE | Z7: Tình trạng dinh dưỡng | AM7: Khám chuyên khoa | AR7: Phân loại sức khỏe
E8: Nam | F8: Nữ | I8: Cân nặng (kg) | J8: Chiều cao (cm) | K8: Kết quả CCTT | L8: BMI | M8: Kết quả BMI | Q8: Mắt | R8: TMH | S8: RHM | T8: Khác | Z8: SDDTTC MĐN | AA8: SDDTTC | AB8: bt | AC8: CHT | AD8: SDDTGC MĐN | AE8: SDDTGC | AF8: bt | AG8: TC | AH8: BP | AI8: MẮT | AN8: TAI MŨI HỌNG | AO8: RHM | AQ8: KHÁC | AR8: I | AS8: II | AT8: III
C9: =COUNTA(C10:C45) -> 0 | D9: =COUNTA(D10:D45) -> 0 | I9: =COUNTA(I10:I45) -> 0 | J9: =COUNTA(J10:J45) -> 0 | K9: =COUNTA(K10:K45) -> 0 | L9: =COUNTA(L10:L45) -> 0 | M9: =COUNTA(M10:M45) -> 0 | N9: =COUNTA(N10:N45) -> 0 | O9: =COUNTA(O10:O45) -> 0 | P9: =COUNTA(P10:P45) -> 0 | Q9: =$C9-COUNTIF(Q10:Q45,"bt") -> -35 | R9: =$C9-COUNTIF(R10:R45,"bt") -> -27 | S9: =$C9-COUNTIF(S10:S45,"bt") -> -23 | T9: =$C9-COUNTIF(T10:T45,"bt") -> -36 | U9: =Q9&"; "&R9&"; "&S9&"; "&T9 -> -35; -27; -23; -36 | W9: =ROMAN(MAX(IF(OR(K9=$Z$8,M9=$AD$8,M9=$AH$8),3,IF(OR(K9=$AA$8,M9=$AE$8,M9=$AG$8),2,1)),IF(V9="bt",1,2)),0) -> II | AI9: Loạn thị | AJ9: Cận loạn thị | AK9: Cận thị | AL9: Tật khúc xạ | AM9: bt | AO9: bt
A10: 1 | Q10: bt | R10: bt | S10: Sâu răng | T10: bt | U10: bt; bt; Sâu răng; bt | Y10: Số lượng | Z10: =COUNTIF($K$10:$K$45,Z8) -> 0 | AA10: =COUNTIF($K$10:$K$45,AA8) -> 0 | AB10: =COUNTIF($K$10:$K$45,AB8) -> 0 | AC10: =COUNTIF($K$10:$K$45,AC8) -> 0 | AD10: =COUNTIF($M$10:$M$45,AD8) -> 0 | AE10: =COUNTIF($M$10:$M$45,AE8) -> 0 | AF10: =COUNTIF($M$10:$M$45,AF8) -> 0 | AG10: =COUNTIF($M$10:$M$45,AG8) -> 0 | AH10: =COUNTIF($M$10:$M$45,AH8) -> 0 | AI10: =COUNTIF(Q10:Q45,AI9) -> 0 | AJ10: =COUNTIF(Q10:Q45,AJ9) -> 0 | AK10: =COUNTIF(Q10:Q45,AK9) -> 0 | AL10: =COUNTIF(Q10:Q45,AL9) -> 0 | AM10: =COUNTIF(Q10:Q45,AM9) -> 35 | AN10: =R9 -> -27 | AO10: =COUNTIF(S10:S45,"bt") -> 23 | AP10: =S9 -> -23 | AQ10: =T9 -> -36 | AR10: =COUNTIF($W$10:$W$45,AR8) -> 0 | AS10: =COUNTIF($W$10:$W$45,AS8) -> 0 | AT10: =COUNTIF($W$10:$W$45,AT8) -> 0
A11: 2 | Q11: bt | R11: Viêm mũi họng | S11: Đa sâu răng | T11: bt | U11: bt; Viêm mũi họng; Đa sâu răng; bt | AC11: =SUM(Z10:AC10) -> 0 | AH11: =SUM(AD10:AH10) -> 0 | AJ11: Tổng: | AK11: =SUM(AI10:AM10) -> 35 | AT11: =SUM(AR10:AT10) -> 0
A12: 3 | Q12: 2 mắt giảm thị lực | R12: Viêm mũi họng | S12: Đa sâu răng | T12: bt | U12: 2 mắt giảm thị lực; Viêm mũi họng; Đa sâu răng; bt
A13: 4 | Q13: bt | R13: bt | S13: bt | T13: bt | U13: bt; bt; bt; bt
A14: 5 | Q14: bt | R14: bt | S14: Đa sâu răng | T14: bt | U14: bt; bt; Đa sâu răng; bt
A15: 6 | Q15: bt | R15: bt | S15: Đa sâu răng | T15: bt | U15: bt; bt; Đa sâu răng; bt
A16: 7 | Q16: bt | R16: bt | S16: bt | T16: bt | U16: bt; bt; bt; bt
A17: 8 | Q17: bt | R17: bt | S17: Sâu răng | T17: bt | U17: bt; bt; Sâu răng; bt
A18: 9 | Q18: bt | R18: bt | S18: bt | T18: bt | U18: bt; bt; bt; bt
A19: 10 | Q19: bt | R19: Viêm mũi họng | S19: bt | T19: bt | U19: bt; Viêm mũi họng; bt; bt
A20: 11 | Q20: bt | R20: bt | S20: bt | T20: bt | U20: bt; bt; bt; bt
A21: 12 | Q21: bt | R21: Viêm mũi họng | S21: bt | T21: bt | U21: bt; Viêm mũi họng; bt; bt
A22: 13 | Q22: bt | R22: bt | S22: bt | T22: bt | U22: bt; bt; bt; bt
A23: 14 | Q23: bt | R23: bt | S23: Đa sâu răng | T23: bt | U23: bt; bt; Đa sâu răng; bt
... A45: 35 | Q45: bt | R45: bt | S45: Đa sâu răng | T45: bt | U45: bt; bt; Đa sâu răng; bt
A46: 36
A47: 36
A48: 36
A49: 36
A50: 36
A51: 36
A52: 36
A53: 36
A54: 36
A55: 36
A56: 36
A57: 36
... A60: 36

Sheet 2,5
A1: BẢNG TỔNG HỢP KHÁM SỨC KHỎE HỌC SINH
A2: (Khám sức khỏe học sinh năm học 2024-2025 ngày 04 tháng 3 năm 2025)
A4: TÊN ĐƠN VỊ | C4: : TRƯỜNG TIỂU HỌC PHƯỚC ĐỒNG | N4: LỚP:
A5: ĐỊA CHỈ | C5: : Thôn Phước Điền - Xã Phước Đồng - Nha Trang - Khánh Hòa
A7: STT | B7: HỌ VÀ TÊN | D7: NGÀY SINH | E7: Giới tính | G7: Lớp | H7: Ngày tháng phát hiện | I7: TÌNH TRẠNG DINH DƯỠNG | N7: Huyết áp (mmHg) | O7: Nhịp tim (l/p) | P7: Thị lực | V7: KHÁM CHUYÊN KHOA | W7: PHÂN LOẠI SỨC KHỎE | Z7: Tình trạng dinh dưỡng | AM7: Khám chuyên khoa | AR7: Phân loại sức khỏe
E8: Nam | F8: Nữ | I8: Cân nặng (kg) | J8: Chiều cao (cm) | K8: Kết quả CCTT | L8: BMI | M8: Kết quả BMI | Q8: Mắt | R8: TMH | S8: RHM | T8: Khác | Z8: SDDTTC MĐN | AA8: SDDTTC | AB8: bt | AC8: CHT | AD8: SDDTGC MĐN | AE8: SDDTGC | AF8: bt | AG8: TC | AH8: BP | AI8: MẮT | AN8: TAI MŨI HỌNG | AO8: RHM | AQ8: KHÁC | AR8: I | AS8: II | AT8: III
C9: =COUNTA(C10:C45) -> 0 | D9: =COUNTA(D10:D45) -> 0 | I9: =COUNTA(I10:I45) -> 0 | J9: =COUNTA(J10:J45) -> 0 | K9: =COUNTA(K10:K45) -> 0 | L9: =COUNTA(L10:L45) -> 0 | M9: =COUNTA(M10:M45) -> 0 | N9: =COUNTA(N10:N45) -> 0 | O9: =COUNTA(O10:O45) -> 0 | P9: =COUNTA(P10:P45) -> 0 | Q9: =$C9-COUNTIF(Q10:Q45,"bt") -> -35 | R9: =$C9-COUNTIF(R10:R45,"bt") -> -27 | S9: =$C9-COUNTIF(S10:S45,"bt") -> -23 | T9: =$C9-COUNTIF(T10:T45,"bt") -> -36 | U9: =Q9&"; "&R9&"; "&S9&"; "&T9 -> -35; -27; -23; -36 | W9: =ROMAN(MAX(IF(OR(K9=$Z$8,M9=$AD$8,M9=$AH$8),3,IF(OR(K9=$AA$8,M9=$AE$8,M9=$AG$8),2,1)),IF(V9="bt",1,2)),0) -> II | AI9: Loạn thị | AJ9: Cận loạn thị | AK9: Cận thị | AL9: Tật khúc xạ | AM9: bt | AO9: bt
A10: 1 | Q10: bt | R10: bt | S10: Sâu răng | T10: bt | U10: bt; bt; Sâu răng; bt | Y10: Số lượng | Z10: =COUNTIF($K$10:$K$45,Z8) -> 0 | AA10: =COUNTIF($K$10:$K$45,AA8) -> 0 | AB10: =COUNTIF($K$10:$K$45,AB8) -> 0 | AC10: =COUNTIF($K$10:$K$45,AC8) -> 0 | AD10: =COUNTIF($M$10:$M$45,AD8) -> 0 | AE10: =COUNTIF($M$10:$M$45,AE8) -> 0 | AF10: =COUNTIF($M$10:$M$45,AF8) -> 0 | AG10: =COUNTIF($M$10:$M$45,AG8) -> 0 | AH10: =COUNTIF($M$10:$M$45,AH8) -> 0 | AI10: =COUNTIF(Q10:Q45,AI9) -> 0 | AJ10: =COUNTIF(Q10:Q45,AJ9) -> 0 | AK10: =COUNTIF(Q10:Q45,AK9) -> 0 | AL10: =COUNTIF(Q10:Q45,AL9) -> 0 | AM10: =COUNTIF(Q10:Q45,AM9) -> 35 | AN10: =R9 -> -27 | AO10: =COUNTIF(S10:S45,"bt") -> 23 | AP10: =S9 -> -23 | AQ10: =T9 -> -36 | AR10: =COUNTIF($W$10:$W$45,AR8) -> 0 | AS10: =COUNTIF($W$10:$W$45,AS8) -> 0 | AT10: =COUNTIF($W$10:$W$45,AT8) -> 0
A11: 2 | Q11: bt | R11: Viêm mũi họng | S11: Đa sâu răng | T11: bt | U11: bt; Viêm mũi họng; Đa sâu răng; bt | AC11: =SUM(Z10:AC10) -> 0 | AH11: =SUM(AD10:AH10) -> 0 | AJ11: Tổng: | AK11: =SUM(AI10:AM10) -> 35 | AT11: =SUM(AR10:AT10) -> 0
A12: 3 | Q12: 2 mắt giảm thị lực | R12: Viêm mũi họng | S12: Đa sâu răng | T12: bt | U12: 2 mắt giảm thị lực; Viêm mũi họng; Đa sâu răng; bt
A13: 4 | Q13: bt | R13: bt | S13: bt | T13: bt | U13: bt; bt; bt; bt
A14: 5 | Q14: bt | R14: bt | S14: Đa sâu răng | T14: bt | U14: bt; bt; Đa sâu răng; bt
A15: 6 | Q15: bt | R15: bt | S15: Đa sâu răng | T15: bt | U15: bt; bt; Đa sâu răng; bt
A16: 7 | Q16: bt | R16: bt | S16: bt | T16: bt | U16: bt; bt; bt; bt
A17: 8 | Q17: bt | R17: bt | S17: Sâu răng | T17: bt | U17: bt; bt; Sâu răng; bt
A18: 9 | Q18: bt | R18: bt | S18: bt | T18: bt | U18: bt; bt; bt; bt
A19: 10 | Q19: bt | R19: Viêm mũi họng | S19: bt | T19: bt | U19: bt; Viêm mũi họng; bt; bt
A20: 11 | Q20: bt | R20: bt | S20: bt | T20: bt | U20: bt; bt; bt; bt
A21: 12 | Q21: bt | R21: Viêm mũi họng | S21: bt | T21: bt | U21: bt; Viêm mũi họng; bt; bt
A22: 13 | Q22: bt | R22: bt | S22: bt | T22: bt | U22: bt; bt; bt; bt
A23: 14 | Q23: bt | R23: bt | S23: Đa sâu răng | T23: bt | U23: bt; bt; Đa sâu răng; bt
... A45: 35 | Q45: bt | R45: bt | S45: Đa sâu răng | T45: bt | U45: bt; bt; Đa sâu răng; bt
A46: 36
A47: 36
A48: 36
A49: 36
A50: 36
A51: 36
A52: 36
A53: 36
A54: 36
A55: 36
A56: 36
A57: 36
... A60: 36

Sheet 2,6
A1: BẢNG TỔNG HỢP KHÁM SỨC KHỎE HỌC SINH
A2: (Khám sức khỏe học sinh năm học 2024-2025 ngày 04 tháng 3 năm 2025)
A4: TÊN ĐƠN VỊ | C4: : TRƯỜNG TIỂU HỌC PHƯỚC ĐỒNG | N4: LỚP:
A5: ĐỊA CHỈ | C5: : Thôn Phước Điền - Xã Phước Đồng - Nha Trang - Khánh Hòa
A7: STT | B7: HỌ VÀ TÊN | D7: NGÀY SINH | E7: Giới tính | G7: Lớp | H7: Ngày tháng phát hiện | I7: TÌNH TRẠNG DINH DƯỠNG | N7: Huyết áp (mmHg) | O7: Nhịp tim (l/p) | P7: Thị lực | V7: KHÁM CHUYÊN KHOA | W7: PHÂN LOẠI SỨC KHỎE | Z7: Tình trạng dinh dưỡng | AM7: Khám chuyên khoa | AR7: Phân loại sức khỏe
E8: Nam | F8: Nữ | I8: Cân nặng (kg) | J8: Chiều cao (cm) | K8: Kết quả CCTT | L8: BMI | M8: Kết quả BMI | Q8: Mắt | R8: TMH | S8: RHM | T8: Khác | Z8: SDDTTC MĐN | AA8: SDDTTC | AB8: bt | AC8: CHT | AD8: SDDTGC MĐN | AE8: SDDTGC | AF8: bt | AG8: TC | AH8: BP | AI8: MẮT | AN8: TAI MŨI HỌNG | AO8: RHM | AQ8: KHÁC | AR8: I | AS8: II | AT8: III
C9: =COUNTA(C10:C45) -> 0 | D9: =COUNTA(D10:D45) -> 0 | I9: =COUNTA(I10:I45) -> 0 | J9: =COUNTA(J10:J45) -> 0 | K9: =COUNTA(K10:K45) -> 0 | L9: =COUNTA(L10:L45) -> 0 | M9: =COUNTA(M10:M45) -> 0 | N9: =COUNTA(N10:N45) -> 0 | O9: =COUNTA(O10:O45) -> 0 | P9: =COUNTA(P10:P45) -> 0 | Q9: =$C9-COUNTIF(Q10:Q45,"bt") -> -35 | R9: =$C9-COUNTIF(R10:R45,"bt") -> -27 | S9: =$C9-COUNTIF(S10:S45,"bt") -> -23 | T9: =$C9-COUNTIF(T10:T45,"bt") -> -36 | U9: =Q9&"; "&R9&"; "&S9&"; "&T9 -> -35; -27; -23; -36 | W9: =ROMAN(MAX(IF(OR(K9=$Z$8,M9=$AD$8,M9=$AH$8),3,IF(OR(K9=$AA$8,M9=$AE$8,M9=$AG$8),2,1)),IF(V9="bt",1,2)),0) -> II | AI9: Loạn thị | AJ9: Cận loạn thị | AK9: Cận thị | AL9: Tật khúc xạ | AM9: bt | AO9: bt
A10: 1 | Q10: bt | R10: bt | S10: Sâu răng | T10: bt | U10: bt; bt; Sâu răng; bt | Y10: Số lượng | Z10: =COUNTIF($K$10:$K$45,Z8) -> 0 | AA10: =COUNTIF($K$10:$K$45,AA8) -> 0 | AB10: =COUNTIF($K$10:$K$45,AB8) -> 0 | AC10: =COUNTIF($K$10:$K$45,AC8) -> 0 | AD10: =COUNTIF($M$10:$M$45,AD8) -> 0 | AE10: =COUNTIF($M$10:$M$45,AE8) -> 0 | AF10: =COUNTIF($M$10:$M$45,AF8) -> 0 | AG10: =COUNTIF($M$10:$M$45,AG8) -> 0 | AH10: =COUNTIF($M$10:$M$45,AH8) -> 0 | AI10: =COUNTIF(Q10:Q45,AI9) -> 0 | AJ10: =COUNTIF(Q10:Q45,AJ9) -> 0 | AK10: =COUNTIF(Q10:Q45,AK9) -> 0 | AL10: =COUNTIF(Q10:Q45,AL9) -> 0 | AM10: =COUNTIF(Q10:Q45,AM9) -> 35 | AN10: =R9 -> -27 | AO10: =COUNTIF(S10:S45,"bt") -> 23 | AP10: =S9 -> -23 | AQ10: =T9 -> -36 | AR10: =COUNTIF($W$10:$W$45,AR8) -> 0 | AS10: =COUNTIF($W$10:$W$45,AS8) -> 0 | AT10: =COUNTIF($W$10:$W$45,AT8) -> 0
A11: 2 | Q11: bt | R11: Viêm mũi họng | S11: Đa sâu răng | T11: bt | U11: bt; Viêm mũi họng; Đa sâu răng; bt | AC11: =SUM(Z10:AC10) -> 0 | AH11: =SUM(AD10:AH10) -> 0 | AJ11: Tổng: | AK11: =SUM(AI10:AM10) -> 35 | AT11: =SUM(AR10:AT10) -> 0
A12: 3 | Q12: 2 mắt giảm thị lực | R12: Viêm mũi họng | S12: Đa sâu răng | T12: bt | U12: 2 mắt giảm thị lực; Viêm mũi họng; Đa sâu răng; bt
A13: 4 | Q13: bt | R13: bt | S13: bt | T13: bt | U13: bt; bt; bt; bt
A14: 5 | Q14: bt | R14: bt | S14: Đa sâu răng | T14: bt | U14: bt; bt; Đa sâu răng; bt
A15: 6 | Q15: bt | R15: bt | S15: Đa sâu răng | T15: bt | U15: bt; bt; Đa sâu răng; bt
A16: 7 | Q16: bt | R16: bt | S16: bt | T16: bt | U16: bt; bt; bt; bt
A17: 8 | Q17: bt | R17: bt | S17: Sâu răng | T17: bt | U17: bt; bt; Sâu răng; bt
A18: 9 | Q18: bt | R18: bt | S18: bt | T18: bt | U18: bt; bt; bt; bt
A19: 10 | Q19: bt | R19: Viêm mũi họng | S19: bt | T19: bt | U19: bt; Viêm mũi họng; bt; bt
A20: 11 | Q20: bt | R20: bt | S20: bt | T20: bt | U20: bt; bt; bt; bt
A21: 12 | Q21: bt | R21: Viêm mũi họng | S21: bt | T21: bt | U21: bt; Viêm mũi họng; bt; bt
A22: 13 | Q22: bt | R22: bt | S22: bt | T22: bt | U22: bt; bt; bt; bt
A23: 14 | Q23: bt | R23: bt | S23: Đa sâu răng | T23: bt | U23: bt; bt; Đa sâu răng; bt
... A45: 35 | Q45: bt | R45: bt | S45: Đa sâu răng | T45: bt | U45: bt; bt; Đa sâu răng; bt
A46: 36
A47: 36
A48: 36
A49: 36
A50: 36
A51: 36
A52: 36
A53: 36
A54: 36
A55: 36
A56: 36
A57: 36
... A60: 36

Sheet 2,7
A1: BẢNG TỔNG HỢP KHÁM SỨC KHỎE HỌC SINH
A2: (Khám sức khỏe học sinh năm học 2024-2025 ngày 04 tháng 3 năm 2025)
A4: TÊN ĐƠN VỊ | C4: : TRƯỜNG TIỂU HỌC PHƯỚC ĐỒNG | N4: LỚP:
A5: ĐỊA CHỈ | C5: : Thôn Phước Điền - Xã Phước Đồng - Nha Trang - Khánh Hòa
A7: STT | B7: HỌ VÀ TÊN | D7: NGÀY SINH | E7: Giới tính | G7: Lớp | H7: Ngày tháng phát hiện | I7: TÌNH TRẠNG DINH DƯỠNG | N7: Huyết áp (mmHg) | O7: Nhịp tim (l/p) | P7: Thị lực | V7: KHÁM CHUYÊN KHOA | W7: PHÂN LOẠI SỨC KHỎE | Z7: Tình trạng dinh dưỡng | AM7: Khám chuyên khoa | AR7: Phân loại sức khỏe
E8: Nam | F8: Nữ | I8: Cân nặng (kg) | J8: Chiều cao (cm) | K8: Kết quả CCTT | L8: BMI | M8: Kết quả BMI | Q8: Mắt | R8: TMH | S8: RHM | T8: Khác | Z8: SDDTTC MĐN | AA8: SDDTTC | AB8: bt | AC8: CHT | AD8: SDDTGC MĐN | AE8: SDDTGC | AF8: bt | AG8: TC | AH8: BP | AI8: MẮT | AN8: TAI MŨI HỌNG | AO8: RHM | AQ8: KHÁC | AR8: I | AS8: II | AT8: III
C9: =COUNTA(C10:C45) -> 0 | D9: =COUNTA(D10:D45) -> 0 | I9: =COUNTA(I10:I45) -> 0 | J9: =COUNTA(J10:J45) -> 0 | K9: =COUNTA(K10:K45) -> 0 | L9: =COUNTA(L10:L45) -> 0 | M9: =COUNTA(M10:M45) -> 0 | N9: =COUNTA(N10:N45) -> 0 | O9: =COUNTA(O10:O45) -> 0 | P9: =COUNTA(P10:P45) -> 0 | Q9: =$C9-COUNTIF(Q10:Q45,"bt") -> -35 | R9: =$C9-COUNTIF(R10:R45,"bt") -> -27 | S9: =$C9-COUNTIF(S10:S45,"bt") -> -23 | T9: =$C9-COUNTIF(T10:T45,"bt") -> -36 | U9: =Q9&"; "&R9&"; "&S9&"; "&T9 -> -35; -27; -23; -36 | W9: =ROMAN(MAX(IF(OR(K9=$Z$8,M9=$AD$8,M9=$AH$8),3,IF(OR(K9=$AA$8,M9=$AE$8,M9=$AG$8),2,1)),IF(V9="bt",1,2)),0) -> II | AI9: Loạn thị | AJ9: Cận loạn thị | AK9: Cận thị | AL9: Tật khúc xạ | AM9: bt | AO9: bt
A10: 1 | Q10: bt | R10: bt | S10: Sâu răng | T10: bt | U10: bt; bt; Sâu răng; bt | Y10: Số lượng | Z10: =COUNTIF($K$10:$K$45,Z8) -> 0 | AA10: =COUNTIF($K$10:$K$45,AA8) -> 0 | AB10: =COUNTIF($K$10:$K$45,AB8) -> 0 | AC10: =COUNTIF($K$10:$K$45,AC8) -> 0 | AD10: =COUNTIF($M$10:$M$45,AD8) -> 0 | AE10: =COUNTIF($M$10:$M$45,AE8) -> 0 | AF10: =COUNTIF($M$10:$M$45,AF8) -> 0 | AG10: =COUNTIF($M$10:$M$45,AG8) -> 0 | AH10: =COUNTIF($M$10:$M$45,AH8) -> 0 | AI10: =COUNTIF(Q10:Q45,AI9) -> 0 | AJ10: =COUNTIF(Q10:Q45,AJ9) -> 0 | AK10: =COUNTIF(Q10:Q45,AK9) -> 0 | AL10: =COUNTIF(Q10:Q45,AL9) -> 0 | AM10: =COUNTIF(Q10:Q45,AM9) -> 35 | AN10: =R9 -> -27 | AO10: =COUNTIF(S10:S45,"bt") -> 23 | AP10: =S9 -> -23 | AQ10: =T9 -> -36 | AR10: =COUNTIF($W$10:$W$45,AR8) -> 0 | AS10: =COUNTIF($W$10:$W$45,AS8) -> 0 | AT10: =COUNTIF($W$10:$W$45,AT8) -> 0
A11: 2 | Q11: bt | R11: Viêm mũi họng | S11: Đa sâu răng | T11: bt | U11: bt; Viêm mũi họng; Đa sâu răng; bt | AC11: =SUM(Z10:AC10) -> 0 | AH11: =SUM(AD10:AH10) -> 0 | AJ11: Tổng: | AK11: =SUM(AI10:AM10) -> 35 | AT11: =SUM(AR10:AT10) -> 0
A12: 3 | Q12: 2 mắt giảm thị lực | R12: Viêm mũi họng | S12: Đa sâu răng | T12: bt | U12: 2 mắt giảm thị lực; Viêm mũi họng; Đa sâu răng; bt
A13: 4 | Q13: bt | R13: bt | S13: bt | T13: bt | U13: bt; bt; bt; bt
A14: 5 | Q14: bt | R14: bt | S14: Đa sâu răng | T14: bt | U14: bt; bt; Đa sâu răng; bt
A15: 6 | Q15: bt | R15: bt | S15: Đa sâu răng | T15: bt | U15: bt; bt; Đa sâu răng; bt
A16: 7 | Q16: bt | R16: bt | S16: bt | T16: bt | U16: bt; bt; bt; bt
A17: 8 | Q17: bt | R17: bt | S17: Sâu răng | T17: bt | U17: bt; bt; Sâu răng; bt
A18: 9 | Q18: bt | R18: bt | S18: bt | T18: bt | U18: bt; bt; bt; bt
A19: 10 | Q19: bt | R19: Viêm mũi họng | S19: bt | T19: bt | U19: bt; Viêm mũi họng; bt; bt
A20: 11 | Q20: bt | R20: bt | S20: bt | T20: bt | U20: bt; bt; bt; bt
A21: 12 | Q21: bt | R21: Viêm mũi họng | S21: bt | T21: bt | U21: bt; Viêm mũi họng; bt; bt
A22: 13 | Q22: bt | R22: bt | S22: bt | T22: bt | U22: bt; bt; bt; bt
A23: 14 | Q23: bt | R23: bt | S23: Đa sâu răng | T23: bt | U23: bt; bt; Đa sâu răng; bt
... A45: 35 | Q45: bt | R45: bt | S45: Đa sâu răng | T45: bt | U45: bt; bt; Đa sâu răng; bt
A46: 36
A47: 36
A48: 36
A49: 36
A50: 36
A51: 36
A52: 36
A53: 36
A54: 36
A55: 36
A56: 36
A57: 36
... A60: 36

Sheet 2,8
A1: BẢNG TỔNG HỢP KHÁM SỨC KHỎE HỌC SINH
A2: (Khám sức khỏe học sinh năm học 2024-2025 ngày 04 tháng 3 năm 2025)
A4: TÊN ĐƠN VỊ | C4: : TRƯỜNG TIỂU HỌC PHƯỚC ĐỒNG | N4: LỚP:
A5: ĐỊA CHỈ | C5: : Thôn Phước Điền - Xã Phước Đồng - Nha Trang - Khánh Hòa
A7: STT | B7: HỌ VÀ TÊN | D7: NGÀY SINH | E7: Giới tính | G7: Lớp | H7: Ngày tháng phát hiện | I7: TÌNH TRẠNG DINH DƯỠNG | N7: Huyết áp (mmHg) | O7: Nhịp tim (l/p) | P7: Thị lực | V7: KHÁM CHUYÊN KHOA | W7: PHÂN LOẠI SỨC KHỎE | Z7: Tình trạng dinh dưỡng | AM7: Khám chuyên khoa | AR7: Phân loại sức khỏe
E8: Nam | F8: Nữ | I8: Cân nặng (kg) | J8: Chiều cao (cm) | K8: Kết quả CCTT | L8: BMI | M8: Kết quả BMI | Q8: Mắt | R8: TMH | S8: RHM | T8: Khác | Z8: SDDTTC MĐN | AA8: SDDTTC | AB8: bt | AC8: CHT | AD8: SDDTGC MĐN | AE8: SDDTGC | AF8: bt | AG8: TC | AH8: BP | AI8: MẮT | AN8: TAI MŨI HỌNG | AO8: RHM | AQ8: KHÁC | AR8: I | AS8: II | AT8: III
C9: =COUNTA(C10:C45) -> 0 | D9: =COUNTA(D10:D45) -> 0 | I9: =COUNTA(I10:I45) -> 0 | J9: =COUNTA(J10:J45) -> 0 | K9: =COUNTA(K10:K45) -> 0 | L9: =COUNTA(L10:L45) -> 0 | M9: =COUNTA(M10:M45) -> 0 | N9: =COUNTA(N10:N45) -> 0 | O9: =COUNTA(O10:O45) -> 0 | P9: =COUNTA(P10:P45) -> 0 | Q9: =$C9-COUNTIF(Q10:Q45,"bt") -> -35 | R9: =$C9-COUNTIF(R10:R45,"bt") -> -27 | S9: =$C9-COUNTIF(S10:S45,"bt") -> -23 | T9: =$C9-COUNTIF(T10:T45,"bt") -> -36 | U9: =Q9&"; "&R9&"; "&S9&"; "&T9 -> -35; -27; -23; -36 | W9: =ROMAN(MAX(IF(OR(K9=$Z$8,M9=$AD$8,M9=$AH$8),3,IF(OR(K9=$AA$8,M9=$AE$8,M9=$AG$8),2,1)),IF(V9="bt",1,2)),0) -> II | AI9: Loạn thị | AJ9: Cận loạn thị | AK9: Cận thị | AL9: Tật khúc xạ | AM9: bt | AO9: bt
A10: 1 | Q10: bt | R10: bt | S10: Sâu răng | T10: bt | U10: bt; bt; Sâu răng; bt | Y10: Số lượng | Z10: =COUNTIF($K$10:$K$45,Z8) -> 0 | AA10: =COUNTIF($K$10:$K$45,AA8) -> 0 | AB10: =COUNTIF($K$10:$K$45,AB8) -> 0 | AC10: =COUNTIF($K$10:$K$45,AC8) -> 0 | AD10: =COUNTIF($M$10:$M$45,AD8) -> 0 | AE10: =COUNTIF($M$10:$M$45,AE8) -> 0 | AF10: =COUNTIF($M$10:$M$45,AF8) -> 0 | AG10: =COUNTIF($M$10:$M$45,AG8) -> 0 | AH10: =COUNTIF($M$10:$M$45,AH8) -> 0 | AI10: =COUNTIF(Q10:Q45,AI9) -> 0 | AJ10: =COUNTIF(Q10:Q45,AJ9) -> 0 | AK10: =COUNTIF(Q10:Q45,AK9) -> 0 | AL10: =COUNTIF(Q10:Q45,AL9) -> 0 | AM10: =COUNTIF(Q10:Q45,AM9) -> 35 | AN10: =R9 -> -27 | AO10: =COUNTIF(S10:S45,"bt") -> 23 | AP10: =S9 -> -23 | AQ10: =T9 -> -36 | AR10: =COUNTIF($W$10:$W$45,AR8) -> 0 | AS10: =COUNTIF($W$10:$W$45,AS8) -> 0 | AT10: =COUNTIF($W$10:$W$45,AT8) -> 0
A11: 2 | Q11: bt | R11: Viêm mũi họng | S11: Đa sâu răng | T11: bt | U11: bt; Viêm mũi họng; Đa sâu răng; bt | AC11: =SUM(Z10:AC10) -> 0 | AH11: =SUM(AD10:AH10) -> 0 | AJ11: Tổng: | AK11: =SUM(AI10:AM10) -> 35 | AT11: =SUM(AR10:AT10) -> 0
A12: 3 | Q12: 2 mắt giảm thị lực | R12: Viêm mũi họng | S12: Đa sâu răng | T12: bt | U12: 2 mắt giảm thị lực; Viêm mũi họng; Đa sâu răng; bt
A13: 4 | Q13: bt | R13: bt | S13: bt | T13: bt | U13: bt; bt; bt; bt
A14: 5 | Q14: bt | R14: bt | S14: Đa sâu răng | T14: bt | U14: bt; bt; Đa sâu răng; bt
A15: 6 | Q15: bt | R15: bt | S15: Đa sâu răng | T15: bt | U15: bt; bt; Đa sâu răng; bt
A16: 7 | Q16: bt | R16: bt | S16: bt | T16: bt | U16: bt; bt; bt; bt
A17: 8 | Q17: bt | R17: bt | S17: Sâu răng | T17: bt | U17: bt; bt; Sâu răng; bt
A18: 9 | Q18: bt | R18: bt | S18: bt | T18: bt | U18: bt; bt; bt; bt
A19: 10 | Q19: bt | R19: Viêm mũi họng | S19: bt | T19: bt | U19: bt; Viêm mũi họng; bt; bt
A20: 11 | Q20: bt | R20: bt | S20: bt | T20: bt | U20: bt; bt; bt; bt
A21: 12 | Q21: bt | R21: Viêm mũi họng | S21: bt | T21: bt | U21: bt; Viêm mũi họng; bt; bt
A22: 13 | Q22: bt | R22: bt | S22: bt | T22: bt | U22: bt; bt; bt; bt
A23: 14 | Q23: bt | R23: bt | S23: Đa sâu răng | T23: bt | U23: bt; bt; Đa sâu răng; bt
